Tiime[s],Speed[kmph]
0,0.0
1,2.83
2,4.47
3,6.49
4,7.43
5,9.6
6,11.5
7,13.01
8,15.63
9,18.25
10,19.9
11,21.67
12,22.99
13,26.59
14,25.76
15,26.57
16,26.45
17,26.51
18,26.51
19,25.24
20,24.49
21,23.22
22,22.69
23,22.33
24,21.6
25,21.13
26,20.66
27,15.91
28,13.38
29,10.19
30,7.89
31,3.62
32,0.72
33,0.0
34,0.0
35,0.0
36,0.0
37,0.0
38,0.0
39,0.0
40,0.0
41,0.0
42,0.0
43,0.0
44,0.0
45,0.0
46,0.0
47,0.0
48,0.0
49,0.0
50,0.0
51,0.0
52,0.0
53,0.0
54,0.0
55,0.0
56,0.0
57,0.0
58,0.0
59,0.0
60,0.0
61,0.0
62,0.0
63,0.0
64,0.0
65,0.0
66,0.0
67,0.0
68,0.0
69,0.0
70,0.0
71,0.0
72,0.0
73,0.0
74,0.0
75,0.0
76,0.0
77,0.0
78,0.0
79,0.0
80,0.0
81,0.0
82,0.0
83,0.0
84,0.0
85,0.0
86,0.0
87,0.0
88,0.0
89,0.0
90,0.0
91,0.0
92,0.0
93,0.0
94,0.0
95,0.0
96,0.0
97,0.0
98,0.0
99,0.0
100,0.0
101,0.0
102,0.0
103,0.0
104,0.0
105,0.0
106,0.0
107,0.0
108,0.0
109,0.0
110,0.0
111,0.0
112,0.0
113,0.0
114,0.0
115,0.0
116,0.0
117,0.0
118,2.41
119,3.99
120,5.54
121,7.87
122,10.12
123,11.84
124,13.32
125,16.35
126,17.55
127,20.18
128,21.54
129,23.35
130,22.53
131,22.46
132,22.54
133,22.52
134,22.4
135,22.44
136,22.55
137,20.85
138,17.58
139,12.51
140,11.33
141,11.6
142,10.88
143,10.7
144,11.16
145,11.7
146,11.1
147,10.4
148,10.82
149,11.41
150,10.22
151,11.92
152,10.92
153,11.51
154,11.92
155,11.21
156,10.67
157,11.12
158,10.95
159,11.03
160,11.64
161,11.26
162,11.08
163,11.46
164,11.36
165,10.79
166,11.57
167,10.22
168,10.53
169,11.08
170,12.48
171,14.68
172,16.79
173,18.95
174,21.06
175,22.66
176,24.49
177,26.78
178,29.74
179,30.44
180,31.57
181,31.4
182,31.49
183,31.46
184,31.44
185,31.56
186,31.5
187,31.48
188,31.46
189,31.46
190,31.45
191,31.56
192,31.13
193,28.89
194,29.0
195,28.54
196,27.04
197,25.82
198,25.48
199,25.07
200,23.44
201,20.13
202,17.89
203,14.01
204,11.29
205,11.56
206,11.61
207,12.59
208,12.59
209,12.05
210,12.56
211,11.97
212,12.33
213,12.94
214,11.55
215,11.69
216,12.92
217,12.46
218,12.92
219,11.82
220,11.36
221,12.82
222,11.97
223,11.57
224,11.69
225,12.97
226,12.72
227,11.29
228,12.34
229,12.82
230,12.53
231,12.0
232,11.79
233,12.77
234,12.84
235,11.62
236,11.66
237,12.65
238,12.1
239,12.76
240,12.78
241,12.18
242,11.74
243,12.14
244,11.39
245,11.84
246,11.91
247,12.09
248,12.92
249,11.87
250,12.1
251,12.35
252,12.39
253,12.25
254,11.47
255,12.93
256,12.1
257,11.54
258,11.72
259,11.86
260,12.36
261,11.63
262,12.24
263,12.26
264,12.99
265,12.19
266,11.29
267,12.34
268,11.32
269,11.94
270,13.98
271,16.74
272,17.55
273,19.21
274,22.33
275,23.51
276,26.6
277,26.52
278,26.52
279,26.53
280,26.52
281,26.49
282,25.56
283,25.68
284,24.61
285,22.89
286,23.23
287,21.52
288,20.84
289,20.44
290,16.27
291,13.55
292,12.86
293,13.38
294,13.55
295,12.76
296,12.78
297,13.84
298,12.78
299,13.96
300,13.01
301,13.31
302,13.46
303,13.07
304,13.42
305,12.36
306,12.88
307,12.36
308,13.36
309,12.61
310,13.28
311,13.53
312,13.57
313,13.25
314,13.27
315,13.87
316,13.49
317,13.08
318,13.65
319,12.93
320,13.33
321,12.87
322,13.06
323,13.17
324,13.21
325,12.36
326,12.7
327,12.94
328,13.29
329,13.34
330,14.36
331,16.64
332,19.05
333,20.6
334,22.29
335,22.49
336,22.51
337,22.6
338,22.48
339,22.59
340,22.42
341,22.56
342,21.16
343,20.62
344,19.93
345,19.76
346,18.53
347,18.02
348,16.3
349,14.62
350,14.97
351,13.75
352,14.5
353,14.99
354,13.9
355,14.71
356,14.45
357,14.01
358,14.09
359,14.43
360,14.25
361,14.92
362,14.29
363,14.16
364,13.76
365,14.43
366,13.96
367,13.44
368,15.14
369,14.99
370,14.84
371,13.77
372,14.54
373,14.5
374,14.73
375,13.86
376,14.28
377,14.71
378,14.13
379,14.34
380,13.64
381,14.22
382,14.06
383,15.14
384,14.55
385,14.8
386,14.7
387,14.84
388,14.81
389,13.91
390,14.37
391,15.01
392,14.5
393,14.37
394,13.59
395,14.11
396,13.94
397,15.14
398,13.44
399,14.8
400,14.02
401,13.75
402,14.81
403,14.95
404,14.47
405,14.14
406,14.5
407,14.38
408,14.28
409,13.76
410,15.71
411,19.1
412,20.27
413,23.06
414,24.26
415,23.4
416,23.6
417,23.53
418,23.46
419,23.45
420,23.53
421,23.45
422,23.6
423,23.43
424,22.96
425,21.61
426,20.41
427,20.38
428,19.19
429,18.85
430,18.11
431,15.99
432,15.1
433,16.15
434,16.21
435,14.74
436,15.31
437,15.63
438,14.99
439,15.67
440,15.04
441,15.44
442,15.84
443,15.68
444,15.55
445,15.69
446,15.47
447,14.77
448,15.68
449,15.13
450,15.07
451,14.51
452,14.95
453,15.63
454,15.73
455,16.1
456,15.39
457,15.69
458,18.1
459,19.64
460,21.36
461,22.43
462,25.77
463,27.58
464,29.35
465,28.54
466,28.49
467,28.55
468,28.53
469,28.49
470,28.53
471,27.6
472,27.38
473,25.53
474,24.92
475,24.86
476,23.51
477,23.08
478,21.07
479,17.85
480,16.67
481,17.28
482,16.1
483,16.31
484,16.33
485,16.34
486,16.48
487,16.45
488,16.13
489,16.29
490,15.88
491,16.55
492,16.08
493,17.02
494,15.58
495,16.59
496,16.15
497,16.7
498,16.28
499,17.04
500,15.98
501,15.95
502,16.39
503,15.91
504,16.79
505,17.19
506,17.28
507,17.02
508,16.58
509,16.34
510,17.03
511,16.24
512,16.61
513,16.09
514,16.21
515,16.45
516,16.47
517,17.28
518,16.99
519,16.7
520,15.92
521,19.26
522,19.72
523,22.29
524,24.17
525,23.47
526,23.58
527,23.52
528,23.5
529,23.48
530,23.46
531,23.44
532,23.42
533,23.58
534,22.57
535,21.6
536,21.83
537,19.89
538,20.07
539,18.66
540,18.81
541,17.71
542,16.96
543,16.65
544,16.71
545,17.09
546,18.0
547,18.09
548,17.5
549,17.04
550,17.86
551,17.19
552,17.22
553,17.4
554,17.84
555,17.46
556,16.92
557,17.1
558,17.1
559,17.97
560,17.88
561,16.67
562,18.24
563,17.26
564,17.05
565,17.58
566,17.43
567,17.41
568,19.25
569,21.68
570,23.69
571,26.27
572,26.55
573,29.09
574,31.92
575,33.69
576,34.26
577,33.6
578,33.6
579,33.46
580,33.46
581,33.46
582,33.42
583,33.43
584,33.43
585,33.49
586,33.49
587,33.42
588,33.43
589,33.5
590,33.44
591,33.47
592,33.47
593,33.56
594,33.47
595,33.51
596,33.49
597,33.02
598,32.24
599,30.38
600,29.84
601,29.16
602,28.93
603,26.65
604,27.01
605,25.69
606,22.37
607,19.95
608,15.53
609,13.08
610,9.92
611,10.7
612,10.65
613,10.17
614,9.32
615,10.09
616,9.53
617,10.63
618,10.3
619,9.93
620,9.66
621,10.31
622,9.77
623,9.93
624,10.18
625,10.59
626,10.07
627,10.85
628,10.6
629,10.19
630,9.37
631,9.88
632,9.83
633,12.34
634,13.11
635,16.56
636,17.95
637,20.05
638,22.2
639,23.08
640,25.88
641,28.56
642,29.87
643,32.02
644,33.37
645,35.75
646,35.21
647,35.5
648,35.44
649,35.47
650,35.4
651,35.41
652,35.51
653,35.52
654,35.5
655,35.51
656,35.48
657,35.42
658,35.58
659,35.56
660,35.59
661,35.49
662,35.46
663,35.43
664,35.6
665,35.53
666,35.48
667,35.43
668,35.56
669,35.58
670,35.53
671,35.4
672,35.46
673,35.5
674,35.53
675,35.5
676,35.53
677,35.56
678,35.45
679,35.51
680,35.48
681,35.51
682,35.57
683,35.49
684,35.51
685,35.45
686,35.57
687,35.49
688,35.52
689,35.48
690,35.5
691,35.6
692,35.49
693,35.6
694,35.53
695,35.6
696,35.47
697,35.45
698,35.06
699,32.97
700,32.67
701,31.03
702,31.12
703,30.16
704,29.79
705,28.42
706,27.75
707,24.08
708,21.21
709,18.47
710,14.07
711,11.13
712,7.64
713,4.4
714,2.09
715,0.0
716,0.0
717,0.0
718,0.0
719,0.0
720,0.0
721,0.0
722,0.0
723,0.0
724,0.0
725,0.0
726,0.0
727,0.0
728,0.0
729,0.0
730,0.0
731,0.0
732,0.0
733,0.0
734,0.0
735,0.0
736,0.0
737,0.0
738,0.0
739,1.4
740,4.6
741,5.09
742,8.68
743,9.74
744,11.03
745,14.01
746,16.13
747,17.21
748,19.76
749,21.8
750,23.51
751,25.32
752,28.4
753,29.87
754,29.51
755,29.6
756,29.48
757,29.49
758,28.16
759,27.08
760,26.74
761,26.0
762,24.44
763,24.54
764,23.4
765,22.63
766,18.85
767,16.33
768,13.33
769,12.42
770,12.43
771,12.54
772,12.31
773,11.75
774,11.86
775,11.74
776,11.85
777,11.92
778,12.25
779,12.99
780,12.34
781,11.83
782,11.85
783,11.71
784,12.77
785,12.28
786,11.83
787,12.59
788,11.66
789,12.65
790,11.85
791,12.41
792,12.21
793,11.59
794,12.63
795,11.82
796,12.16
797,12.1
798,12.35
799,12.3
800,11.7
801,12.48
802,11.38
803,11.84
804,12.59
805,11.9
806,11.7
807,12.18
808,12.34
809,12.52
810,12.46
811,13.53
812,16.06
813,18.41
814,20.91
815,22.1
816,23.86
817,25.4
818,25.46
819,25.52
820,25.52
821,25.42
822,25.43
823,25.43
824,25.52
825,23.47
826,22.22
827,22.73
828,21.06
829,20.87
830,19.82
831,16.23
832,13.75
833,12.54
834,13.24
835,13.39
836,13.27
837,14.06
838,13.85
839,12.69
840,12.91
841,12.66
842,13.4
843,13.05
844,12.7
845,13.47
846,12.95
847,13.53
848,13.51
849,13.16
850,12.96
851,13.42
852,12.84
853,13.22
854,13.18
855,13.23
856,13.27
857,12.7
858,13.32
859,13.17
860,13.26
861,12.54
862,13.12
863,13.11
864,13.44
865,13.01
866,13.29
867,13.57
868,13.33
869,12.54
870,14.06
871,13.24
872,13.63
873,12.9
874,13.7
875,13.21
876,13.31
877,13.16
878,13.01
879,13.26
880,13.56
881,13.65
882,15.06
883,17.21
884,19.45
885,20.63
886,23.57
887,25.16
888,26.71
889,26.82
890,27.55
891,27.52
892,27.52
893,27.45
894,27.55
895,27.53
896,26.52
897,26.29
898,24.7
899,24.61
900,22.99
901,22.68
902,22.29
903,21.43
904,18.1
905,14.59
906,13.97
907,14.09
908,15.14
909,14.87
910,15.1
911,14.51
912,14.25
913,13.82
914,13.77
915,13.85
916,14.94
917,14.27
918,14.0
919,14.39
920,13.44
921,14.27
922,14.05
923,14.55
924,14.26
925,13.89
926,14.74
927,14.21
928,13.91
929,14.81
930,14.14
931,13.92
932,14.34
933,13.6
934,14.05
935,14.31
936,13.44
937,13.85
938,14.73
939,15.14
940,14.28
941,14.77
942,14.53
943,13.88
944,14.5
945,13.62
946,13.87
947,13.74
948,13.98
949,14.3
950,13.99
951,14.5
952,14.4
953,14.07
954,14.61
955,13.57
956,14.04
957,13.45
958,14.95
959,13.75
960,14.65
961,13.76
962,14.64
963,14.22
964,13.88
965,14.3
966,14.14
967,13.85
968,16.44
969,18.33
970,20.86
971,22.96
972,24.85
973,25.83
974,27.76
975,30.61
976,31.73
977,33.11
978,34.28
979,34.54
980,34.43
981,34.4
982,34.51
983,34.59
984,34.46
985,34.5
986,34.51
987,34.45
988,34.49
989,34.46
990,34.53
991,34.44
992,34.5
993,34.52
994,34.57
995,34.49
996,34.44
997,34.44
998,34.49
999,34.43
1000,34.46
1001,34.54
1002,34.5
1003,34.58
1004,34.6
1005,34.5
1006,34.55
1007,34.49
1008,34.56
1009,34.48
1010,34.4
1011,34.53
1012,34.53
1013,33.2
1014,32.82
1015,32.02
1016,30.77
1017,30.81
1018,29.0
1019,27.92
1020,27.13
1021,26.58
1022,23.36
1023,20.44
1024,16.73
1025,15.69
1026,14.74
1027,15.63
1028,15.66
1029,15.1
1030,15.44
1031,14.51
1032,15.04
1033,15.47
1034,14.89
1035,15.39
1036,15.29
1037,15.64
1038,14.59
1039,15.44
1040,16.15
1041,15.52
1042,15.38
1043,17.43
1044,19.56
1045,21.27
1046,23.35
1047,22.4
1048,22.52
1049,22.52
1050,22.52
1051,22.48
1052,22.43
1053,22.6
1054,21.02
1055,20.28
1056,20.45
1057,18.87
1058,17.75
1059,18.2
1060,17.03
1061,15.62
1062,16.35
1063,17.28
1064,15.58
1065,16.72
1066,16.65
1067,16.77
1068,16.05
1069,16.45
1070,16.93
1071,16.32
1072,15.98
1073,15.83
1074,16.04
1075,16.88
1076,15.58
1077,17.19
1078,15.6
1079,17.09
1080,16.03
1081,16.62
1082,15.89
1083,16.88
1084,16.92
1085,15.58
1086,17.28
1087,16.94
1088,15.92
1089,16.6
1090,17.28
1091,17.08
1092,17.28
1093,16.3
1094,17.28
1095,15.64
1096,16.08
1097,16.22
1098,16.95
1099,17.28
1100,15.94
1101,16.56
1102,16.08
1103,17.28
1104,16.8
1105,16.6
1106,16.21
1107,16.29
1108,15.58
1109,16.81
1110,17.03
1111,16.11
1112,15.76
1113,18.1
1114,20.26
1115,22.36
1116,22.1
1117,22.55
1118,22.48
1119,22.6
1120,22.54
1121,22.57
1122,22.55
1123,22.57
1124,21.94
1125,21.32
1126,19.78
1127,19.79
1128,18.32
1129,18.34
1130,16.89
1131,18.1
1132,17.0
1133,17.58
1134,17.4
1135,16.7
1136,17.05
1137,17.81
1138,17.61
1139,17.99
1140,16.93
1141,17.71
1142,17.33
1143,18.02
1144,17.44
1145,18.31
1146,17.73
1147,17.44
1148,17.06
1149,16.88
1150,18.35
1151,17.33
1152,17.24
1153,17.96
1154,18.13
1155,18.18
1156,17.4
1157,17.14
1158,17.14
1159,17.68
1160,17.7
1161,17.29
1162,17.6
1163,17.86
1164,17.21
1165,17.93
1166,17.49
1167,17.51
1168,17.24
1169,17.38
1170,18.14
1171,17.42
1172,18.16
1173,17.63
1174,17.93
1175,16.92
1176,18.34
1177,17.64
1178,17.15
1179,17.61
1180,18.35
1181,19.58
1182,21.8
1183,23.67
1184,24.26
1185,24.57
1186,24.42
1187,24.53
1188,24.41
1189,24.54
1190,24.44
1191,22.86
1192,22.35
1193,22.22
1194,21.49
1195,20.99
1196,18.84
1197,18.97
1198,15.59
1199,12.82
1200,10.35
1201,10.31
1202,10.2
1203,9.93
1204,9.8
1205,9.81
1206,9.78
1207,10.19
1208,10.12
1209,9.46
1210,9.58
1211,10.79
1212,9.91
1213,9.74
1214,10.0
1215,9.75
1216,9.26
1217,10.56
1218,10.41
1219,10.11
1220,10.47
1221,9.15
1222,10.15
1223,10.75
1224,10.12
1225,10.37
1226,10.26
1227,10.43
1228,10.34
1229,9.6
1230,9.25
1231,10.02
1232,10.53
1233,10.51
1234,9.52
1235,9.61
1236,9.15
1237,10.76
1238,9.97
1239,10.13
1240,9.87
1241,9.59
1242,10.85
1243,10.85
1244,10.69
1245,10.53
1246,9.45
1247,10.49
1248,10.85
1249,10.05
1250,9.72
1251,10.04
1252,9.75
1253,10.26
1254,10.51
1255,10.48
1256,10.27
1257,10.01
1258,9.95
1259,10.85
1260,9.92
1261,10.85
1262,10.58
1263,11.13
1264,13.81
1265,15.47
1266,17.07
1267,19.57
1268,22.42
1269,23.21
1270,23.4
1271,23.51
1272,23.47
1273,23.55
1274,23.6
1275,23.48
1276,23.6
1277,23.52
1278,23.43
1279,22.64
1280,22.73
1281,20.24
1282,20.32
1283,19.61
1284,18.45
1285,18.17
1286,13.93
1287,11.34
1288,8.01
1289,4.15
1290,1.14
1291,0.0
1292,0.0
1293,0.0
1294,0.0
1295,0.0
1296,0.0
1297,0.0
1298,0.0
1299,0.0
1300,0.0
1301,0.0
1302,0.0
1303,0.0
1304,0.0
1305,0.0
1306,0.0
1307,0.0
1308,0.0
1309,0.0
1310,0.0
1311,0.0
1312,0.0
1313,0.0
1314,0.0
1315,0.0
1316,0.0
1317,0.0
1318,0.0
1319,0.0
1320,0.0
1321,0.0
1322,0.0
1323,0.0
1324,0.0
1325,0.0
1326,0.0
1327,0.0
1328,0.0
1329,0.0
1330,0.0
1331,0.0
1332,0.0
1333,0.0
1334,0.0
1335,0.0
1336,0.0
1337,0.0
1338,0.0
1339,0.0
1340,0.0
1341,0.0
1342,0.0
1343,0.0
1344,0.0
1345,0.0
1346,0.0
1347,0.0
1348,0.0
1349,0.0
1350,0.0
1351,0.0
1352,0.0
1353,0.0
1354,0.0
1355,0.0
1356,0.0
1357,0.0
1358,0.0
1359,0.0
1360,0.0
1361,0.0
1362,0.0
1363,0.0
1364,0.0
1365,0.0
1366,0.0
1367,0.0
1368,0.0
1369,0.0
1370,0.0
1371,0.0
1372,0.0
1373,0.0
1374,0.0
1375,0.0
1376,0.0
1377,0.0
1378,0.0
1379,0.0
1380,0.0
1381,0.0
1382,0.0
1383,0.0
1384,0.0
1385,0.0
1386,0.0
1387,0.0
1388,0.0
1389,0.0
1390,0.0
1391,0.0
1392,0.0
1393,0.0
1394,0.0
1395,0.0
1396,0.0
1397,0.0
1398,0.0
1399,0.0
1400,0.0
1401,0.0
1402,0.0
1403,0.0
1404,0.0
1405,0.0
1406,0.0
1407,0.0
1408,0.0
1409,0.0
1410,0.0
1411,0.0
1412,0.0
1413,0.0
1414,0.0
1415,0.0
1416,0.0
1417,0.0
1418,0.0
1419,0.0
1420,0.0
1421,0.0
1422,0.0
1423,0.0
1424,0.0
1425,0.0
1426,0.0
1427,0.0
1428,0.0
1429,0.0
1430,0.0
1431,0.0
1432,0.0
1433,0.0
1434,0.0
1435,0.0
1436,0.0
1437,0.0
1438,0.0
1439,0.0
1440,0.0
1441,0.0
1442,0.0
1443,0.0
1444,0.0
1445,0.0
1446,0.0
1447,0.0
1448,0.0
1449,0.0
1450,0.0
1451,0.0
1452,0.0
1453,0.0
1454,0.0
1455,0.0
1456,0.0
1457,0.0
1458,0.0
1459,0.0
1460,0.0
1461,0.0
1462,0.0
1463,0.0
1464,0.0
1465,0.0
1466,0.0
1467,0.0
1468,0.0
1469,0.0
1470,0.0
1471,0.0
1472,0.0
1473,0.0
1474,0.0
1475,0.0
1476,0.0
1477,0.0
1478,0.0
1479,0.0
1480,0.0
1481,0.0
1482,0.0
1483,0.0
1484,0.0
1485,0.0
1486,0.0
1487,0.0
1488,0.0
1489,0.0
1490,0.0
1491,0.0
1492,0.0
1493,0.0
1494,0.0
1495,0.0
1496,0.0
1497,0.0
1498,0.0
1499,0.0
1500,0.0
1501,0.0
1502,0.0
1503,0.0
1504,0.0
1505,0.0
1506,0.0
1507,0.0
1508,0.0
1509,0.0
1510,0.0
1511,0.0
1512,0.0
1513,0.0
1514,0.0
1515,0.0
1516,0.0
1517,0.0
1518,0.0
1519,0.0
1520,0.0
1521,0.0
1522,0.0
1523,0.0
1524,0.0
1525,0.0
1526,0.0
1527,0.0
1528,0.0
1529,0.0
1530,0.0
1531,0.0
1532,0.0
1533,0.0
1534,0.0
1535,0.0
1536,0.0
1537,0.0
1538,0.0
1539,0.0
1540,0.0
1541,0.0
1542,0.0
1543,0.0
1544,0.0
1545,0.0
1546,0.0
1547,0.0
1548,0.0
1549,0.0
1550,0.0
1551,0.0
1552,0.0
1553,0.0
1554,0.0
1555,0.0
1556,0.0
1557,0.0
1558,0.0
1559,0.0
1560,0.0
1561,0.0
1562,0.0
1563,0.0
1564,0.0
1565,0.0
1566,0.0
1567,0.0
1568,0.0
1569,0.0
1570,0.0
1571,0.0
1572,0.0
1573,0.0
1574,0.0
1575,0.0
1576,0.0
1577,0.0
1578,0.0
1579,0.0
1580,1.33
1581,3.11
1582,5.92
1583,7.34
1584,9.57
1585,11.81
1586,14.39
1587,15.24
1588,18.41
1589,19.58
1590,21.22
1591,24.4
1592,25.51
1593,25.45
1594,25.54
1595,25.46
1596,25.51
1597,25.46
1598,25.48
1599,24.32
1600,23.0
1601,22.19
1602,22.3
1603,21.53
1604,20.46
1605,19.53
1606,16.74
1607,13.76
1608,11.31
1609,12.14
1610,12.13
1611,11.72
1612,12.99
1613,12.35
1614,12.97
1615,11.39
1616,12.39
1617,12.3
1618,11.86
1619,12.02
1620,12.46
1621,11.84
1622,11.45
1623,12.19
1624,12.03
1625,14.06
1626,15.84
1627,18.24
1628,20.38
1629,22.84
1630,23.51
1631,23.5
1632,23.5
1633,23.45
1634,23.48
1635,23.43
1636,23.47
1637,23.45
1638,23.4
1639,23.5
1640,22.31
1641,18.06
1642,13.51
1643,13.59
1644,13.22
1645,12.78
1646,13.14
1647,12.69
1648,12.89
1649,13.73
1650,13.51
1651,13.59
1652,13.8
1653,13.4
1654,13.44
1655,12.39
1656,12.84
1657,12.8
1658,13.06
1659,12.66
1660,12.94
1661,12.86
1662,13.61
1663,14.03
1664,13.22
1665,12.6
1666,12.91
1667,13.33
1668,14.06
1669,13.45
1670,13.34
1671,13.24
1672,13.97
1673,13.87
1674,12.36
1675,12.99
1676,13.38
1677,14.06
1678,13.22
1679,13.03
1680,12.59
1681,12.75
1682,12.98
1683,12.53
1684,13.25
1685,12.63
1686,13.65
1687,12.97
1688,13.25
1689,12.43
1690,14.03
1691,12.78
1692,14.06
1693,12.8
1694,13.72
1695,13.37
1696,13.51
1697,12.77
1698,14.06
1699,13.16
1700,12.99
1701,12.86
1702,12.48
1703,12.89
1704,13.22
1705,13.51
1706,14.06
1707,13.38
1708,13.41
1709,15.12
1710,17.53
1711,18.81
1712,20.51
1713,22.4
1714,25.1
1715,25.67
1716,25.46
1717,25.5
1718,25.49
1719,25.4
1720,25.44
1721,25.6
1722,24.89
1723,23.36
1724,22.19
1725,21.99
1726,21.62
1727,20.43
1728,20.32
1729,17.09
1730,13.86
1731,14.04
1732,14.66
1733,13.84
1734,14.48
1735,14.2
1736,14.83
1737,14.22
1738,16.44
1739,17.81
1740,20.57
1741,22.09
1742,21.99
1743,22.52
1744,22.58
1745,22.5
1746,22.44
1747,22.53
1748,22.54
1749,22.56
1750,21.64
1751,20.78
1752,19.81
1753,19.2
1754,18.68
1755,18.1
1756,16.19
1757,14.53
1758,16.07
1759,15.49
1760,16.03
1761,15.96
1762,14.9
1763,16.0
1764,15.99
1765,14.51
1766,16.16
1767,15.79
1768,15.65
1769,15.74
1770,15.32
1771,15.64
1772,15.15
1773,15.96
1774,15.09
1775,15.1
1776,15.99
1777,15.62
1778,14.72
1779,15.75
1780,14.88
1781,16.11
1782,15.43
1783,15.79
1784,14.97
1785,15.18
1786,15.23
1787,15.05
1788,17.15
1789,19.54
1790,21.16
1791,23.5
1792,25.3
1793,27.72
1794,28.98
1795,28.47
1796,28.51
1797,28.56
1798,28.47
1799,28.47
1800,28.5
1801,28.01
1802,26.67
1803,25.42
1804,25.05
1805,24.76
1806,23.1
1807,22.38
1808,21.22
1809,18.44
1810,17.23
1811,16.86
1812,16.86
1813,15.95
1814,16.83
1815,15.58
1816,17.0
1817,16.31
1818,16.12
1819,16.74
1820,16.22
1821,16.42
1822,16.56
1823,16.0
1824,16.28
1825,16.53
1826,17.28
1827,16.87
1828,16.08
1829,15.81
1830,16.67
1831,16.2
1832,15.92
1833,15.92
1834,15.98
1835,16.69
1836,16.57
1837,16.44
1838,16.67
1839,17.28
1840,15.58
1841,15.77
1842,16.36
1843,16.17
1844,16.26
1845,17.26
1846,16.03
1847,16.18
1848,16.64
1849,16.05
1850,16.85
1851,16.25
1852,16.1
1853,16.85
1854,16.1
1855,17.02
1856,16.27
1857,16.59
1858,16.09
1859,16.47
1860,16.7
1861,16.78
1862,16.48
1863,15.58
1864,16.34
1865,16.52
1866,17.28
1867,16.7
1868,16.02
1869,16.42
1870,16.21
1871,16.78
1872,16.21
1873,17.1
1874,16.54
1875,16.4
1876,16.25
1877,17.28
1878,18.58
1879,21.24
1880,22.64
1881,24.18
1882,25.92
1883,27.44
1884,27.47
1885,27.55
1886,27.59
1887,27.51
1888,27.49
1889,27.51
1890,26.31
1891,25.95
1892,25.57
1893,24.25
1894,23.67
1895,22.53
1896,21.26
1897,21.42
1898,17.77
1899,17.09
1900,17.54
1901,17.7
1902,17.89
1903,17.93
1904,16.89
1905,17.38
1906,18.29
1907,18.27
1908,17.5
1909,17.87
1910,17.68
1911,17.2
1912,17.64
1913,17.21
1914,17.62
1915,16.65
1916,18.35
1917,18.05
1918,17.72
1919,16.87
1920,16.87
1921,18.18
1922,17.17
1923,17.26
1924,17.11
1925,17.49
1926,17.51
1927,18.02
1928,17.44
1929,18.35
1930,17.29
1931,16.86
1932,16.9
1933,17.44
1934,17.66
1935,18.08
1936,18.35
1937,19.66
1938,21.65
1939,23.78
1940,25.74
1941,27.68
1942,29.18
1943,31.35
1944,30.48
1945,30.46
1946,30.6
1947,30.44
1948,30.47
1949,30.51
1950,29.93
1951,29.48
1952,28.47
1953,27.51
1954,26.96
1955,26.04
1956,24.98
1957,23.92
1958,19.95
1959,17.16
1960,14.52
1961,11.59
1962,6.65
1963,4.5
1964,0.98
1965,0.0
1966,0.0
1967,0.0
1968,0.0
1969,0.0
1970,0.0
1971,0.0
1972,0.0
1973,0.0
1974,0.0
1975,0.0
1976,0.0
1977,0.0
1978,0.0
1979,0.0
1980,0.0
1981,0.0
1982,0.0
1983,0.0
1984,0.0
1985,0.0
1986,0.0
1987,0.0
1988,0.0
1989,0.0
1990,0.0
1991,0.0
1992,0.0
1993,0.0
1994,0.0
1995,0.0
1996,0.0
1997,0.0
1998,0.0
1999,0.0
2000,0.0
2001,0.0
2002,0.0
2003,0.0
2004,0.0
2005,0.0
2006,0.0
2007,0.0
2008,0.0
2009,0.0
2010,0.0
2011,0.0
2012,0.0
2013,0.0
2014,0.0
2015,0.0
2016,0.0
2017,0.0
2018,0.0
2019,0.0
2020,0.0
2021,0.0
2022,0.0
2023,0.0
2024,0.0
2025,0.0
2026,0.0
2027,0.0
2028,0.0
2029,0.0
2030,0.0
2031,0.0
2032,0.0
2033,0.0
2034,0.0
2035,0.0
2036,0.0
2037,0.0
2038,0.0
2039,0.0
2040,0.0
2041,0.0
2042,0.0
2043,0.0
2044,0.0
2045,0.0
2046,0.0
2047,0.0
2048,0.0
2049,0.0
2050,0.0
2051,0.0
2052,0.0
2053,0.0
2054,0.0
2055,0.0
2056,0.0
2057,0.0
2058,0.0
2059,0.0
2060,0.0
2061,0.0
2062,0.0
2063,0.0
2064,0.0
2065,0.0
2066,0.0
2067,0.0
2068,0.0
2069,0.0
2070,0.0
2071,0.0
2072,0.0
2073,0.0
2074,0.0
2075,0.0
2076,0.0
2077,0.0
2078,0.0
2079,0.0
2080,0.0
2081,0.0
2082,0.0
2083,0.0
2084,0.0
2085,0.0
2086,0.0
2087,0.0
2088,0.0
2089,0.0
2090,0.0
2091,0.0
2092,0.0
2093,0.0
2094,0.0
2095,0.0
2096,0.0
2097,0.0
2098,0.0
2099,0.0
2100,0.0
2101,0.0
2102,0.0
2103,0.0
2104,0.0
2105,0.0
2106,0.0
2107,0.0
2108,0.0
2109,0.0
2110,0.0
2111,0.0
2112,0.0
2113,0.0
2114,0.0
2115,0.0
2116,0.0
2117,0.0
2118,0.0
2119,0.0
2120,0.0
2121,0.0
2122,0.0
2123,0.0
2124,0.0
2125,0.0
2126,0.0
2127,0.0
2128,0.0
2129,0.0
2130,0.0
2131,0.0
2132,0.0
2133,0.0
2134,0.0
2135,0.0
2136,0.0
2137,0.0
2138,0.0
2139,0.0
2140,0.0
2141,0.0
2142,0.0
2143,0.0
2144,0.0
2145,0.0
2146,0.0
2147,0.0
2148,0.0
2149,0.0
2150,0.0
2151,0.0
2152,0.0
2153,0.0
2154,0.0
2155,0.0
2156,0.0
2157,0.0
2158,0.0
2159,0.0
2160,0.0
2161,0.0
2162,0.0
2163,0.0
2164,0.0
2165,0.0
2166,0.0
2167,0.0
2168,0.0
2169,0.0
2170,0.0
2171,0.0
2172,0.0
2173,0.0
2174,0.0
2175,0.0
2176,0.0
2177,0.0
2178,0.0
2179,0.0
2180,0.0
2181,0.0
2182,0.0
2183,0.0
2184,0.0
2185,0.0
2186,0.0
2187,0.0
2188,0.0
2189,0.0
2190,0.0
2191,0.0
2192,0.0
2193,0.0
2194,0.0
2195,0.0
2196,0.0
2197,0.0
2198,0.0
2199,0.0
2200,0.0
2201,0.0
2202,0.0
2203,0.0
2204,0.0
2205,0.0
2206,0.0
2207,0.0
2208,0.0
2209,0.0
2210,0.0
2211,0.0
2212,0.0
2213,0.0
2214,0.0
2215,0.0
2216,0.0
2217,0.0
2218,0.0
2219,0.0
2220,0.0
2221,0.0
2222,0.0
2223,0.0
2224,0.0
2225,0.0
2226,0.0
2227,0.0
2228,0.0
2229,0.0
2230,0.0
2231,0.0
2232,0.0
2233,0.0
2234,0.0
2235,0.0
2236,0.0
2237,0.0
2238,0.0
2239,0.0
2240,0.0
2241,0.0
2242,0.0
2243,0.0
2244,0.0
2245,0.0
2246,0.0
2247,0.0
2248,0.0
2249,0.0
2250,0.0
2251,0.0
2252,0.0
2253,0.0
2254,0.0
2255,0.0
2256,0.0
2257,0.0
2258,0.0
2259,0.0
2260,0.0
2261,0.0
2262,0.0
2263,0.0
2264,0.0
2265,0.0
2266,0.0
2267,0.0
2268,0.0
2269,0.0
2270,0.0
2271,0.0
2272,0.0
2273,0.0
2274,0.0
2275,0.0
2276,0.0
2277,0.0
2278,0.0
2279,0.0
2280,0.0
2281,0.0
2282,0.0
2283,0.0
2284,0.0
2285,0.0
2286,0.0
2287,0.0
2288,0.0
2289,0.0
2290,0.0
2291,0.0
2292,0.0
2293,0.0
2294,0.0
2295,0.0
2296,0.0
2297,0.0
2298,0.0
2299,0.0
2300,0.0
2301,0.0
2302,0.0
2303,0.0
2304,0.0
2305,0.0
2306,0.0
2307,0.0
2308,0.0
2309,0.0
2310,0.0
2311,0.0
2312,0.0
2313,0.0
2314,0.0
2315,0.0
2316,0.0
2317,0.0
2318,0.0
2319,0.0
2320,0.0
2321,0.0
2322,0.0
2323,0.0
2324,0.0
2325,0.0
2326,0.0
2327,0.0
2328,0.0
2329,0.0
2330,0.0
2331,0.0
2332,0.0
2333,0.0
2334,0.0
2335,0.0
2336,0.0
2337,0.0
2338,0.0
2339,0.0
2340,0.0
2341,0.0
2342,0.0
2343,0.0
2344,0.0
2345,0.0
2346,0.0
2347,0.0
2348,0.0
2349,0.0
2350,0.0
2351,0.0
2352,0.0
2353,0.0
2354,0.0
2355,0.0
2356,0.0
2357,0.0
2358,0.0
2359,0.0
2360,0.0
2361,0.0
2362,0.0
2363,0.0
2364,0.0
2365,0.0
2366,0.0
2367,0.0
2368,0.0
2369,0.0
2370,0.0
2371,0.0
2372,0.0
2373,0.0
2374,0.0
2375,0.0
2376,0.0
2377,0.0
2378,0.0
2379,0.0
2380,0.0
2381,0.0
2382,0.0
2383,0.0
2384,0.0
2385,0.0
2386,0.0
2387,0.0
2388,0.0
2389,0.0
2390,0.0
2391,0.0
2392,0.0
2393,0.0
2394,0.0
2395,0.0
2396,0.0
2397,0.0
2398,0.0
2399,0.0
2400,0.0
2401,0.0
2402,0.0
2403,0.0
2404,0.0
2405,0.0
2406,0.0
2407,0.0
2408,0.0
2409,0.0
2410,0.0
2411,0.0
2412,0.0
2413,0.0
2414,0.0
2415,0.0
2416,0.0
2417,0.0
2418,0.0
2419,0.0
2420,0.0
2421,0.0
2422,0.0
2423,0.0
2424,0.0
2425,0.0
2426,0.0
2427,0.0
2428,0.0
2429,0.0
2430,0.0
2431,0.0
2432,0.0
2433,0.0
2434,0.0
2435,0.0
2436,0.0
2437,0.0
2438,0.0
2439,0.0
2440,0.0
2441,0.0
2442,0.0
2443,0.0
2444,0.0
2445,0.0
2446,0.0
2447,0.0
2448,0.0
2449,0.0
2450,0.0
2451,0.0
2452,0.0
2453,0.0
2454,0.0
2455,0.0
2456,0.0
2457,0.0
2458,0.0
2459,0.0
2460,0.0
2461,0.0
2462,0.0
2463,0.0
2464,0.0
2465,0.0
2466,0.0
2467,0.0
2468,0.0
2469,0.0
2470,0.0
2471,0.0
2472,0.0
2473,0.0
2474,0.0
2475,0.0
2476,0.0
2477,0.0
2478,0.0
2479,0.0
2480,0.0
2481,0.0
2482,0.0
2483,0.0
2484,0.0
2485,0.0
2486,0.0
2487,0.0
2488,0.0
2489,0.0
2490,0.0
2491,0.0
2492,0.0
2493,0.0
2494,0.0
2495,0.0
2496,0.0
2497,0.0
2498,0.0
2499,0.0
2500,0.0
2501,0.0
2502,0.0
2503,0.0
2504,0.0
2505,0.0
2506,0.0
2507,0.0
2508,0.0
2509,0.0
2510,0.0
2511,0.0
2512,0.0
2513,0.0
2514,0.0
2515,0.0
2516,0.0
2517,0.0
2518,0.0
2519,0.0
2520,0.0
2521,0.0
2522,0.0
2523,0.0
2524,0.0
2525,0.0
2526,0.0
2527,0.0
2528,0.0
2529,0.0
2530,0.0
2531,0.0
2532,0.0
2533,0.0
2534,0.0
2535,0.0
2536,0.0
2537,0.0
2538,0.0
2539,0.0
2540,0.0
2541,0.0
2542,0.0
2543,0.0
2544,0.0
2545,0.0
2546,0.0
2547,0.0
2548,0.0
2549,0.0
2550,0.0
2551,0.0
2552,0.0
2553,0.0
2554,0.0
2555,0.0
2556,0.0
2557,0.0
2558,0.0
2559,0.0
2560,0.0
2561,0.0
2562,0.0
2563,0.0
2564,0.0
2565,0.0
2566,0.0
2567,0.0
2568,0.0
2569,0.0
2570,0.0
2571,0.0
2572,0.0
2573,0.0
2574,0.0
2575,0.0
2576,0.0
2577,0.0
2578,0.0
2579,0.0
2580,0.0
2581,0.0
2582,0.0
2583,0.0
2584,0.0
2585,0.0
2586,0.0
2587,0.0
2588,0.0
2589,0.0
2590,0.0
2591,0.0
2592,0.0
2593,0.0
2594,0.0
2595,0.0
2596,0.0
2597,0.0
2598,0.0
2599,0.0
2600,0.0
2601,0.0
2602,0.0
2603,0.0
2604,0.0
2605,0.0
2606,0.0
2607,0.0
2608,0.0
2609,0.0
2610,0.0
2611,0.0
2612,0.0
2613,0.0
2614,0.0
2615,0.0
2616,0.0
2617,0.0
2618,0.0
2619,0.0
2620,0.0
2621,0.0
2622,0.0
2623,0.0
2624,0.0
2625,0.0
2626,0.0
2627,0.0
2628,0.0
2629,0.0
2630,0.0
2631,0.0
2632,0.0
2633,0.0
2634,0.0
2635,0.0
2636,0.0
2637,0.0
2638,0.0
2639,0.0
2640,0.0
2641,0.0
2642,0.0
2643,0.0
2644,0.0
2645,0.0
2646,0.0
2647,0.0
2648,0.0
2649,0.0
2650,0.0
2651,0.0
2652,0.0
2653,0.0
2654,0.0
2655,0.0
2656,0.0
2657,0.0
2658,0.0
2659,0.0
2660,0.0
2661,0.0
2662,0.0
2663,0.0
2664,0.0
2665,0.0
2666,0.0
2667,0.0
2668,0.0
2669,0.0
2670,0.0
2671,0.0
2672,0.0
2673,0.0
2674,0.0
2675,0.0
2676,0.0
2677,0.0
2678,0.0
2679,0.0
2680,0.0
2681,0.0
2682,0.0
2683,0.0
2684,0.0
2685,0.0
2686,0.0
2687,0.0
2688,0.0
2689,0.0
2690,0.0
2691,0.0
2692,0.0
2693,0.0
2694,0.0
2695,0.0
2696,0.0
2697,0.0
2698,0.0
2699,0.0
2700,0.0
2701,0.0
2702,0.0
2703,0.0
2704,0.0
2705,0.0
2706,0.0
2707,0.0
2708,0.0
2709,0.0
2710,0.0
2711,0.0
2712,0.0
2713,0.0
2714,0.0
2715,0.0
2716,0.0
2717,0.0
2718,0.0
2719,0.0
2720,0.0
2721,0.0
2722,0.0
2723,0.0
2724,0.0
2725,0.0
2726,0.0
2727,0.0
2728,0.0
2729,0.0
2730,0.0
2731,0.0
2732,0.0
2733,0.0
2734,0.0
2735,0.0
2736,0.0
2737,0.0
2738,0.0
2739,0.0
2740,0.0
2741,0.0
2742,0.0
2743,0.0
2744,0.0
2745,0.0
2746,0.0
2747,0.0
2748,0.0
2749,0.0
2750,0.0
2751,0.0
2752,0.0
2753,0.0
2754,0.0
2755,0.0
2756,0.0
2757,0.0
2758,0.0
2759,0.0
2760,0.0
2761,0.0
2762,0.0
2763,0.0
2764,0.0
2765,0.0
2766,0.0
2767,0.0
2768,0.0
2769,0.0
2770,0.0
2771,0.0
2772,0.0
2773,0.0
2774,0.0
2775,0.0
2776,0.0
2777,0.0
2778,0.0
2779,0.0
2780,0.0
2781,0.0
2782,0.0
2783,0.0
2784,0.0
2785,0.0
2786,0.0
2787,0.0
2788,0.0
2789,0.0
2790,0.0
2791,0.0
2792,0.0
2793,0.0
2794,0.0
2795,0.0
2796,0.0
2797,0.0
2798,0.0
2799,0.0
2800,0.0
2801,0.0
2802,0.0
2803,0.0
2804,0.0
2805,0.0
2806,0.0
2807,0.0
2808,0.0
2809,0.0
2810,0.0
2811,0.0
2812,0.0
2813,0.0
2814,0.0
2815,0.0
2816,0.0
2817,0.0
2818,0.0
2819,0.0
2820,0.0
2821,0.0
2822,0.0
2823,0.0
2824,0.0
2825,0.0
2826,0.0
2827,0.0
2828,0.0
2829,0.0
2830,0.0
2831,0.0
2832,0.0
2833,0.0
2834,0.0
2835,0.0
2836,0.0
2837,0.0
2838,0.0
2839,0.0
2840,0.0
2841,0.0
2842,0.0
2843,0.0
2844,0.0
2845,0.0
2846,0.0
2847,0.0
2848,0.0
2849,0.0
2850,0.0
2851,0.0
2852,0.0
2853,0.0
2854,0.0
2855,0.0
2856,0.0
2857,0.0
2858,0.0
2859,0.0
2860,0.0
2861,0.0
2862,0.0
2863,0.0
2864,0.0
2865,0.0
2866,0.0
2867,0.0
2868,0.0
2869,0.0
2870,0.0
2871,0.0
2872,0.0
2873,0.0
2874,0.0
2875,0.0
2876,0.0
2877,0.0
2878,0.0
2879,0.0
2880,0.0
2881,0.0
2882,0.0
2883,0.0
2884,0.0
2885,0.0
2886,0.0
2887,0.0
2888,0.0
2889,0.0
2890,0.0
2891,0.0
2892,0.0
2893,0.0
2894,0.0
2895,0.0
2896,0.0
2897,0.0
2898,0.0
2899,0.0
2900,0.0
2901,0.0
2902,0.0
2903,0.0
2904,0.0
2905,2.52
2906,3.56
2907,5.35
2908,8.77
2909,10.15
2910,12.06
2911,14.18
2912,16.5
2913,17.92
2914,20.13
2915,21.61
2916,24.17
2917,24.97
2918,24.57
2919,24.48
2920,24.52
2921,24.58
2922,24.51
2923,24.52
2924,24.01
2925,23.09
2926,22.43
2927,21.13
2928,20.59
2929,20.51
2930,18.79
2931,15.62
2932,12.6
2933,10.61
2934,11.55
2935,10.81
2936,11.07
2937,11.57
2938,11.81
2939,10.91
2940,11.49
2941,11.55
2942,11.6
2943,10.89
2944,11.52
2945,10.85
2946,10.38
2947,11.51
2948,10.46
2949,10.22
2950,10.78
2951,11.11
2952,11.12
2953,10.79
2954,12.95
2955,15.01
2956,17.07
2957,19.69
2958,20.55
2959,22.43
2960,25.26
2961,26.13
2962,26.44
2963,26.54
2964,26.4
2965,26.48
2966,25.78
2967,21.29
2968,15.85
2969,12.0
2970,11.39
2971,11.61
2972,12.26
2973,11.38
2974,12.56
2975,12.26
2976,12.14
2977,11.88
2978,12.05
2979,11.44
2980,12.99
2981,11.97
2982,11.68
2983,11.29
2984,12.02
2985,12.55
2986,12.55
2987,12.14
2988,12.21
2989,12.04
2990,12.67
2991,12.57
2992,12.1
2993,12.01
2994,12.26
2995,12.66
2996,12.2
2997,12.09
2998,12.09
2999,11.99
3000,12.06
3001,11.67
3002,12.47
3003,12.59
3004,11.9
3005,13.27
3006,16.42
3007,18.26
3008,20.46
3009,21.83
3010,22.65
3011,23.4
3012,23.57
3013,23.49
3014,23.42
3015,23.54
3016,23.56
3017,23.43
3018,23.47
3019,23.54
3020,22.73
3021,21.47
3022,21.12
3023,19.45
3024,19.04
3025,19.13
3026,17.21
3027,14.48
3028,12.68
3029,12.85
3030,13.91
3031,12.54
3032,12.81
3033,13.66
3034,14.06
3035,12.89
3036,12.79
3037,12.83
3038,12.82
3039,12.36
3040,13.07
3041,13.68
3042,12.93
3043,12.96
3044,13.87
3045,13.43
3046,12.92
3047,13.81
3048,12.68
3049,13.71
3050,12.77
3051,12.8
3052,12.94
3053,13.68
3054,13.9
3055,12.72
3056,12.97
3057,13.6
3058,12.86
3059,13.19
3060,13.89
3061,12.87
3062,12.92
3063,14.34
3064,16.81
3065,18.78
3066,20.55
3067,23.22
3068,25.2
3069,27.29
3070,28.59
3071,31.12
3072,32.67
3073,35.0
3074,36.74
3075,37.23
3076,37.47
3077,37.51
3078,37.6
3079,37.53
3080,37.46
3081,37.58
3082,37.6
3083,37.43
3084,37.42
3085,37.43
3086,37.47
3087,37.48
3088,37.49
3089,37.56
3090,37.48
3091,37.41
3092,37.41
3093,36.75
3094,35.54
3095,33.77
3096,32.86
3097,32.74
3098,31.67
3099,31.24
3100,30.57
3101,30.05
3102,26.25
3103,22.47
3104,19.01
3105,16.83
3106,13.82
3107,14.19
3108,13.44
3109,13.44
3110,13.87
3111,13.97
3112,14.67
3113,13.71
3114,14.77
3115,14.96
3116,14.52
3117,13.73
3118,14.1
3119,14.69
3120,14.71
3121,14.51
3122,13.65
3123,14.22
3124,14.25
3125,14.89
3126,14.12
3127,13.65
3128,14.16
3129,15.07
3130,14.63
3131,14.95
3132,13.58
3133,15.1
3134,13.92
3135,14.65
3136,13.98
3137,13.59
3138,13.88
3139,14.16
3140,13.5
3141,13.58
3142,13.94
3143,13.92
3144,14.27
3145,13.73
3146,15.14
3147,14.8
3148,14.35
3149,14.67
3150,13.65
3151,17.12
3152,18.49
3153,20.54
3154,22.66
3155,24.73
3156,26.26
3157,28.28
3158,30.88
3159,31.35
3160,30.52
3161,30.5
3162,30.42
3163,30.54
3164,30.41
3165,30.45
3166,29.88
3167,28.95
3168,27.24
3169,26.4
3170,26.34
3171,25.19
3172,24.82
3173,24.55
3174,20.33
3175,16.43
3176,15.08
3177,16.21
3178,14.51
3179,15.36
3180,15.85
3181,14.83
3182,15.59
3183,15.13
3184,14.76
3185,15.28
3186,14.96
3187,14.98
3188,15.27
3189,14.51
3190,15.31
3191,16.09
3192,15.0
3193,15.27
3194,15.04
3195,14.94
3196,15.51
3197,15.74
3198,15.17
3199,14.94
3200,15.68
3201,15.53
3202,15.05
3203,15.47
3204,15.79
3205,15.45
3206,15.53
3207,16.0
3208,15.28
3209,15.02
3210,16.64
3211,19.82
3212,20.77
3213,23.16
3214,25.15
3215,25.44
3216,25.47
3217,25.4
3218,25.53
3219,25.5
3220,25.52
3221,25.47
3222,25.38
3223,23.9
3224,23.26
3225,22.41
3226,21.58
3227,20.8
3228,20.3
3229,16.7
3230,16.47
3231,15.87
3232,16.51
3233,16.82
3234,16.94
3235,16.07
3236,16.57
3237,15.58
3238,16.31
3239,16.1
3240,16.44
3241,16.26
3242,16.35
3243,17.02
3244,16.15
3245,15.85
3246,16.59
3247,16.29
3248,15.75
3249,16.41
3250,16.34
3251,16.88
3252,16.08
3253,16.59
3254,16.61
3255,15.58
3256,16.68
3257,17.28
3258,15.83
3259,15.93
3260,16.02
3261,16.43
3262,16.28
3263,16.05
3264,16.26
3265,16.23
3266,16.59
3267,16.49
3268,15.81
3269,16.91
3270,15.94
3271,16.58
3272,16.43
3273,15.58
3274,15.58
3275,16.45
3276,16.6
3277,16.5
3278,16.81
3279,16.38
3280,17.19
3281,16.47
3282,17.05
3283,16.02
3284,16.9
3285,16.35
3286,16.89
3287,16.3
3288,16.55
3289,16.93
3290,16.31
3291,15.75
3292,16.38
3293,17.27
3294,15.94
3295,18.3
3296,20.7
3297,22.85
3298,24.74
3299,26.68
3300,27.47
3301,27.58
3302,27.52
3303,27.57
3304,27.44
3305,27.47
3306,27.4
3307,26.37
3308,21.44
3309,17.33
3310,18.08
3311,17.0
3312,17.26
3313,18.22
3314,17.09
3315,18.02
3316,18.24
3317,17.6
3318,18.08
3319,17.9
3320,17.58
3321,17.06
3322,18.35
3323,16.96
3324,18.17
3325,17.16
3326,16.91
3327,17.22
3328,16.65
3329,17.09
3330,17.23
3331,17.45
3332,17.46
3333,16.77
3334,18.16
3335,17.69
3336,17.7
3337,17.25
3338,20.33
3339,21.49
3340,23.11
3341,25.58
3342,25.46
3343,25.5
3344,25.55
3345,25.55
3346,25.47
3347,25.47
3348,25.57
3349,24.35
3350,23.35
3351,23.43
3352,21.88
3353,21.36
3354,21.17
3355,19.7
3356,16.16
3357,13.04
3358,10.5
3359,9.34
3360,9.15
3361,9.42
3362,9.68
3363,10.59
3364,10.42
3365,9.61
3366,10.85
3367,9.67
3368,10.01
3369,9.59
3370,9.4
3371,10.76
3372,9.46
3373,10.85
3374,10.28
3375,10.0
3376,10.44
3377,10.69
3378,9.62
3379,9.75
3380,9.55
3381,9.31
3382,11.8
3383,14.81
3384,15.53
3385,17.07
3386,19.76
3387,22.73
3388,23.02
3389,23.5
3390,23.42
3391,23.52
3392,23.6
3393,23.6
3394,23.51
3395,23.44
3396,23.45
3397,23.46
3398,22.18
3399,21.92
3400,21.14
3401,19.93
3402,20.34
3403,19.59
3404,17.75
3405,14.6
3406,11.74
3407,10.95
3408,10.83
3409,11.5
3410,10.41
3411,10.22
3412,10.77
3413,11.15
3414,11.22
3415,10.22
3416,11.92
3417,10.92
3418,11.92
3419,11.92
3420,10.44
3421,10.83
3422,11.24
3423,10.88
3424,10.22
3425,10.9
3426,11.42
3427,11.38
3428,10.79
3429,11.13
3430,11.56
3431,11.46
3432,11.06
3433,11.05
3434,11.09
3435,10.6
3436,11.14
3437,11.11
3438,10.98
3439,10.71
3440,10.86
3441,11.2
3442,10.6
3443,11.7
3444,10.84
3445,10.64
3446,10.89
3447,11.23
3448,11.74
3449,10.71
3450,11.21
3451,11.31
3452,10.77
3453,11.16
3454,11.92
3455,11.17
3456,10.76
3457,10.35
3458,10.71
3459,11.51
3460,10.74
3461,10.29
3462,11.92
3463,11.92
3464,11.54
3465,11.05
3466,10.93
3467,11.9
3468,11.92
3469,10.48
3470,11.8
3471,13.09
3472,15.42
3473,16.6
3474,19.84
3475,20.74
3476,22.84
3477,24.41
3478,26.75
3479,26.55
3480,26.47
3481,26.4
3482,26.47
3483,25.93
3484,23.98
3485,24.28
3486,23.22
3487,22.82
3488,21.96
3489,20.66
3490,20.1
3491,17.16
3492,13.26
3493,12.19
3494,11.73
3495,11.75
3496,11.29
3497,12.32
3498,12.77
3499,12.43
3500,12.42
3501,12.59
3502,12.32
3503,11.87
3504,11.92
3505,12.41
3506,12.32
3507,11.29
3508,11.42
3509,12.25
3510,12.95
3511,11.99
3512,12.38
3513,12.99
3514,11.29
3515,12.99
3516,12.03
3517,12.05
3518,12.14
3519,11.29
3520,12.72
3521,12.17
3522,12.13
3523,12.99
3524,12.01
3525,12.29
3526,12.82
3527,11.61
3528,11.64
3529,11.96
3530,11.97
3531,12.36
3532,12.19
3533,12.25
3534,12.99
3535,12.63
3536,12.38
3537,12.99
3538,12.68
3539,12.59
3540,12.39
3541,12.27
3542,12.07
3543,12.34
3544,12.53
3545,12.8
3546,11.53
3547,11.71
3548,12.56
3549,12.03
3550,12.02
3551,12.99
3552,11.88
3553,12.21
3554,11.48
3555,12.99
3556,11.29
3557,11.29
3558,11.29
3559,11.95
3560,14.31
3561,15.81
3562,18.28
3563,20.19
3564,21.89
3565,23.93
3566,25.79
3567,27.68
3568,29.14
3569,29.6
3570,29.56
3571,29.48
3572,29.52
3573,28.8
3574,28.28
3575,26.97
3576,26.27
3577,24.74
3578,24.12
3579,24.07
3580,23.06
3581,18.69
3582,15.8
3583,13.11
3584,12.73
3585,12.92
3586,13.12
3587,12.83
3588,12.88
3589,13.52
3590,12.53
3591,14.03
3592,14.06
3593,12.69
3594,12.62
3595,12.89
3596,13.33
3597,13.77
3598,13.33
3599,13.97
3600,13.97
3601,12.99
3602,13.47
3603,13.54
3604,13.28
3605,13.16
3606,12.56
3607,12.49
3608,12.8
3609,13.72
3610,13.56
3611,12.36
3612,12.64
3613,12.89
3614,14.06
3615,13.58
3616,12.94
3617,15.15
3618,16.92
3619,19.09
3620,20.52
3621,23.16
3622,24.72
3623,25.12
3624,25.51
3625,25.45
3626,25.52
3627,25.46
3628,25.6
3629,25.45
3630,23.82
3631,23.13
3632,23.06
3633,21.85
3634,20.94
3635,20.99
3636,19.37
3637,17.46
3638,14.11
3639,14.13
3640,14.37
3641,13.76
3642,14.84
3643,14.16
3644,14.59
3645,14.29
3646,14.68
3647,14.99
3648,14.41
3649,14.62
3650,14.23
3651,15.03
3652,15.14
3653,13.76
3654,13.88
3655,14.24
3656,13.81
3657,14.31
3658,14.44
3659,14.78
3660,13.75
3661,15.14
3662,15.14
3663,14.49
3664,13.82
3665,13.64
3666,14.43
3667,14.17
3668,14.95
3669,13.76
3670,14.09
3671,14.33
3672,14.74
3673,14.31
3674,13.87
3675,14.31
3676,13.69
3677,14.39
3678,14.43
3679,14.71
3680,14.21
3681,14.66
3682,14.91
3683,13.7
3684,13.87
3685,13.68
3686,13.98
3687,13.44
3688,13.66
3689,14.7
3690,13.85
3691,14.46
3692,14.6
3693,13.93
3694,13.61
3695,14.28
3696,14.16
3697,14.31
3698,17.12
3699,17.41
3700,19.93
3701,22.13
3702,24.98
3703,24.51
3704,24.53
3705,24.5
3706,24.42
3707,24.47
3708,24.52
3709,24.49
3710,23.24
3711,23.17
3712,22.91
3713,20.54
3714,19.99
3715,19.31
3716,18.3
3717,16.52
3718,15.86
3719,15.76
3720,15.39
3721,15.02
3722,15.78
3723,15.48
3724,15.3
3725,15.89
3726,16.12
3727,14.86
3728,16.21
3729,14.51
3730,15.79
3731,16.1
3732,15.48
3733,15.68
3734,16.21
3735,14.52
3736,18.13
3737,19.54
3738,21.81
3739,22.75
3740,25.18
3741,27.68
3742,27.87
3743,27.44
3744,27.53
3745,27.5
3746,27.53
3747,27.6
3748,27.6
3749,26.95
3750,25.18
3751,24.58
3752,24.94
3753,23.38
3754,22.27
3755,21.8
3756,21.25
3757,16.84
3758,17.28
3759,16.64
3760,16.67
3761,17.28
3762,16.43
3763,15.94
3764,16.51
3765,17.07
3766,16.23
3767,16.16
3768,16.21
3769,17.14
3770,16.98
3771,15.99
3772,16.42
3773,15.97
3774,16.76
3775,16.81
3776,17.04
3777,16.51
3778,16.52
3779,16.79
3780,17.09
3781,16.24
3782,16.15
3783,16.74
3784,16.57
3785,16.99
3786,16.44
3787,17.18
3788,17.28
3789,16.65
3790,16.8
3791,17.1
3792,16.55
3793,15.58
3794,17.25
3795,16.02
3796,15.62
3797,18.65
3798,20.16
3799,22.3
3800,22.41
3801,22.51
3802,22.55
3803,22.4
3804,22.4
3805,22.6
3806,22.44
3807,22.6
3808,22.41
3809,18.08
3810,17.18
3811,17.62
3812,17.43
3813,17.94
3814,16.65
3815,17.57
3816,18.04
3817,17.34
3818,17.23
3819,17.86
3820,17.25
3821,17.36
3822,17.39
3823,18.01
3824,18.2
3825,17.75
3826,17.39
3827,16.75
3828,17.85
3829,16.82
3830,17.81
3831,17.01
3832,17.18
3833,17.3
3834,18.21
3835,17.03
3836,17.09
3837,16.98
3838,16.99
3839,17.61
3840,16.95
3841,17.77
3842,17.59
3843,17.95
3844,17.74
3845,17.27
3846,17.68
3847,17.55
3848,17.37
3849,17.32
3850,16.65
3851,17.15
3852,17.95
3853,17.78
3854,18.09
3855,17.72
3856,16.65
3857,17.97
3858,17.21
3859,17.28
3860,17.2
3861,17.8
3862,17.5
3863,16.97
3864,16.86
3865,19.32
3866,20.61
3867,23.72
3868,25.86
3869,25.0
3870,25.58
3871,25.52
3872,25.41
3873,25.49
3874,25.53
3875,25.42
3876,23.93
3877,23.98
3878,23.0
3879,22.19
3880,21.66
3881,20.49
3882,19.79
3883,16.82
3884,12.82
3885,10.98
3886,10.01
3887,9.77
3888,9.57
3889,10.7
3890,10.66
3891,10.08
3892,10.85
3893,10.68
3894,9.56
3895,9.37
3896,9.95
3897,10.34
3898,9.8
3899,10.08
3900,9.34
3901,10.33
3902,9.28
3903,9.56
3904,10.08
3905,10.84
3906,10.12
3907,10.48
3908,10.01
3909,9.71
3910,10.44
3911,9.94
3912,9.15
3913,9.15
3914,9.96
3915,9.32
3916,9.75
3917,10.24
3918,9.15
3919,9.69
3920,9.77
3921,9.59
3922,9.74
3923,9.81
3924,10.09
3925,10.74
3926,9.65
3927,10.0
3928,10.35
3929,9.15
3930,10.11
3931,10.08
3932,9.73
3933,10.64
3934,9.58
3935,9.62
3936,9.79
3937,9.64
3938,9.94
3939,10.1
3940,10.18
3941,10.68
3942,9.95
3943,9.62
3944,9.89
3945,10.43
3946,12.07
3947,14.26
3948,15.87
3949,17.07
3950,19.75
3951,21.1
3952,24.29
3953,25.31
3954,27.33
3955,29.67
3956,29.45
3957,29.48
3958,29.53
3959,29.53
3960,28.79
3961,27.13
3962,26.48
3963,26.32
3964,24.42
3965,23.87
3966,23.72
3967,22.56
3968,19.22
3969,16.44
3970,13.55
3971,11.76
3972,11.3
3973,10.76
3974,10.76
3975,10.75
3976,10.84
3977,11.02
3978,10.22
3979,10.85
3980,11.35
3981,13.54
3982,15.02
3983,16.25
3984,19.33
3985,21.22
3986,22.59
3987,22.6
3988,22.6
3989,22.48
3990,22.55
3991,22.49
3992,22.42
3993,22.6
3994,22.06
3995,21.2
3996,19.56
3997,19.78
3998,18.55
3999,17.16
4000,16.82
4001,13.22
4002,12.34
4003,12.99
4004,12.05
4005,12.53
4006,12.59
4007,11.29
4008,12.82
4009,12.27
4010,12.58
4011,11.29
4012,11.47
4013,12.05
4014,11.81
4015,12.32
4016,12.47
4017,12.2
4018,12.7
4019,12.23
4020,12.29
4021,12.36
4022,12.4
4023,12.29
4024,11.44
4025,12.44
4026,11.29
4027,12.3
4028,12.46
4029,11.95
4030,12.31
4031,11.91
4032,11.9
4033,11.97
4034,11.93
4035,11.73
4036,11.87
4037,12.33
4038,12.61
4039,12.79
4040,11.43
4041,12.6
4042,12.19
4043,11.81
4044,12.55
4045,13.65
4046,16.1
4047,18.54
4048,20.35
4049,22.33
4050,23.85
4051,25.11
4052,24.56
4053,24.4
4054,24.48
4055,24.4
4056,24.4
4057,24.47
4058,23.99
4059,22.54
4060,22.01
4061,21.15
4062,20.36
4063,19.44
4064,18.71
4065,16.52
4066,13.59
4067,12.78
4068,13.73
4069,12.6
4070,13.13
4071,13.41
4072,12.67
4073,13.33
4074,12.66
4075,12.6
4076,12.55
4077,12.98
4078,12.89
4079,13.81
4080,12.58
4081,12.36
4082,12.57
4083,13.1
4084,13.09
4085,13.21
4086,13.44
4087,12.57
4088,12.94
4089,13.22
4090,13.43
4091,13.3
4092,13.51
4093,12.75
4094,14.06
4095,13.86
4096,13.7
4097,13.13
4098,13.14
4099,12.83
4100,12.87
4101,13.71
4102,13.21
4103,13.15
4104,13.49
4105,15.17
4106,16.5
4107,18.77
4108,21.08
4109,22.82
4110,25.94
4111,27.39
4112,28.2
4113,31.35
4114,33.85
4115,35.23
4116,36.06
4117,37.64
4118,39.75
4119,39.99
4120,42.06
4121,41.48
4122,41.54
4123,41.56
4124,41.54
4125,41.49
4126,41.48
4127,41.51
4128,41.55
4129,41.51
4130,41.51
4131,41.52
4132,41.55
4133,41.42
4134,41.5
4135,41.58
4136,41.42
4137,41.49
4138,41.45
4139,41.58
4140,41.48
4141,41.45
4142,41.53
4143,41.48
4144,41.57
4145,41.47
4146,41.48
4147,41.45
4148,41.47
4149,41.41
4150,41.45
4151,41.4
4152,41.52
4153,41.4
4154,41.56
4155,41.52
4156,41.48
4157,41.53
4158,41.6
4159,41.56
4160,41.49
4161,41.51
4162,41.56
4163,41.52
4164,41.6
4165,41.51
4166,41.53
4167,41.59
4168,41.5
4169,41.47
4170,41.6
4171,41.52
4172,41.47
4173,41.52
4174,41.59
4175,41.57
4176,41.5
4177,41.47
4178,41.48
4179,41.5
4180,41.55
4181,41.44
4182,41.57
4183,41.44
4184,41.4
4185,40.23
4186,39.59
4187,37.93
4188,37.6
4189,37.35
4190,35.47
4191,35.41
4192,34.51
4193,32.48
4194,32.53
4195,28.73
4196,25.38
4197,21.41
4198,18.86
4199,16.11
4200,13.91
4201,14.11
4202,14.48
4203,13.45
4204,14.17
4205,14.37
4206,14.2
4207,13.76
4208,14.56
4209,14.84
4210,14.53
4211,13.71
4212,13.53
4213,14.49
4214,13.94
4215,14.37
4216,13.78
4217,13.44
4218,14.19
4219,14.54
4220,13.7
4221,14.66
4222,14.41
4223,13.44
4224,13.78
4225,15.14
4226,14.59
4227,14.37
4228,14.31
4229,15.04
4230,14.93
4231,14.39
4232,14.89
4233,14.37
4234,13.45
4235,13.94
4236,15.14
4237,14.72
4238,16.14
4239,18.74
4240,19.64
4241,22.07
4242,23.96
4243,25.97
4244,27.79
4245,28.84
4246,28.5
4247,28.6
4248,28.46
4249,28.45
4250,28.6
4251,28.6
4252,27.59
4253,26.4
4254,25.94
4255,24.83
4256,24.79
4257,24.02
4258,22.63
4259,22.32
4260,18.63
4261,15.36
4262,14.59
4263,16.0
4264,15.04
4265,14.56
4266,15.59
4267,14.51
4268,15.79
4269,15.51
4270,15.5
4271,14.9
4272,15.55
4273,16.12
4274,15.43
4275,15.2
4276,15.72
4277,15.42
4278,15.78
4279,14.75
4280,14.83
4281,15.12
4282,14.51
4283,15.57
4284,14.73
4285,15.8
4286,15.08
4287,15.33
4288,16.21
4289,15.55
4290,15.52
4291,15.32
4292,15.69
4293,15.3
4294,15.21
4295,14.51
4296,15.71
4297,15.46
4298,15.51
4299,15.37
4300,15.81
4301,15.66
4302,14.86
4303,16.11
4304,14.59
4305,15.41
4306,15.45
4307,15.4
4308,15.55
4309,15.88
4310,15.37
4311,15.13
4312,15.14
4313,15.38
4314,15.55
4315,14.51
4316,16.88
4317,19.87
4318,20.45
4319,23.06
4320,25.48
4321,28.09
4322,29.25
4323,30.75
4324,32.39
4325,33.94
4326,33.4
4327,33.6
4328,33.47
4329,33.44
4330,33.46
4331,33.49
4332,33.44
4333,33.54
4334,33.4
4335,33.48
4336,33.47
4337,33.5
4338,33.42
4339,33.56
4340,33.51
4341,33.52
4342,33.52
4343,33.6
4344,33.58
4345,33.5
4346,31.73
4347,31.71
4348,30.96
4349,30.74
4350,28.65
4351,28.1
4352,27.36
4353,26.27
4354,24.76
4355,22.77
4356,18.95
4357,15.96
4358,16.89
4359,16.55
4360,16.57
4361,17.01
4362,16.95
4363,16.45
4364,16.15
4365,17.28
4366,17.0
4367,15.94
4368,15.99
4369,16.91
4370,16.12
4371,16.71
4372,16.92
4373,16.81
4374,16.34
4375,15.58
4376,18.05
4377,20.97
4378,22.24
4379,23.5
4380,26.32
4381,28.86
4382,29.76
4383,29.56
4384,29.4
4385,29.42
4386,29.58
4387,28.16
4388,26.92
4389,26.07
4390,25.96
4391,24.99
4392,24.57
4393,23.76
4394,22.81
4395,20.09
4396,17.65
4397,17.26
4398,18.35
4399,17.51
4400,17.63
4401,18.12
4402,16.93
4403,17.11
4404,17.97
4405,19.72
4406,21.2
4407,23.45
4408,25.8
4409,25.32
4410,25.43
4411,25.52
4412,25.51
4413,25.4
4414,25.47
4415,25.45
4416,25.43
4417,23.48
4418,23.15
4419,22.32
4420,21.53
4421,20.88
4422,20.02
4423,16.57
4424,13.13
4425,10.98
4426,6.27
4427,3.96
4428,0.57
4429,0.0
4430,0.0
4431,0.0
4432,0.0
4433,0.0
4434,0.0
4435,0.0
4436,0.0
4437,0.0
4438,0.0
4439,0.0
4440,0.0
4441,0.0
4442,0.0
4443,0.0
4444,0.0
4445,0.0
4446,0.0
4447,0.0
4448,0.0
4449,0.0
4450,0.0
4451,0.0
4452,0.0
4453,0.0
4454,0.0
4455,0.0
4456,0.0
4457,0.0
4458,0.0
4459,0.0
4460,0.0
4461,0.0
4462,0.0
4463,0.0
4464,0.0
4465,0.0
4466,0.0
4467,0.0
4468,0.0
4469,0.0
4470,0.0
4471,0.0
4472,0.0
4473,0.0
4474,0.0
4475,0.0
4476,0.0
4477,0.0
4478,0.0
4479,0.0
4480,0.0
4481,0.0
4482,0.0
4483,0.0
4484,0.0
4485,0.0
4486,0.0
4487,0.0
4488,0.0
4489,0.0
4490,0.0
4491,0.0
4492,0.0
4493,0.0
4494,0.0
4495,0.0
4496,0.0
4497,0.0
4498,0.0
4499,0.0
4500,0.0
4501,0.0
4502,0.0
4503,0.0
4504,0.0
4505,0.0
4506,0.0
4507,0.0
4508,0.0
4509,0.0
4510,0.0
4511,0.0
4512,0.0
4513,0.0
4514,0.0
4515,0.0
4516,0.0
4517,0.0
4518,0.0
4519,0.0
4520,0.0
4521,0.0
4522,0.0
4523,0.0
4524,0.0
4525,0.0
4526,0.0
4527,0.0
4528,0.0
4529,0.0
4530,0.0
4531,0.0
4532,0.0
4533,0.0
4534,0.0
4535,0.0
4536,0.0
4537,0.0
4538,0.0
4539,0.0
4540,0.0
4541,0.0
4542,0.0
4543,0.0
4544,0.0
4545,0.0
4546,0.0
4547,0.0
4548,0.0
4549,0.0
4550,0.0
4551,0.0
4552,0.0
4553,0.0
4554,0.0
4555,0.0
4556,0.0
4557,0.0
4558,0.0
4559,0.0
4560,0.0
4561,0.0
4562,0.0
4563,0.0
4564,0.0
4565,0.0
4566,0.0
4567,0.0
4568,0.0
4569,0.0
4570,0.0
4571,0.0
4572,0.0
4573,0.0
4574,0.0
4575,0.0
4576,0.0
4577,0.0
4578,0.0
4579,0.0
4580,0.0
4581,0.0
4582,0.0
4583,0.0
4584,0.0
4585,0.0
4586,0.0
4587,0.0
4588,0.0
4589,0.0
4590,0.0
4591,0.0
4592,0.0
4593,0.0
4594,0.0
4595,0.0
4596,0.0
4597,0.0
4598,0.0
4599,0.0
4600,0.0
4601,0.0
4602,0.0
4603,0.0
4604,0.0
4605,0.0
4606,0.0
4607,0.0
4608,0.0
4609,0.0
4610,0.0
4611,0.0
4612,0.0
4613,0.0
4614,0.0
4615,0.0
4616,0.0
4617,0.0
4618,0.0
4619,0.0
4620,0.0
4621,0.0
4622,0.0
4623,0.0
4624,0.0
4625,0.0
4626,0.0
4627,0.0
4628,0.0
4629,0.0
4630,0.0
4631,0.0
4632,0.0
4633,0.0
4634,0.0
4635,0.0
4636,0.0
4637,0.0
4638,0.0
4639,0.0
4640,0.0
4641,0.0
4642,0.0
4643,0.0
4644,0.0
4645,0.0
4646,0.0
4647,0.0
4648,0.0
4649,0.0
4650,0.0
4651,0.0
4652,0.0
4653,0.0
4654,0.0
4655,0.0
4656,0.0
4657,0.0
4658,0.0
4659,0.0
4660,0.0
4661,0.0
4662,0.0
4663,0.0
4664,0.0
4665,0.0
4666,0.0
4667,0.0
4668,0.0
4669,0.0
4670,0.0
4671,0.0
4672,0.0
4673,0.0
4674,0.0
4675,0.0
4676,0.0
4677,0.0
4678,0.0
4679,0.0
4680,0.0
4681,0.0
4682,0.0
4683,0.0
4684,0.0
4685,0.0
4686,0.0
4687,0.0
4688,0.0
4689,0.0
4690,0.0
4691,0.0
4692,0.0
4693,0.0
4694,0.0
4695,0.0
4696,0.0
4697,0.0
4698,0.0
4699,0.0
4700,0.0
4701,0.0
4702,0.0
4703,0.0
4704,0.0
4705,0.0
4706,0.0
4707,0.0
4708,0.0
4709,0.0
4710,0.0
4711,0.0
4712,0.0
4713,0.0
4714,0.0
4715,0.0
4716,0.0
4717,0.0
4718,0.0
4719,0.0
4720,0.0
4721,0.0
4722,0.0
4723,0.0
4724,0.0
4725,0.0
4726,0.0
4727,0.0
4728,0.0
4729,0.0
4730,2.43
4731,4.56
4732,5.53
4733,7.52
4734,9.41
4735,12.61
4736,13.83
4737,16.07
4738,17.89
4739,19.6
4740,22.36
4741,22.71
4742,22.56
4743,22.55
4744,22.54
4745,22.47
4746,22.49
4747,22.48
4748,22.5
4749,22.15
4750,21.0
4751,19.31
4752,18.93
4753,18.33
4754,17.99
4755,17.04
4756,14.32
4757,10.97
4758,10.67
4759,10.52
4760,10.95
4761,10.87
4762,11.27
4763,11.67
4764,11.14
4765,10.82
4766,11.6
4767,10.53
4768,11.39
4769,11.71
4770,11.44
4771,11.67
4772,11.27
4773,11.55
4774,10.5
4775,11.7
4776,11.09
4777,10.61
4778,11.07
4779,11.25
4780,10.93
4781,11.76
4782,11.43
4783,11.44
4784,11.31
4785,10.4
4786,11.28
4787,10.83
4788,11.38
4789,11.12
4790,10.77
4791,11.4
4792,11.3
4793,11.25
4794,11.55
4795,11.52
4796,11.61
4797,10.82
4798,11.1
4799,11.08
4800,11.4
4801,10.41
4802,10.31
4803,11.41
4804,10.37
4805,10.59
4806,10.77
4807,10.76
4808,11.1
4809,10.58
4810,11.18
4811,11.92
4812,11.44
4813,10.9
4814,11.47
4815,11.19
4816,11.59
4817,11.25
4818,11.92
4819,11.29
4820,12.78
4821,14.18
4822,16.33
4823,19.06
4824,20.2
4825,22.7
4826,24.89
4827,26.46
4828,29.4
4829,29.64
4830,29.58
4831,29.6
4832,29.5
4833,29.53
4834,28.92
4835,27.88
4836,26.56
4837,25.33
4838,25.36
4839,24.06
4840,23.68
4841,22.88
4842,19.76
4843,16.73
4844,13.29
4845,12.48
4846,11.32
4847,12.24
4848,11.41
4849,12.58
4850,12.88
4851,12.14
4852,12.27
4853,12.77
4854,11.62
4855,11.86
4856,11.63
4857,12.11
4858,11.98
4859,11.29
4860,11.29
4861,12.35
4862,12.0
4863,12.22
4864,11.54
4865,12.99
4866,11.42
4867,12.31
4868,11.35
4869,11.96
4870,12.62
4871,12.31
4872,12.74
4873,11.95
4874,12.02
4875,12.71
4876,12.67
4877,11.43
4878,12.08
4879,11.86
4880,12.99
4881,12.23
4882,12.07
4883,12.08
4884,11.67
4885,11.47
4886,12.63
4887,11.83
4888,13.35
4889,16.32
4890,17.87
4891,19.75
4892,22.08
4893,24.28
4894,25.08
4895,24.51
4896,24.45
4897,24.5
4898,24.53
4899,24.51
4900,24.5
4901,23.81
4902,22.86
4903,21.62
4904,21.16
4905,19.62
4906,19.46
4907,19.38
4908,16.21
4909,12.88
4910,12.71
4911,14.06
4912,13.69
4913,12.88
4914,13.02
4915,13.59
4916,13.37
4917,14.05
4918,13.32
4919,12.96
4920,13.81
4921,13.6
4922,12.82
4923,13.12
4924,12.76
4925,13.27
4926,12.41
4927,12.77
4928,13.6
4929,13.13
4930,13.13
4931,13.16
4932,13.51
4933,13.63
4934,14.0
4935,13.9
4936,12.9
4937,14.06
4938,14.06
4939,13.04
4940,12.36
4941,13.49
4942,12.93
4943,12.84
4944,12.55
4945,13.3
4946,13.18
4947,12.86
4948,13.74
4949,13.7
4950,13.21
4951,13.72
4952,13.75
4953,13.14
4954,13.98
4955,12.57
4956,13.84
4957,13.61
4958,12.58
4959,12.72
4960,13.8
4961,14.05
4962,12.7
4963,12.99
4964,12.45
4965,12.48
4966,13.22
4967,12.4
4968,13.59
4969,13.08
4970,12.97
4971,13.53
4972,13.38
4973,13.63
4974,12.73
4975,13.82
4976,12.36
4977,13.42
4978,13.33
4979,15.43
4980,17.4
4981,18.78
4982,20.44
4983,23.24
4984,25.61
4985,27.4
4986,29.48
4987,30.43
4988,33.72
4989,32.96
4990,33.48
4991,33.6
4992,33.48
4993,33.48
4994,33.59
4995,33.54
4996,33.51
4997,33.54
4998,33.49
4999,33.4
5000,33.49
5001,33.43
5002,33.47
5003,33.51
5004,33.47
5005,33.44
5006,33.48
5007,33.45
5008,33.43
5009,33.54
5010,32.44
5011,32.15
5012,30.13
5013,29.04
5014,28.61
5015,28.31
5016,27.82
5017,26.72
5018,25.84
5019,21.91
5020,19.32
5021,16.21
5022,14.32
5023,14.83
5024,15.67
5025,18.32
5026,20.46
5027,22.88
5028,23.34
5029,26.9
5030,28.35
5031,30.54
5032,30.29
5033,30.5
5034,30.45
5035,30.47
5036,30.52
5037,30.6
5038,30.49
5039,29.28
5040,29.25
5041,28.32
5042,26.98
5043,25.96
5044,25.22
5045,24.94
5046,24.55
5047,19.76
5048,17.03
5049,15.3
5050,15.75
5051,15.83
5052,15.15
5053,15.1
5054,15.37
5055,15.63
5056,15.55
5057,15.66
5058,14.51
5059,14.56
5060,16.17
5061,14.75
5062,14.51
5063,15.13
5064,15.69
5065,14.51
5066,15.87
5067,15.71
5068,15.39
5069,15.62
5070,15.27
5071,15.52
5072,15.74
5073,16.08
5074,15.3
5075,15.03
5076,15.41
5077,15.99
5078,15.69
5079,17.75
5080,19.02
5081,21.24
5082,23.62
5083,25.47
5084,27.24
5085,29.44
5086,32.05
5087,33.52
5088,35.22
5089,36.26
5090,36.48
5091,36.54
5092,36.48
5093,36.55
5094,36.46
5095,36.58
5096,36.44
5097,36.48
5098,36.46
5099,36.47
5100,36.44
5101,36.44
5102,36.48
5103,36.55
5104,36.45
5105,36.5
5106,36.4
5107,36.48
5108,36.46
5109,36.44
5110,36.5
5111,36.45
5112,36.51
5113,36.6
5114,36.5
5115,36.58
5116,36.51
5117,36.55
5118,36.58
5119,36.46
5120,36.6
5121,36.52
5122,36.54
5123,36.56
5124,36.45
5125,36.53
5126,36.55
5127,36.47
5128,36.43
5129,36.4
5130,36.52
5131,36.5
5132,36.57
5133,36.46
5134,36.45
5135,35.38
5136,35.34
5137,33.29
5138,31.89
5139,31.4
5140,30.84
5141,30.56
5142,30.02
5143,27.88
5144,25.32
5145,22.11
5146,18.46
5147,16.77
5148,15.93
5149,15.96
5150,15.58
5151,16.58
5152,15.76
5153,16.87
5154,16.64
5155,15.66
5156,16.12
5157,16.86
5158,16.12
5159,17.02
5160,16.45
5161,16.04
5162,17.11
5163,16.01
5164,16.89
5165,16.35
5166,16.26
5167,16.27
5168,16.34
5169,16.82
5170,15.89
5171,16.1
5172,16.63
5173,16.93
5174,16.7
5175,17.08
5176,17.56
5177,19.65
5178,22.89
5179,24.71
5180,26.66
5181,27.72
5182,29.92
5183,29.66
5184,30.43
5185,30.44
5186,30.52
5187,30.46
5188,30.55
5189,30.47
5190,28.81
5191,29.46
5192,28.73
5193,26.18
5194,26.13
5195,25.56
5196,24.05
5197,23.11
5198,21.31
5199,16.97
5200,17.61
5201,17.22
5202,17.5
5203,16.91
5204,17.55
5205,16.94
5206,17.38
5207,18.2
5208,16.77
5209,17.65
5210,17.19
5211,16.65
5212,17.23
5213,17.55
5214,17.63
5215,17.68
5216,17.08
5217,18.03
5218,17.72
5219,17.12
5220,17.34
5221,17.27
5222,17.55
5223,17.32
5224,17.85
5225,16.81
5226,16.66
5227,16.65
5228,16.65
5229,18.35
5230,17.3
5231,18.23
5232,17.58
5233,17.95
5234,17.79
5235,17.67
5236,17.01
5237,18.3
5238,18.04
5239,17.57
5240,17.51
5241,16.88
5242,17.67
5243,17.44
5244,17.6
5245,16.97
5246,18.33
5247,17.95
5248,17.67
5249,17.81
5250,16.82
5251,17.17
5252,18.25
5253,17.32
5254,17.82
5255,17.95
5256,17.71
5257,17.48
5258,18.35
5259,18.02
5260,17.18
5261,18.35
5262,19.13
5263,21.79
5264,23.8
5265,23.3
5266,23.54
5267,23.45
5268,23.52
5269,23.51
5270,23.49
5271,23.48
5272,23.47
5273,23.47
5274,23.57
5275,23.54
5276,22.26
5277,21.69
5278,19.93
5279,20.36
5280,19.1
5281,17.71
5282,14.68
5283,11.27
5284,9.78
5285,9.15
5286,9.15
5287,10.1
5288,9.15
5289,9.93
5290,9.85
5291,9.6
5292,10.65
5293,9.98
5294,9.95
5295,10.85
5296,9.41
5297,9.82
5298,9.76
5299,10.34
5300,9.97
5301,9.15
5302,10.67
5303,9.75
5304,9.75
5305,10.35
5306,12.16
5307,13.81
5308,16.44
5309,17.85
5310,20.3
5311,22.52
5312,23.64
5313,25.71
5314,27.47
5315,29.18
5316,32.58
5317,33.93
5318,34.3
5319,34.56
5320,34.59
5321,34.57
5322,34.51
5323,34.4
5324,34.44
5325,34.45
5326,34.55
5327,34.59
5328,34.53
5329,34.45
5330,34.52
5331,34.49
5332,34.51
5333,34.58
5334,34.46
5335,34.4
5336,34.45
5337,34.56
5338,34.57
5339,34.6
5340,34.55
5341,34.5
5342,34.6
5343,34.57
5344,34.6
5345,34.58
5346,34.51
5347,34.48
5348,34.52
5349,34.51
5350,34.4
5351,34.51
5352,34.52
5353,32.76
5354,32.86
5355,31.91
5356,30.44
5357,30.73
5358,29.32
5359,27.37
5360,27.08
5361,25.66
5362,22.42
5363,20.74
5364,16.91
5365,14.27
5366,11.75
5367,11.92
5368,11.06
5369,11.45
5370,11.12
5371,10.28
5372,11.19
5373,10.22
5374,10.81
5375,10.87
5376,11.17
5377,10.78
5378,10.32
5379,11.48
5380,10.22
5381,11.92
5382,11.0
5383,11.26
5384,10.89
5385,10.99
5386,11.1
5387,10.93
5388,10.99
5389,11.32
5390,11.16
5391,11.0
5392,11.23
5393,10.87
5394,11.02
5395,10.54
5396,11.54
5397,10.69
5398,11.34
5399,10.77
5400,10.92
5401,10.52
5402,10.22
5403,10.81
5404,11.28
5405,12.52
5406,14.62
5407,16.7
5408,18.66
5409,20.88
5410,22.7
5411,22.49
5412,22.52
5413,22.53
5414,22.44
5415,22.49
5416,22.4
5417,22.4
5418,21.93
5419,20.96
5420,20.96
5421,18.99
5422,18.54
5423,18.17
5424,16.27
5425,13.8
5426,12.34
5427,12.16
5428,11.69
5429,12.48
5430,12.53
5431,11.98
5432,11.74
5433,12.46
5434,12.68
5435,11.75
5436,11.63
5437,12.4
5438,11.61
5439,11.92
5440,12.15
5441,12.09
5442,12.39
5443,12.25
5444,11.48
5445,12.52
5446,11.78
5447,12.56
5448,12.31
5449,11.86
5450,11.99
5451,12.28
5452,12.97
5453,11.29
5454,11.96
5455,11.29
5456,12.99
5457,12.02
5458,12.99
5459,12.89
5460,11.82
5461,12.43
5462,12.87
5463,11.52
5464,12.07
5465,12.11
5466,11.94
5467,12.85
5468,11.51
5469,12.48
5470,12.37
5471,12.14
5472,11.86
5473,12.61
5474,12.57
5475,11.37
5476,12.04
5477,11.75
5478,11.57
5479,11.61
5480,13.57
5481,16.19
5482,18.43
5483,19.54
5484,21.32
5485,24.3
5486,26.2
5487,27.26
5488,27.57
5489,27.56
5490,27.46
5491,27.52
5492,27.44
5493,27.55
5494,27.5
5495,25.31
5496,25.63
5497,24.64
5498,22.49
5499,22.78
5500,20.92
5501,21.03
5502,17.52
5503,14.42
5504,13.33
5505,13.17
5506,12.84
5507,13.34
5508,12.97
5509,12.92
5510,13.06
5511,13.8
5512,12.81
5513,13.51
5514,13.25
5515,13.27
5516,13.57
5517,12.58
5518,13.53
5519,13.46
5520,13.24
5521,13.48
5522,13.35
5523,12.36
5524,14.05
5525,13.24
5526,13.45
5527,12.61
5528,14.44
5529,16.32
5530,19.4
5531,21.1
5532,23.15
5533,25.94
5534,27.7
5535,27.72
5536,27.44
5537,27.55
5538,27.54
5539,27.52
5540,27.4
5541,27.4
5542,26.7
5543,26.22
5544,25.55
5545,25.0
5546,22.85
5547,22.16
5548,21.6
5549,20.82
5550,17.96
5551,14.59
5552,14.08
5553,14.0
5554,14.37
5555,14.32
5556,14.42
5557,13.76
5558,13.66
5559,14.93
5560,14.2
5561,13.98
5562,13.95
5563,14.73
5564,14.27
5565,14.17
5566,14.33
5567,14.12
5568,13.9
5569,14.38
5570,14.58
5571,14.1
5572,15.14
5573,14.77
5574,13.44
5575,13.59
5576,14.08
5577,14.51
5578,13.92
5579,13.44
5580,14.01
5581,13.98
5582,14.82
5583,14.49
5584,14.69
5585,14.81
5586,14.53
5587,13.44
5588,16.17
5589,18.33
5590,19.71
5591,21.98
5592,22.94
5593,22.51
5594,22.4
5595,22.42
5596,22.59
5597,22.51
5598,22.47
5599,22.47
5600,21.17
5601,20.63
5602,20.17
5603,19.29
5604,18.94
5605,17.72
5606,17.24
5607,14.51
5608,15.31
5609,14.87
5610,15.42
5611,15.69
5612,16.21
5613,16.07
5614,15.63
5615,16.18
5616,14.51
5617,15.31
5618,15.64
5619,15.44
5620,15.43
5621,15.44
5622,16.04
5623,16.15
5624,14.88
5625,15.37
5626,15.45
5627,14.52
5628,15.45
5629,15.56
5630,15.05
5631,16.03
5632,15.03
5633,16.94
5634,20.03
5635,21.63
5636,23.72
5637,25.06
5638,24.95
5639,25.4
5640,25.56
5641,25.53
5642,25.51
5643,25.51
5644,25.42
5645,25.52
5646,19.24
5647,16.93
5648,16.68
5649,16.97
5650,16.45
5651,16.07
5652,15.96
5653,15.76
5654,16.74
5655,16.74
5656,16.35
5657,16.36
5658,15.58
5659,16.81
5660,16.62
5661,16.72
5662,16.71
5663,16.41
5664,16.74
5665,15.94
5666,16.31
5667,16.79
5668,16.04
5669,17.06
5670,16.35
5671,16.29
5672,16.93
5673,16.75
5674,16.43
5675,16.47
5676,16.36
5677,16.7
5678,16.03
5679,16.95
5680,18.17
5681,20.21
5682,21.9
5683,24.67
5684,26.14
5685,27.66
5686,30.97
5687,31.62
5688,31.6
5689,31.57
5690,31.53
5691,31.4
5692,31.47
5693,31.4
5694,31.43
5695,31.52
5696,31.6
5697,31.4
5698,31.48
5699,30.81
5700,29.53
5701,28.93
5702,27.2
5703,27.25
5704,26.59
5705,24.92
5706,24.82
5707,23.75
5708,21.3
5709,17.16
5710,18.1
5711,18.09
5712,18.35
5713,16.97
5714,17.23
5715,16.65
5716,17.35
5717,16.76
5718,17.68
5719,17.48
5720,17.93
5721,18.0
5722,17.03
5723,17.59
5724,17.35
5725,18.15
5726,17.77
5727,17.57
5728,17.1
5729,16.93
5730,17.34
5731,17.29
5732,17.7
5733,17.84
5734,17.46
5735,17.87
5736,18.23
5737,18.13
5738,16.95
5739,17.67
5740,16.76
5741,17.95
5742,17.77
5743,17.23
5744,17.53
5745,17.72
5746,16.79
5747,17.88
5748,18.29
5749,17.41
5750,17.51
5751,17.83
5752,17.36
5753,17.78
5754,17.79
5755,17.2
5756,16.65
5757,17.65
5758,18.28
5759,17.78
5760,16.92
5761,17.28
5762,16.65
5763,17.64
5764,17.29
5765,17.8
5766,16.75
5767,17.31
5768,17.14
5769,17.43
5770,16.94
5771,17.49
5772,17.0
5773,18.79
5774,21.63
5775,23.94
5776,25.68
5777,25.78
5778,25.52
5779,25.6
5780,25.6
5781,25.49
5782,25.45
5783,25.45
5784,25.45
5785,23.6
5786,22.4
5787,22.59
5788,21.03
5789,20.62
5790,20.4
5791,16.45
5792,13.99
5793,9.32
5794,10.69
5795,10.12
5796,9.52
5797,10.7
5798,9.45
5799,10.0
5800,10.15
5801,9.84
5802,10.79
5803,10.01
5804,10.78
5805,9.83
5806,10.25
5807,10.85
5808,10.65
5809,10.18
5810,10.19
5811,9.73
5812,9.8
5813,12.53
5814,13.42
5815,15.09
5816,17.37
5817,19.15
5818,21.78
5819,24.05
5820,24.99
5821,27.99
5822,29.02
5823,28.55
5824,28.53
5825,28.51
5826,28.47
5827,28.48
5828,28.54
5829,27.25
5830,25.94
5831,25.36
5832,25.6
5833,23.94
5834,23.56
5835,22.39
5836,21.53
5837,18.44
5838,15.18
5839,11.29
5840,10.22
5841,11.31
5842,11.19
5843,11.74
5844,11.59
5845,10.82
5846,11.84
5847,10.66
5848,11.46
5849,11.23
5850,11.22
5851,11.71
5852,11.69
5853,10.47
5854,10.75
5855,11.07
5856,10.93
5857,11.38
5858,11.21
5859,11.52
5860,11.43
5861,11.25
5862,11.82
5863,11.38
5864,10.6
5865,11.55
5866,10.41
5867,11.09
5868,10.84
5869,11.55
5870,11.92
5871,11.25
5872,10.96
5873,10.65
5874,11.92
5875,11.35
5876,11.92
5877,11.75
5878,10.88
5879,11.06
5880,11.15
5881,11.92
5882,11.22
5883,11.18
5884,13.16
5885,14.33
5886,16.27
5887,18.59
5888,20.65
5889,23.09
5890,24.93
5891,26.7
5892,28.13
5893,28.51
5894,28.56
5895,28.51
5896,28.58
5897,28.46
5898,28.4
5899,28.49
5900,26.31
5901,26.02
5902,25.45
5903,24.72
5904,23.47
5905,23.31
5906,21.48
5907,19.43
5908,16.1
5909,11.5
5910,12.69
5911,12.52
5912,11.71
5913,12.3
5914,12.12
5915,12.52
5916,11.29
5917,12.0
5918,12.14
5919,12.39
5920,11.94
5921,12.26
5922,12.12
5923,11.85
5924,11.4
5925,12.99
5926,12.11
5927,12.03
5928,12.74
5929,12.12
5930,12.61
5931,11.64
5932,12.69
5933,11.83
5934,11.9
5935,11.82
5936,12.41
5937,12.18
5938,11.76
5939,12.39
5940,12.29
5941,12.2
5942,11.79
5943,12.59
5944,11.71
5945,12.99
5946,12.19
5947,12.27
5948,12.01
5949,12.07
5950,12.06
5951,12.12
5952,11.75
5953,12.38
5954,11.45
5955,11.99
5956,12.9
5957,12.48
5958,12.17
5959,11.45
5960,11.29
5961,12.87
5962,12.55
5963,12.36
5964,12.94
5965,12.02
5966,11.58
5967,11.34
5968,12.56
5969,12.16
5970,12.24
5971,12.3
5972,12.68
5973,12.21
5974,11.63
5975,12.82
5976,12.51
5977,11.89
5978,13.86
5979,16.56
5980,17.88
5981,20.24
5982,22.21
5983,24.79
5984,25.68
5985,26.66
5986,26.53
5987,26.54
5988,26.48
5989,26.4
5990,25.47
5991,25.68
5992,23.81
5993,23.3
5994,23.1
5995,22.04
5996,20.88
5997,20.04
5998,15.98
5999,12.92
6000,13.9
6001,13.45
6002,14.01
6003,12.88
6004,13.53
6005,12.73
6006,12.48
6007,13.4
6008,13.23
6009,13.32
6010,13.71
6011,13.44
6012,13.33
6013,13.8
6014,12.63
6015,13.04
6016,12.44
6017,13.36
6018,13.41
6019,13.2
6020,13.79
6021,13.17
6022,13.49
6023,12.36
6024,13.17
6025,12.69
6026,12.94
6027,13.18
6028,13.35
6029,13.09
6030,13.08
6031,13.25
6032,13.72
6033,13.57
6034,13.48
6035,12.84
6036,13.14
6037,13.17
6038,13.88
6039,13.34
6040,12.7
6041,12.42
6042,13.27
6043,13.08
6044,12.41
6045,13.38
6046,12.82
6047,13.31
6048,14.06
6049,13.37
6050,13.42
6051,13.45
6052,14.75
6053,16.44
6054,19.8
6055,21.7
6056,23.47
6057,24.49
6058,27.02
6059,28.2
6060,31.23
6061,32.55
6062,34.34
6063,36.21
6064,35.49
6065,35.53
6066,35.46
6067,35.51
6068,35.6
6069,35.51
6070,35.4
6071,35.53
6072,35.6
6073,35.42
6074,35.4
6075,35.52
6076,35.51
6077,35.5
6078,35.59
6079,35.53
6080,35.45
6081,35.5
6082,35.55
6083,35.4
6084,35.57
6085,35.54
6086,35.56
6087,35.4
6088,35.56
6089,35.58
6090,35.49
6091,35.6
6092,35.5
6093,35.45
6094,35.42
6095,35.5
6096,35.55
6097,35.48
6098,35.52
6099,35.53
6100,35.55
6101,35.52
6102,35.47
6103,35.44
6104,35.56
6105,35.57
6106,35.54
6107,35.4
6108,35.43
6109,35.45
6110,35.6
6111,35.49
6112,35.55
6113,35.48
6114,35.51
6115,33.94
6116,33.6
6117,31.92
6118,32.65
6119,30.17
6120,30.11
6121,29.21
6122,27.93
6123,27.17
6124,24.06
6125,20.44
6126,17.74
6127,14.04
6128,14.73
6129,14.79
6130,14.23
6131,14.16
6132,15.14
6133,13.82
6134,14.45
6135,13.69
6136,13.44
6137,13.89
6138,14.12
6139,15.14
6140,14.56
6141,15.14
6142,14.61
6143,15.11
6144,14.48
6145,14.14
6146,15.14
6147,13.99
6148,14.19
6149,13.44
6150,14.87
6151,14.34
6152,13.44
6153,14.23
6154,13.86
6155,13.92
6156,13.95
6157,14.8
6158,14.48
6159,14.49
6160,15.0
6161,15.06
6162,13.98
6163,15.01
6164,13.65
6165,14.14
6166,14.5
6167,14.56
6168,14.65
6169,13.44
6170,13.44
6171,15.03
6172,13.91
6173,13.96
6174,14.05
6175,14.14
6176,14.1
6177,14.93
6178,14.92
6179,14.53
6180,14.29
6181,14.14
6182,14.51
6183,13.99
6184,14.34
6185,15.08
6186,13.44
6187,14.55
6188,14.9
6189,14.12
6190,15.09
6191,14.13
6192,16.23
6193,18.05
6194,20.61
6195,21.99
6196,23.41
6197,26.18
6198,25.42
6199,25.54
6200,25.54
6201,25.43
6202,25.46
6203,25.5
6204,25.18
6205,24.24
6206,22.96
6207,21.98
6208,22.2
6209,21.49
6210,19.93
6211,16.45
6212,16.01
6213,15.7
6214,14.71
6215,16.21
6216,15.28
6217,15.72
6218,15.39
6219,15.54
6220,14.95
6221,16.21
6222,14.91
6223,16.87
6224,19.69
6225,20.78
6226,22.3
6227,22.42
6228,22.6
6229,22.47
6230,22.51
6231,22.44
6232,22.5
6233,22.41
6234,22.31
6235,21.18
6236,20.46
6237,19.06
6238,19.1
6239,18.07
6240,17.54
6241,16.71
6242,16.77
6243,16.67
6244,15.6
6245,16.94
6246,15.91
6247,16.19
6248,15.89
6249,16.91
6250,16.12
6251,17.22
6252,16.85
6253,16.5
6254,16.17
6255,17.02
6256,15.83
6257,16.85
6258,16.45
6259,15.8
6260,16.6
6261,17.06
6262,16.2
6263,16.92
6264,16.48
6265,15.58
6266,16.92
6267,16.83
6268,16.06
6269,16.31
6270,16.07
6271,16.36
6272,16.18
6273,16.43
6274,16.32
6275,16.29
6276,16.67
6277,15.97
6278,16.63
6279,15.83
6280,16.11
6281,16.04
6282,16.31
6283,15.58
6284,17.28
6285,16.51
6286,16.51
6287,16.65
6288,16.21
6289,17.22
6290,17.03
6291,19.15
6292,21.24
6293,22.42
6294,22.3
6295,22.47
6296,22.46
6297,22.5
6298,22.58
6299,22.6
6300,22.5
6301,22.49
6302,21.07
6303,17.38
6304,17.53
6305,18.01
6306,16.65
6307,18.06
6308,17.16
6309,18.1
6310,17.29
6311,17.01
6312,16.78
6313,17.78
6314,17.75
6315,18.35
6316,17.79
6317,17.49
6318,17.12
6319,17.22
6320,17.26
6321,17.03
6322,18.04
6323,17.72
6324,18.34
6325,18.0
6326,18.35
6327,17.32
6328,17.61
6329,17.93
6330,17.11
6331,17.12
6332,17.36
6333,16.93
6334,18.06
6335,17.08
6336,16.73
6337,18.01
6338,20.29
6339,21.59
6340,22.36
6341,22.54
6342,22.48
6343,22.53
6344,22.43
6345,22.5
6346,22.49
6347,22.6
6348,21.17
6349,20.85
6350,19.74
6351,19.0
6352,18.19
6353,17.79
6354,17.46
6355,14.5
6356,10.36
6357,7.83
6358,4.22
6359,1.67
6360,0.0
6361,0.0
6362,0.0
6363,0.0
6364,0.0
6365,0.0
6366,0.0
6367,0.0
6368,0.0
6369,0.0
6370,0.0
6371,0.0
6372,0.0
6373,0.0
6374,0.0
6375,0.0
6376,0.0
6377,0.0
6378,0.0
6379,0.0
6380,0.0
6381,0.0
6382,0.0
6383,0.0
6384,0.0
6385,0.0
6386,0.0
6387,0.0
6388,0.0
6389,0.0
6390,0.0
6391,0.0
6392,0.0
6393,0.0
6394,0.0
6395,0.0
6396,0.0
6397,0.0
6398,0.0
6399,0.0
6400,0.0
6401,0.0
6402,0.0
6403,0.0
6404,0.0
6405,0.0
6406,0.0
6407,0.0
6408,0.0
6409,0.0
6410,0.0
6411,0.0
6412,0.0
6413,0.0
6414,0.0
6415,0.0
6416,0.0
6417,0.0
6418,0.0
6419,0.0
6420,0.0
6421,0.0
6422,0.0
6423,0.0
6424,0.0
6425,0.0
6426,0.0
6427,0.0
6428,0.0
6429,0.0
6430,0.0
6431,0.0
6432,0.0
6433,0.0
6434,0.0
6435,0.0
6436,0.0
6437,0.0
6438,0.0
6439,0.0
6440,0.0
6441,0.0
6442,0.0
6443,0.0
6444,0.0
6445,0.0
6446,0.0
6447,0.0
6448,0.0
6449,0.0
6450,0.0
6451,0.0
6452,0.0
6453,0.0
6454,0.0
6455,0.0
6456,0.0
6457,0.0
6458,0.0
6459,0.0
6460,0.0
6461,0.0
6462,0.0
6463,0.0
6464,0.0
6465,0.0
6466,0.0
6467,0.0
6468,0.0
6469,0.0
6470,0.0
6471,0.0
6472,0.0
6473,0.0
6474,0.0
6475,0.0
6476,0.0
6477,0.0
6478,0.0
6479,0.0
6480,0.0
6481,0.0
6482,0.0
6483,0.0
6484,0.0
6485,0.0
6486,0.0
6487,0.0
6488,0.0
6489,0.0
6490,0.0
6491,0.0
6492,0.0
6493,0.0
6494,0.0
6495,0.0
6496,0.0
6497,0.0
6498,0.0
6499,0.0
6500,0.0
6501,0.0
6502,0.0
6503,0.0
6504,0.0
6505,0.0
6506,0.0
6507,0.0
6508,0.0
6509,0.0
6510,0.0
6511,0.0
6512,0.0
6513,0.0
6514,0.0
6515,0.0
6516,0.0
6517,0.0
6518,0.0
6519,0.0
6520,0.0
6521,0.0
6522,0.0
6523,0.0
6524,0.0
6525,0.0
6526,0.0
6527,0.0
6528,0.0
6529,0.0
6530,0.0
6531,0.0
6532,0.0
6533,0.0
6534,0.0
6535,0.0
6536,0.0
6537,0.0
6538,0.0
6539,0.0
6540,0.0
6541,0.0
6542,0.0
6543,0.0
6544,0.0
6545,0.0
6546,0.0
6547,0.0
6548,0.0
6549,0.0
6550,0.0
6551,0.0
6552,0.0
6553,0.0
6554,0.0
6555,0.0
6556,0.0
6557,0.0
6558,0.0
6559,0.0
6560,0.0
6561,0.0
6562,0.0
6563,0.0
6564,0.0
6565,0.0
6566,0.0
6567,0.0
6568,0.0
6569,0.0
6570,0.0
6571,0.0
6572,0.0
6573,0.0
6574,0.0
6575,0.0
6576,0.0
6577,0.0
6578,0.0
6579,0.0
6580,0.0
6581,0.0
6582,0.0
6583,0.0
6584,0.0
6585,0.0
6586,0.0
6587,0.0
6588,0.0
6589,0.0
6590,0.0
6591,0.0
6592,0.0
6593,0.0
6594,0.0
6595,0.0
6596,0.0
6597,0.0
6598,0.0
6599,0.0
6600,0.0
6601,0.0
6602,0.0
6603,0.0
6604,0.0
6605,0.0
6606,0.0
6607,0.0
6608,0.0
6609,0.0
6610,0.0
6611,0.0
6612,0.0
6613,0.0
6614,0.0
6615,0.0
6616,0.0
6617,0.0
6618,0.0
6619,0.0
6620,0.0
6621,0.0
6622,0.0
6623,0.0
6624,0.0
6625,0.0
6626,0.0
6627,0.0
6628,0.0
6629,0.0
6630,0.0
6631,0.0
6632,0.0
6633,0.0
6634,0.0
6635,0.0
6636,0.0
6637,0.0
6638,0.0
6639,0.0
6640,0.0
6641,0.0
6642,0.0
6643,0.0
6644,0.0
6645,0.0
6646,0.0
6647,0.0
6648,0.0
6649,0.0
6650,0.0
6651,0.0
6652,0.0
6653,0.0
6654,0.0
6655,0.0
6656,0.0
6657,0.0
6658,0.0
6659,0.0
6660,0.0
6661,0.0
6662,0.0
6663,0.0
6664,0.0
6665,0.0
6666,0.0
6667,0.0
6668,0.0
6669,0.0
6670,0.0
6671,0.0
6672,0.0
6673,0.0
6674,0.0
6675,0.0
6676,0.0
6677,0.0
6678,0.0
6679,0.0
6680,0.0
6681,0.0
6682,0.0
6683,0.0
6684,0.0
6685,0.0
6686,0.0
6687,0.0
6688,0.0
6689,0.0
6690,0.0
6691,0.0
6692,0.0
6693,0.0
6694,0.0
6695,0.0
6696,0.0
6697,0.0
6698,0.0
6699,0.0
6700,0.0
6701,0.0
6702,0.0
6703,0.0
6704,0.0
6705,0.0
6706,0.0
6707,0.0
6708,0.0
6709,0.0
6710,0.0
6711,0.0
6712,0.0
6713,0.0
6714,0.0
6715,0.0
6716,0.0
6717,0.0
6718,0.0
6719,0.0
6720,0.0
6721,0.0
6722,0.0
6723,0.0
6724,0.0
6725,0.0
6726,0.0
6727,0.0
6728,0.0
6729,0.0
6730,0.0
6731,0.0
6732,0.0
6733,0.0
6734,0.0
6735,0.0
6736,0.0
6737,0.0
6738,0.0
6739,0.0
6740,0.0
6741,0.0
6742,0.0
6743,0.0
6744,0.0
6745,0.0
6746,0.0
6747,0.0
6748,0.0
6749,0.0
6750,0.0
6751,0.0
6752,0.0
6753,0.0
6754,0.0
6755,0.0
6756,0.0
6757,0.0
6758,0.0
6759,0.0
6760,0.0
6761,0.0
6762,0.0
6763,0.0
6764,0.0
6765,0.0
6766,0.0
6767,0.0
6768,0.0
6769,0.0
6770,0.0
6771,0.0
6772,0.0
6773,0.0
6774,0.0
6775,0.0
6776,0.0
6777,0.0
6778,0.0
6779,0.0
6780,0.0
6781,0.0
6782,0.0
6783,0.0
6784,0.0
6785,0.0
6786,0.0
6787,0.0
6788,0.0
6789,0.0
6790,0.0
6791,0.0
6792,0.0
6793,0.0
6794,0.0
6795,0.0
6796,0.0
6797,0.0
6798,0.0
6799,0.0
6800,0.0
6801,0.0
6802,0.0
6803,0.0
6804,0.0
6805,0.0
6806,0.0
6807,0.0
6808,0.0
6809,0.0
6810,0.0
6811,0.0
6812,0.0
6813,0.0
6814,0.0
6815,0.0
6816,0.0
6817,0.0
6818,0.0
6819,0.0
6820,0.0
6821,0.0
6822,0.0
6823,0.0
6824,0.0
6825,0.0
6826,0.0
6827,0.0
6828,0.0
6829,0.0
6830,0.0
6831,0.0
6832,0.0
6833,0.0
6834,0.0
6835,0.0
6836,0.0
6837,0.0
6838,0.0
6839,0.0
6840,0.0
6841,0.0
6842,0.0
6843,0.0
6844,0.0
6845,0.0
6846,0.0
6847,0.0
6848,0.0
6849,0.0
6850,0.0
6851,0.0
6852,0.0
6853,0.0
6854,0.0
6855,0.0
6856,0.0
6857,0.0
6858,0.0
6859,0.0
6860,0.0
6861,0.0
6862,0.0
6863,1.68
6864,3.48
6865,6.4
6866,8.53
6867,9.77
6868,12.17
6869,13.71
6870,16.69
6871,18.35
6872,19.58
6873,21.63
6874,23.55
6875,26.03
6876,27.02
6877,30.55
6878,30.94
6879,34.1
6880,35.35
6881,34.51
6882,34.43
6883,34.52
6884,34.44
6885,34.46
6886,34.47
6887,34.57
6888,34.48
6889,34.6
6890,34.6
6891,34.49
6892,34.54
6893,34.6
6894,34.47
6895,34.52
6896,34.56
6897,34.4
6898,34.51
6899,34.4
6900,34.42
6901,34.47
6902,34.58
6903,34.46
6904,34.47
6905,34.47
6906,34.51
6907,34.41
6908,34.4
6909,34.53
6910,34.44
6911,34.52
6912,34.45
6913,34.59
6914,34.4
6915,33.84
6916,28.94
6917,23.62
6918,18.73
6919,14.4
6920,10.85
6921,11.92
6922,11.61
6923,10.22
6924,10.22
6925,11.04
6926,11.03
6927,11.03
6928,11.43
6929,10.58
6930,11.61
6931,11.27
6932,11.11
6933,11.31
6934,11.26
6935,11.38
6936,11.6
6937,10.72
6938,10.56
6939,11.38
6940,11.17
6941,11.92
6942,11.56
6943,11.07
6944,10.36
6945,11.44
6946,11.01
6947,10.22
6948,12.44
6949,15.21
6950,17.19
6951,19.47
6952,21.03
6953,22.16
6954,22.6
6955,22.56
6956,22.42
6957,22.44
6958,22.57
6959,22.54
6960,22.56
6961,21.67
6962,20.88
6963,19.69
6964,19.32
6965,18.85
6966,17.88
6967,17.44
6968,12.93
6969,11.39
6970,11.89
6971,12.33
6972,12.17
6973,12.37
6974,14.09
6975,16.45
6976,17.82
6977,19.78
6978,22.48
6979,24.46
6980,25.2
6981,25.65
6982,26.55
6983,26.6
6984,26.5
6985,26.5
6986,25.24
6987,24.37
6988,24.69
6989,22.9
6990,21.89
6991,21.74
6992,20.58
6993,20.1
6994,17.29
6995,12.67
6996,13.5
6997,13.82
6998,13.33
6999,14.06
7000,12.88
7001,12.93
7002,13.36
7003,13.05
7004,14.06
7005,12.93
7006,13.11
7007,15.36
7008,16.49
7009,19.21
7010,20.65
7011,23.88
7012,24.2
7013,24.6
7014,24.5
7015,24.54
7016,24.47
7017,24.54
7018,24.52
7019,24.25
7020,18.55
7021,13.91
7022,14.02
7023,14.01
7024,14.54
7025,15.01
7026,16.23
7027,17.62
7028,20.88
7029,22.22
7030,24.13
7031,26.64
7032,27.21
7033,27.46
7034,27.4
7035,27.5
7036,27.47
7037,27.58
7038,27.56
7039,26.9
7040,26.53
7041,24.28
7042,25.0
7043,23.56
7044,22.68
7045,22.24
7046,21.04
7047,18.11
7048,16.04
7049,15.18
7050,15.48
7051,15.12
7052,15.45
7053,15.38
7054,15.73
7055,14.63
7056,15.32
7057,15.8
7058,15.61
7059,14.81
7060,15.16
7061,14.77
7062,16.21
7063,15.94
7064,15.75
7065,15.87
7066,15.68
7067,15.66
7068,16.12
7069,15.99
7070,16.04
7071,14.51
7072,14.98
7073,15.49
7074,15.37
7075,15.99
7076,16.05
7077,15.0
7078,15.59
7079,15.72
7080,15.0
7081,14.51
7082,15.03
7083,15.09
7084,15.44
7085,15.63
7086,15.61
7087,15.09
7088,15.82
7089,15.36
7090,15.69
7091,15.11
7092,15.27
7093,15.45
7094,15.69
7095,15.67
7096,15.25
7097,15.38
7098,16.21
7099,15.49
7100,16.13
7101,15.52
7102,16.21
7103,16.21
7104,15.07
7105,17.97
7106,19.13
7107,20.71
7108,23.66
7109,23.24
7110,23.42
7111,23.6
7112,23.55
7113,23.48
7114,23.41
7115,23.54
7116,23.58
7117,23.43
7118,23.46
7119,22.68
7120,17.68
7121,17.28
7122,16.53
7123,16.18
7124,15.97
7125,17.09
7126,16.76
7127,16.37
7128,17.28
7129,16.25
7130,15.77
7131,16.47
7132,16.38
7133,15.58
7134,16.15
7135,16.48
7136,17.28
7137,16.02
7138,16.28
7139,16.5
7140,16.78
7141,15.58
7142,16.61
7143,16.06
7144,15.95
7145,16.73
7146,16.32
7147,17.02
7148,17.04
7149,16.15
7150,15.84
7151,16.81
7152,15.97
7153,16.24
7154,16.69
7155,15.82
7156,16.0
7157,17.0
7158,16.55
7159,16.82
7160,16.36
7161,16.67
7162,16.72
7163,16.41
7164,16.51
7165,16.27
7166,15.75
7167,16.22
7168,16.65
7169,16.89
7170,16.03
7171,16.5
7172,17.15
7173,17.07
7174,15.58
7175,16.26
7176,16.94
7177,16.87
7178,16.33
7179,15.86
7180,15.88
7181,15.69
7182,17.28
7183,17.17
7184,17.83
7185,20.53
7186,22.47
7187,22.66
7188,22.54
7189,22.49
7190,22.55
7191,22.4
7192,22.49
7193,22.53
7194,22.53
7195,21.36
7196,17.6
7197,17.11
7198,17.23
7199,17.14
7200,17.56
7201,17.57
7202,17.28
7203,17.77
7204,17.9
7205,16.83
7206,17.8
7207,17.8
7208,17.29
7209,17.02
7210,17.85
7211,17.26
7212,16.65
7213,17.28
7214,17.8
7215,16.82
7216,16.65
7217,16.65
7218,16.65
7219,16.65
7220,17.53
7221,17.25
7222,17.28
7223,17.08
7224,17.46
7225,18.19
7226,16.65
7227,17.11
7228,17.64
7229,17.68
7230,16.65
7231,16.94
7232,17.3
7233,17.2
7234,17.96
7235,16.73
7236,20.2
7237,21.53
7238,23.0
7239,23.29
7240,23.54
7241,23.41
7242,23.52
7243,23.48
7244,23.53
7245,23.52
7246,23.46
7247,23.49
7248,23.49
7249,21.9
7250,22.74
7251,21.41
7252,20.84
7253,20.36
7254,18.57
7255,18.1
7256,14.45
7257,10.63
7258,9.57
7259,9.93
7260,9.96
7261,9.15
7262,9.18
7263,10.59
7264,9.29
7265,10.34
7266,9.15
7267,10.17
7268,9.63
7269,10.25
7270,10.44
7271,10.03
7272,11.13
7273,13.99
7274,16.35
7275,17.34
7276,19.84
7277,21.36
7278,21.89
7279,22.53
7280,22.51
7281,22.51
7282,22.5
7283,22.52
7284,22.51
7285,22.49
7286,21.56
7287,20.38
7288,19.57
7289,18.7
7290,19.35
7291,17.93
7292,16.22
7293,12.93
7294,10.22
7295,11.39
7296,11.79
7297,13.16
7298,15.39
7299,16.17
7300,18.98
7301,21.18
7302,23.8
7303,25.37
7304,25.15
7305,25.59
7306,25.43
7307,25.55
7308,25.48
7309,25.44
7310,25.55
7311,24.05
7312,24.26
7313,23.21
7314,22.4
7315,20.92
7316,19.79
7317,19.16
7318,16.51
7319,13.52
7320,11.97
7321,11.47
7322,11.68
7323,12.03
7324,12.87
7325,12.35
7326,12.5
7327,11.74
7328,12.72
7329,12.14
7330,11.71
7331,12.02
7332,12.11
7333,12.84
7334,12.57
7335,12.61
7336,11.57
7337,12.47
7338,12.42
7339,12.34
7340,12.62
7341,12.51
7342,12.45
7343,12.14
7344,12.77
7345,12.51
7346,11.7
7347,12.09
7348,11.29
7349,11.78
7350,12.11
7351,12.16
7352,11.29
7353,12.08
7354,12.0
7355,11.81
7356,11.63
7357,12.63
7358,11.41
7359,11.34
7360,12.51
7361,12.88
7362,11.7
7363,11.98
7364,14.07
7365,16.18
7366,17.98
7367,20.03
7368,22.01
7369,23.6
7370,25.15
7371,28.6
7372,29.66
7373,31.87
7374,34.4
7375,35.47
7376,36.56
7377,37.65
7378,37.53
7379,37.51
7380,37.5
7381,37.53
7382,37.49
7383,37.47
7384,37.54
7385,37.5
7386,37.54
7387,37.48
7388,37.45
7389,37.55
7390,37.51
7391,37.52
7392,37.47
7393,37.51
7394,37.42
7395,36.77
7396,34.72
7397,34.64
7398,34.54
7399,32.69
7400,32.55
7401,30.47
7402,29.99
7403,29.28
7404,25.86
7405,23.57
7406,19.39
7407,16.28
7408,13.57
7409,15.45
7410,17.39
7411,18.65
7412,21.5
7413,23.72
7414,25.35
7415,24.5
7416,24.49
7417,24.41
7418,24.53
7419,24.44
7420,24.46
7421,23.89
7422,22.97
7423,22.62
7424,21.17
7425,19.91
7426,19.64
7427,19.35
7428,15.73
7429,14.26
7430,13.75
7431,14.22
7432,14.23
7433,14.53
7434,14.13
7435,13.53
7436,13.7
7437,14.39
7438,14.78
7439,14.41
7440,14.03
7441,15.14
7442,14.72
7443,14.81
7444,13.94
7445,14.41
7446,14.82
7447,14.28
7448,13.95
7449,14.46
7450,14.76
7451,14.92
7452,13.51
7453,13.63
7454,14.58
7455,13.84
7456,14.42
7457,14.02
7458,13.71
7459,15.03
7460,13.9
7461,14.13
7462,13.44
7463,14.45
7464,14.51
7465,14.01
7466,14.11
7467,14.14
7468,14.35
7469,13.89
7470,16.29
7471,17.95
7472,20.41
7473,22.68
7474,22.92
7475,22.59
7476,22.6
7477,22.5
7478,22.51
7479,22.44
7480,22.43
7481,22.44
7482,21.53
7483,20.75
7484,19.98
7485,18.69
7486,17.97
7487,18.24
7488,17.17
7489,15.92
7490,14.57
7491,15.1
7492,15.62
7493,15.49
7494,15.13
7495,15.21
7496,15.15
7497,15.23
7498,16.0
7499,14.51
7500,15.28
7501,15.16
7502,14.88
7503,15.11
7504,15.33
7505,15.49
7506,15.78
7507,14.86
7508,17.71
7509,19.35
7510,21.52
7511,24.07
7512,25.8
7513,25.33
7514,25.47
7515,25.58
7516,25.45
7517,25.4
7518,25.45
7519,25.46
7520,24.23
7521,24.05
7522,23.32
7523,22.64
7524,20.89
7525,20.82
7526,19.33
7527,15.86
7528,16.3
7529,16.87
7530,15.86
7531,15.87
7532,16.68
7533,17.28
7534,16.26
7535,16.63
7536,15.6
7537,17.03
7538,17.17
7539,15.91
7540,17.28
7541,16.36
7542,16.89
7543,16.39
7544,16.01
7545,16.27
7546,16.47
7547,16.23
7548,17.21
7549,16.49
7550,15.69
7551,18.64
7552,20.74
7553,23.22
7554,24.18
7555,26.5
7556,28.02
7557,29.2
7558,29.43
7559,29.59
7560,29.48
7561,29.41
7562,28.72
7563,27.58
7564,26.47
7565,26.26
7566,25.54
7567,23.96
7568,23.63
7569,22.68
7570,19.01
7571,17.17
7572,16.65
7573,17.16
7574,18.15
7575,17.24
7576,17.21
7577,17.68
7578,17.54
7579,17.67
7580,17.51
7581,16.9
7582,17.28
7583,17.83
7584,16.65
7585,17.13
7586,17.44
7587,18.17
7588,16.76
7589,16.88
7590,18.33
7591,17.35
7592,17.63
7593,17.7
7594,17.43
7595,17.3
7596,17.27
7597,18.28
7598,17.66
7599,17.8
7600,19.08
7601,21.66
7602,22.0
7603,22.42
7604,22.41
7605,22.42
7606,22.58
7607,22.56
7608,22.54
7609,22.4
7610,21.77
7611,20.05
7612,20.85
7613,19.92
7614,18.3
7615,17.62
7616,17.46
7617,14.01
7618,9.69
7619,9.28
7620,9.57
7621,10.85
7622,10.41
7623,9.97
7624,9.52
7625,10.23
7626,10.4
7627,10.65
7628,9.71
7629,9.15
7630,10.21
7631,9.18
7632,10.05
7633,9.79
7634,10.14
7635,10.26
7636,9.46
7637,10.0
7638,10.03
7639,9.77
7640,9.39
7641,10.01
7642,9.51
7643,9.57
7644,10.23
7645,9.76
7646,9.66
7647,10.34
7648,9.92
7649,9.15
7650,9.75
7651,9.66
7652,9.64
7653,9.39
7654,10.33
7655,10.55
7656,10.69
7657,9.94
7658,10.0
7659,10.41
7660,10.52
7661,10.21
7662,10.03
7663,9.99
7664,10.47
7665,9.87
7666,9.71
7667,9.9
7668,9.89
7669,9.44
7670,10.43
7671,9.69
7672,10.85
7673,10.3
7674,10.14
7675,9.15
7676,10.21
7677,10.85
7678,9.94
7679,9.79
7680,9.56
7681,10.43
7682,9.88
7683,10.12
7684,10.85
7685,9.93
7686,11.4
7687,14.81
7688,15.09
7689,17.26
7690,20.11
7691,21.65
7692,23.36
7693,23.52
7694,23.48
7695,23.54
7696,23.52
7697,23.54
7698,23.51
7699,23.47
7700,23.48
7701,23.43
7702,22.0
7703,21.11
7704,21.58
7705,20.15
7706,19.33
7707,18.65
7708,18.24
7709,15.09
7710,11.69
7711,11.92
7712,11.89
7713,11.23
7714,10.71
7715,10.69
7716,11.29
7717,11.92
7718,11.84
7719,11.67
7720,11.78
7721,10.9
7722,11.31
7723,11.3
7724,10.76
7725,12.88
7726,15.88
7727,17.16
7728,19.84
7729,21.25
7730,22.52
7731,22.47
7732,22.47
7733,22.55
7734,22.49
7735,22.55
7736,22.51
7737,22.57
7738,21.19
7739,21.75
7740,20.54
7741,18.75
7742,18.2
7743,17.89
7744,17.08
7745,14.6
7746,12.17
7747,11.78
7748,12.22
7749,13.51
7750,15.61
7751,18.37
7752,20.06
7753,21.27
7754,23.87
7755,26.16
7756,28.41
7757,30.24
7758,32.34
7759,32.97
7760,35.64
7761,36.89
7762,36.5
7763,36.54
7764,36.46
7765,36.4
7766,36.5
7767,36.46
7768,36.44
7769,36.41
7770,36.58
7771,36.47
7772,36.4
7773,36.6
7774,36.45
7775,36.57
7776,36.44
7777,36.54
7778,36.49
7779,36.44
7780,36.43
7781,36.5
7782,36.54
7783,36.44
7784,36.48
7785,36.5
7786,36.48
7787,36.56
7788,36.47
7789,36.59
7790,36.48
7791,36.43
7792,36.44
7793,36.4
7794,36.51
7795,36.52
7796,36.49
7797,36.54
7798,36.5
7799,36.48
7800,36.4
7801,36.47
7802,36.49
7803,36.51
7804,36.48
7805,36.42
7806,36.58
7807,36.15
7808,35.45
7809,33.33
7810,33.46
7811,31.62
7812,31.16
7813,29.85
7814,29.58
7815,28.29
7816,24.97
7817,22.37
7818,18.66
7819,15.67
7820,12.95
7821,14.06
7822,13.36
7823,13.64
7824,12.53
7825,13.12
7826,12.51
7827,13.22
7828,14.06
7829,13.37
7830,13.29
7831,13.38
7832,13.45
7833,13.11
7834,13.5
7835,13.56
7836,12.98
7837,13.18
7838,13.85
7839,12.85
7840,13.04
7841,13.12
7842,14.06
7843,14.06
7844,13.65
7845,13.36
7846,12.79
7847,13.67
7848,13.21
7849,13.44
7850,12.89
7851,13.37
7852,12.47
7853,13.06
7854,13.04
7855,12.64
7856,12.36
7857,13.38
7858,13.31
7859,13.89
7860,13.4
7861,12.92
7862,13.88
7863,12.94
7864,13.17
7865,12.93
7866,12.88
7867,12.6
7868,13.33
7869,13.31
7870,13.21
7871,12.66
7872,13.62
7873,14.06
7874,13.24
7875,12.77
7876,12.52
7877,13.17
7878,12.36
7879,13.18
7880,12.62
7881,12.36
7882,13.1
7883,13.01
7884,15.92
7885,17.74
7886,18.83
7887,21.75
7888,23.27
7889,24.25
7890,23.51
7891,23.47
7892,23.55
7893,23.52
7894,23.53
7895,23.6
7896,23.55
7897,23.48
7898,23.52
7899,23.1
7900,21.82
7901,20.24
7902,21.15
7903,20.36
7904,18.73
7905,18.04
7906,14.64
7907,14.23
7908,14.18
7909,14.78
7910,14.07
7911,13.67
7912,13.87
7913,13.6
7914,14.24
7915,14.5
7916,14.66
7917,14.23
7918,14.2
7919,13.45
7920,14.41
7921,13.6
7922,14.06
7923,15.05
7924,13.47
7925,14.8
7926,13.79
7927,15.14
7928,14.16
7929,14.0
7930,13.58
7931,15.45
7932,18.33
7933,20.23
7934,21.66
7935,23.93
7936,25.92
7937,29.0
7938,29.16
7939,28.47
7940,28.45
7941,28.51
7942,28.54
7943,28.53
7944,28.5
7945,28.45
7946,27.28
7947,26.22
7948,24.26
7949,24.53
7950,23.58
7951,22.43
7952,21.7
7953,19.47
7954,15.44
7955,14.97
7956,14.83
7957,15.36
7958,15.77
7959,14.97
7960,14.51
7961,14.98
7962,15.1
7963,15.06
7964,15.16
7965,15.19
7966,14.89
7967,15.96
7968,15.71
7969,14.94
7970,15.18
7971,15.31
7972,15.24
7973,15.54
7974,15.77
7975,15.56
7976,15.59
7977,15.7
7978,15.05
7979,15.86
7980,16.1
7981,14.51
7982,15.2
7983,15.74
7984,15.07
7985,15.64
7986,15.74
7987,15.04
7988,15.96
7989,15.23
7990,15.82
7991,15.13
7992,15.65
7993,15.57
7994,16.01
7995,16.21
7996,15.35
7997,15.44
7998,15.1
7999,16.16
8000,14.51
8001,15.31
8002,15.28
8003,15.73
8004,14.87
8005,16.13
8006,15.17
8007,15.83
8008,15.23
8009,16.21
8010,15.06
8011,14.8
8012,15.1
8013,15.18
8014,15.27
8015,15.05
8016,14.94
8017,16.21
8018,17.8
8019,19.43
8020,21.22
8021,22.97
8022,23.59
8023,23.4
8024,23.43
8025,23.5
8026,23.55
8027,23.5
8028,23.55
8029,23.52
8030,23.45
8031,23.5
8032,22.51
8033,22.06
8034,21.63
8035,20.85
8036,19.47
8037,18.39
8038,18.2
8039,16.32
8040,17.24
8041,16.77
8042,16.58
8043,16.59
8044,16.77
8045,15.79
8046,15.82
8047,18.42
8048,20.29
8049,22.2
8050,24.53
8051,26.34
8052,26.42
8053,26.49
8054,26.6
8055,26.52
8056,26.58
8057,26.5
8058,23.98
8059,24.21
8060,23.1
8061,22.3
8062,21.41
8063,20.26
8064,19.35
8065,17.16
8066,17.14
8067,16.65
8068,16.73
8069,17.59
8070,17.41
8071,17.44
8072,17.4
8073,16.74
8074,17.24
8075,17.01
8076,17.5
8077,17.93
8078,18.13
8079,17.7
8080,17.91
8081,18.07
8082,17.75
8083,17.5
8084,17.37
8085,17.06
8086,17.82
8087,17.22
8088,18.2
8089,17.4
8090,17.13
8091,18.81
8092,20.74
8093,23.66
8094,24.1
8095,24.5
8096,24.5
8097,24.54
8098,24.6
8099,24.47
8100,24.43
8101,23.24
8102,22.36
8103,21.96
8104,21.86
8105,19.8
8106,18.9
8107,19.18
8108,16.52
8109,12.25
8110,9.43
8111,5.41
8112,2.71
8113,0.0
8114,0.0
8115,0.0
8116,0.0
8117,0.0
8118,0.0
8119,0.0
8120,0.0
8121,0.0
8122,0.0
8123,0.0
8124,0.0
8125,0.0
8126,0.0
8127,0.0
8128,0.0
8129,0.0
8130,0.0
8131,0.0
8132,0.0
8133,0.0
8134,0.0
8135,0.0
8136,0.0
8137,0.0
8138,0.0
8139,0.0
8140,0.0
8141,0.0
8142,0.0
8143,0.0
8144,0.0
8145,0.0
8146,0.0
8147,0.0
8148,0.0
8149,0.0
8150,0.0
8151,0.0
8152,0.0
8153,0.0
8154,0.0
8155,0.0
8156,0.0
8157,0.0
8158,0.0
8159,0.0
8160,0.0
8161,0.0
8162,0.0
8163,0.0
8164,0.0
8165,0.0
8166,0.0
8167,0.0
8168,0.0
8169,0.0
8170,0.0
8171,0.0
8172,0.0
8173,0.0
8174,0.0
8175,0.0
8176,0.0
8177,0.0
8178,0.0
8179,0.0
8180,0.0
8181,0.0
8182,0.0
8183,0.0
8184,0.0
8185,0.0
8186,0.0
8187,0.0
8188,0.0
8189,0.0
8190,0.0
8191,0.0
8192,0.0
8193,0.0
8194,0.0
8195,0.0
8196,0.0
8197,0.0
8198,0.0
8199,0.0
8200,0.0
8201,0.0
8202,0.0
8203,0.0
8204,0.0
8205,0.0
8206,0.0
8207,0.0
8208,0.0
8209,0.0
8210,0.0
8211,0.0
8212,0.0
8213,1.65
8214,4.17
8215,5.73
8216,8.03
8217,9.68
8218,12.73
8219,14.38
8220,15.03
8221,17.26
8222,19.82
8223,22.38
8224,24.32
8225,24.89
8226,26.9
8227,26.56
8228,26.48
8229,26.4
8230,26.52
8231,25.58
8232,24.95
8233,23.69
8234,23.0
8235,22.45
8236,20.93
8237,20.71
8238,20.15
8239,17.19
8240,14.19
8241,11.26
8242,10.76
8243,11.05
8244,11.29
8245,10.63
8246,11.81
8247,11.01
8248,10.79
8249,10.99
8250,11.19
8251,10.81
8252,10.68
8253,10.22
8254,10.68
8255,10.22
8256,11.4
8257,10.66
8258,10.82
8259,10.83
8260,10.88
8261,10.74
8262,11.05
8263,11.33
8264,10.22
8265,10.44
8266,11.59
8267,10.8
8268,10.65
8269,10.22
8270,10.84
8271,11.29
8272,11.21
8273,10.64
8274,10.46
8275,11.47
8276,10.97
8277,11.07
8278,11.32
8279,10.51
8280,10.78
8281,11.1
8282,10.93
8283,10.9
8284,10.92
8285,10.39
8286,11.26
8287,10.76
8288,10.73
8289,11.03
8290,11.08
8291,10.77
8292,10.98
8293,10.8
8294,13.01
8295,14.37
8296,17.06
8297,18.31
8298,21.2
8299,23.07
8300,24.8
8301,26.47
8302,26.44
8303,26.53
8304,26.43
8305,26.41
8306,25.77
8307,24.67
8308,23.99
8309,23.34
8310,22.57
8311,21.7
8312,20.2
8313,20.36
8314,16.49
8315,13.54
8316,12.11
8317,11.49
8318,12.32
8319,12.4
8320,12.08
8321,11.85
8322,12.94
8323,11.91
8324,11.6
8325,12.1
8326,12.09
8327,12.02
8328,11.54
8329,11.29
8330,11.73
8331,11.87
8332,12.56
8333,11.42
8334,12.82
8335,12.32
8336,12.0
8337,12.23
8338,12.55
8339,12.41
8340,12.08
8341,11.53
8342,11.65
8343,12.15
8344,12.59
8345,12.83
8346,12.33
8347,11.86
8348,12.9
8349,11.94
8350,12.0
8351,12.69
8352,12.81
8353,12.77
8354,12.66
8355,12.03
8356,12.25
8357,12.62
8358,12.14
8359,13.96
8360,16.14
8361,18.0
8362,20.38
8363,22.26
8364,24.18
8365,25.85
8366,27.73
8367,29.54
8368,29.6
8369,29.6
8370,29.49
8371,29.4
8372,27.97
8373,28.15
8374,26.44
8375,25.67
8376,24.87
8377,24.53
8378,23.43
8379,21.93
8380,19.28
8381,16.5
8382,13.07
8383,13.89
8384,13.0
8385,13.42
8386,13.46
8387,12.98
8388,12.72
8389,12.83
8390,13.74
8391,13.81
8392,12.8
8393,13.24
8394,12.44
8395,12.46
8396,13.28
8397,13.57
8398,12.4
8399,15.81
8400,16.92
8401,19.22
8402,21.21
8403,23.41
8404,22.93
8405,23.5
8406,23.6
8407,23.47
8408,23.52
8409,23.54
8410,23.47
8411,23.45
8412,23.52
8413,23.54
8414,22.48
8415,21.8
8416,21.24
8417,20.09
8418,19.78
8419,18.84
8420,18.8
8421,14.74
8422,10.67
8423,8.97
8424,4.6
8425,1.24
8426,0.0
8427,0.0
8428,0.0
8429,0.0
8430,0.0
8431,0.0
8432,0.0
8433,0.0
8434,0.0
8435,0.0
8436,0.0
8437,0.0
8438,0.0
8439,0.0
8440,0.0
8441,0.0
8442,0.0
8443,0.0
8444,0.0
8445,0.0
8446,0.0
8447,0.0
8448,0.0
8449,0.0
8450,0.0
8451,0.0
8452,0.0
8453,0.0
8454,0.0
8455,0.0
8456,0.0
8457,0.0
8458,0.0
8459,0.0
8460,0.0
8461,0.0
8462,0.0
8463,0.0
8464,0.0
8465,0.0
8466,0.0
8467,0.0
8468,0.0
8469,0.0
8470,0.0
8471,0.0
8472,0.0
8473,0.0
8474,0.0
8475,0.0
8476,0.0
8477,0.0
8478,0.0
8479,0.0
8480,0.0
8481,0.0
8482,0.0
8483,0.0
8484,0.0
8485,0.0
8486,0.0
8487,0.0
8488,0.0
8489,0.0
8490,0.0
8491,0.0
8492,0.0
8493,0.0
8494,0.0
8495,0.0
8496,0.0
8497,0.0
8498,0.0
8499,0.0
8500,0.0
8501,0.0
8502,0.0
8503,0.0
8504,0.0
8505,0.0
8506,0.0
8507,0.0
8508,0.0
8509,0.0
8510,0.0
8511,0.0
8512,0.0
8513,0.0
8514,0.0
8515,0.0
8516,0.0
8517,0.0
8518,0.0
8519,0.0
8520,0.0
8521,0.0
8522,0.0
8523,0.0
8524,0.0
8525,0.0
8526,0.0
8527,0.0
8528,0.0
8529,0.0
8530,0.0
8531,0.0
8532,0.0
8533,0.0
8534,0.0
8535,0.0
8536,0.0
8537,0.0
8538,0.0
8539,0.0
8540,0.0
8541,0.0
8542,0.0
8543,0.0
8544,0.0
8545,0.0
8546,0.0
8547,0.0
8548,0.0
8549,0.0
8550,0.0
8551,0.0
8552,0.0
8553,0.0
8554,0.0
8555,0.0
8556,0.0
8557,0.0
8558,0.0
8559,0.0
8560,0.0
8561,0.0
8562,0.0
8563,0.0
8564,0.0
8565,0.0
8566,0.0
8567,0.0
8568,0.0
8569,0.0
8570,0.0
8571,0.0
8572,0.0
8573,0.0
8574,0.0
8575,0.0
8576,0.0
8577,0.0
8578,0.0
8579,0.0
8580,0.0
8581,0.0
8582,0.0
8583,0.0
8584,0.0
8585,0.0
8586,0.0
8587,0.0
8588,0.0
8589,0.0
8590,0.0
8591,0.0
8592,0.0
8593,0.0
8594,0.0
8595,0.0
8596,0.0
8597,0.0
8598,0.0
8599,0.0
8600,0.0
8601,0.0
8602,0.0
8603,0.0
8604,0.0
8605,0.0
8606,0.0
8607,0.0
8608,0.0
8609,0.0
8610,0.0
8611,0.0
8612,0.0
8613,0.0
8614,0.0
8615,0.0
8616,0.0
8617,0.0
8618,0.0
8619,0.0
8620,0.0
8621,0.0
8622,0.0
8623,0.0
8624,0.0
8625,0.0
8626,0.0
8627,0.0
8628,0.0
8629,0.0
8630,0.0
8631,0.0
8632,0.0
8633,0.0
8634,0.0
8635,0.0
8636,0.0
8637,0.0
8638,0.0
8639,0.0
8640,0.0
8641,0.0
8642,0.0
8643,0.0
8644,0.0
8645,0.0
8646,0.0
8647,0.0
8648,0.0
8649,0.0
8650,0.0
8651,0.0
8652,0.0
8653,0.0
8654,0.0
8655,0.0
8656,0.0
8657,0.0
8658,0.0
8659,0.0
8660,0.0
8661,0.0
8662,0.0
8663,0.0
8664,0.0
8665,0.0
8666,0.0
8667,0.0
8668,0.0
8669,0.0
8670,0.0
8671,0.0
8672,0.0
8673,0.0
8674,0.0
8675,0.0
8676,0.0
8677,0.0
8678,0.0
8679,0.0
8680,0.0
8681,0.0
8682,0.0
8683,0.0
8684,0.0
8685,0.0
8686,0.0
8687,0.0
8688,0.0
8689,0.0
8690,0.0
8691,0.0
8692,0.0
8693,0.0
8694,0.0
8695,0.0
8696,0.0
8697,0.0
8698,0.0
8699,0.0
8700,0.0
8701,0.0
8702,0.0
8703,0.0
8704,0.0
8705,0.0
8706,0.0
8707,0.0
8708,0.0
8709,0.0
8710,0.0
8711,0.0
8712,0.0
8713,0.0
8714,0.0
8715,0.0
8716,0.0
8717,0.0
8718,0.0
8719,0.0
8720,0.0
8721,0.0
8722,0.0
8723,0.0
8724,0.0
8725,0.0
8726,0.0
8727,0.0
8728,0.0
8729,0.0
8730,0.0
8731,0.0
8732,0.0
8733,0.0
8734,0.0
8735,0.0
8736,0.0
8737,0.0
8738,0.0
8739,0.0
8740,0.0
8741,0.0
8742,0.0
8743,0.0
8744,0.0
8745,0.0
8746,0.0
8747,0.0
8748,0.0
8749,0.0
8750,0.0
8751,0.0
8752,0.0
8753,0.0
8754,0.0
8755,0.0
8756,0.0
8757,0.0
8758,0.0
8759,0.0
8760,0.0
8761,0.0
8762,0.0
8763,0.0
8764,0.0
8765,0.0
8766,0.0
8767,1.47
8768,3.84
8769,6.01
8770,8.55
8771,10.51
8772,11.64
8773,13.08
8774,16.04
8775,17.88
8776,20.42
8777,21.29
8778,22.92
8779,25.0
8780,24.5
8781,24.42
8782,24.53
8783,24.55
8784,24.44
8785,24.49
8786,23.55
8787,22.41
8788,21.91
8789,22.11
8790,19.62
8791,19.18
8792,19.03
8793,16.42
8794,15.39
8795,15.44
8796,15.23
8797,15.47
8798,15.37
8799,15.49
8800,14.99
8801,15.44
8802,15.38
8803,15.45
8804,15.12
8805,16.11
8806,15.3
8807,15.65
8808,14.51
8809,16.21
8810,15.04
8811,14.96
8812,14.81
8813,14.62
8814,15.53
8815,14.91
8816,15.19
8817,15.48
8818,15.13
8819,17.75
8820,19.47
8821,20.93
8822,23.62
8823,25.06
8824,26.11
8825,26.53
8826,26.4
8827,26.47
8828,26.47
8829,25.89
8830,25.43
8831,23.56
8832,23.88
8833,23.07
8834,22.35
8835,20.96
8836,20.38
8837,16.72
8838,16.62
8839,15.58
8840,16.75
8841,16.72
8842,15.78
8843,16.79
8844,16.55
8845,16.49
8846,16.55
8847,15.73
8848,17.01
8849,16.12
8850,16.52
8851,16.6
8852,15.58
8853,16.44
8854,16.39
8855,16.18
8856,16.75
8857,15.61
8858,16.91
8859,16.52
8860,15.74
8861,15.72
8862,16.72
8863,17.05
8864,16.86
8865,17.13
8866,16.58
8867,15.6
8868,16.57
8869,16.49
8870,17.28
8871,15.74
8872,15.89
8873,17.28
8874,15.8
8875,16.9
8876,16.19
8877,16.38
8878,15.58
8879,15.67
8880,16.2
8881,16.14
8882,18.86
8883,19.54
8884,21.52
8885,24.55
8886,26.24
8887,27.34
8888,27.57
8889,27.54
8890,27.48
8891,27.47
8892,27.57
8893,27.5
8894,27.5
8895,26.26
8896,24.22
8897,23.37
8898,22.77
8899,22.54
8900,21.78
8901,20.77
8902,17.33
8903,17.34
8904,17.69
8905,16.97
8906,16.65
8907,17.66
8908,18.2
8909,17.98
8910,17.5
8911,17.29
8912,18.35
8913,17.15
8914,17.41
8915,17.06
8916,18.16
8917,16.65
8918,17.53
8919,17.03
8920,16.99
8921,16.65
8922,17.4
8923,17.06
8924,18.29
8925,17.22
8926,17.57
8927,17.8
8928,17.28
8929,17.04
8930,17.0
8931,17.62
8932,17.67
8933,18.22
8934,17.81
8935,17.79
8936,17.94
8937,17.18
8938,16.84
8939,16.65
8940,17.38
8941,17.1
8942,17.28
8943,17.56
8944,17.22
8945,17.59
8946,17.52
8947,16.65
8948,17.93
8949,17.57
8950,17.78
8951,17.26
8952,16.88
8953,17.68
8954,17.5
8955,17.17
8956,17.84
8957,17.6
8958,16.88
8959,17.32
8960,16.68
8961,17.67
8962,17.36
8963,17.16
8964,17.67
8965,16.84
8966,17.6
8967,17.27
8968,17.19
8969,17.85
8970,17.51
8971,17.37
8972,19.74
8973,21.43
8974,23.28
8975,24.86
8976,26.22
8977,26.45
8978,26.55
8979,26.44
8980,26.58
8981,25.22
8982,25.14
8983,24.12
8984,23.47
8985,21.89
8986,21.12
8987,21.64
8988,20.28
8989,17.2
8990,13.46
8991,10.23
8992,10.31
8993,10.33
8994,10.08
8995,10.6
8996,10.12
8997,9.83
8998,10.01
8999,9.34
9000,9.16
9001,9.52
9002,9.34
9003,10.28
9004,9.62
9005,10.42
9006,10.36
9007,9.15
9008,10.04
9009,10.85
9010,9.77
9011,10.05
9012,10.58
9013,9.9
9014,10.01
9015,9.52
9016,10.83
9017,9.51
9018,10.7
9019,9.15
9020,10.73
9021,9.97
9022,10.62
9023,10.72
9024,9.91
9025,9.32
9026,9.72
9027,10.32
9028,9.61
9029,9.76
9030,9.62
9031,10.85
9032,10.42
9033,9.15
9034,9.98
9035,10.63
9036,10.21
9037,9.15
9038,10.83
9039,10.35
9040,9.66
9041,9.42
9042,9.21
9043,9.6
9044,10.77
9045,9.85
9046,10.04
9047,9.63
9048,10.2
9049,10.19
9050,9.96
9051,9.39
9052,9.92
9053,9.49
9054,10.03
9055,11.72
9056,14.09
9057,16.09
9058,17.29
9059,19.91
9060,21.55
9061,23.05
9062,22.42
9063,22.52
9064,22.54
9065,22.56
9066,22.5
9067,22.5
9068,22.6
9069,21.71
9070,16.58
9071,12.72
9072,10.6
9073,11.17
9074,11.16
9075,10.75
9076,10.4
9077,10.8
9078,10.54
9079,10.22
9080,11.25
9081,11.53
9082,11.44
9083,10.5
9084,11.0
9085,10.82
9086,10.41
9087,11.88
9088,11.55
9089,11.17
9090,10.59
9091,11.43
9092,10.94
9093,11.12
9094,10.53
9095,11.92
9096,11.48
9097,11.58
9098,11.58
9099,11.87
9100,11.74
9101,11.23
9102,10.92
9103,11.04
9104,11.92
9105,13.0
9106,15.88
9107,17.31
9108,19.09
9109,20.47
9110,23.27
9111,24.89
9112,24.59
9113,24.41
9114,24.6
9115,24.51
9116,24.4
9117,24.44
9118,24.17
9119,22.96
9120,21.58
9121,20.98
9122,20.29
9123,20.18
9124,19.06
9125,15.69
9126,11.99
9127,8.76
9128,5.51
9129,2.96
9130,0.0
9131,0.0
9132,0.0
9133,0.0
9134,0.0
9135,0.0
9136,0.0
9137,0.0
9138,0.0
9139,0.0
9140,0.0
9141,0.0
9142,0.0
9143,0.0
9144,0.0
9145,0.0
9146,0.0
9147,0.0
9148,0.0
9149,0.0
9150,0.0
9151,0.0
9152,0.0
9153,0.0
9154,0.0
9155,0.0
9156,0.0
9157,0.0
9158,0.0
9159,0.0
9160,0.0
9161,0.0
9162,0.0
9163,0.0
9164,0.0
9165,0.0
9166,0.0
9167,0.0
9168,0.0
9169,0.0
9170,0.0
9171,0.0
9172,0.0
9173,0.0
9174,0.0
9175,0.0
9176,0.0
9177,0.0
9178,0.0
9179,0.0
9180,0.0
9181,0.0
9182,0.0
9183,0.0
9184,0.0
9185,0.0
9186,0.0
9187,0.0
9188,0.0
9189,0.0
9190,0.0
9191,0.0
9192,0.0
9193,0.0
9194,0.0
9195,0.0
9196,0.0
9197,0.0
9198,0.0
9199,0.0
9200,0.0
9201,0.0
9202,0.0
9203,0.0
9204,0.0
9205,0.0
9206,0.0
9207,0.0
9208,0.0
9209,0.0
9210,0.0
9211,0.0
9212,0.0
9213,0.0
9214,0.0
9215,0.0
9216,0.0
9217,0.0
9218,0.0
9219,0.0
9220,0.0
9221,0.0
9222,0.0
9223,0.0
9224,0.0
9225,0.0
9226,0.0
9227,0.0
9228,0.0
9229,0.0
9230,0.0
9231,0.0
9232,0.0
9233,0.0
9234,0.0
9235,0.0
9236,0.0
9237,0.0
9238,0.0
9239,0.0
9240,0.0
9241,0.0
9242,0.0
9243,0.0
9244,0.0
9245,0.0
9246,0.0
9247,0.0
9248,0.0
9249,0.0
9250,0.0
9251,0.0
9252,0.0
9253,0.0
9254,0.0
9255,0.0
9256,0.0
9257,0.0
9258,0.0
9259,0.0
9260,0.0
9261,0.0
9262,0.0
9263,0.0
9264,0.0
9265,0.0
9266,0.0
9267,0.0
9268,0.0
9269,0.0
9270,0.0
9271,0.0
9272,0.0
9273,0.0
9274,0.0
9275,0.0
9276,0.0
9277,0.0
9278,0.0
9279,0.0
9280,0.0
9281,0.0
9282,0.0
9283,0.0
9284,0.0
9285,0.0
9286,0.0
9287,0.0
9288,0.0
9289,0.0
9290,0.0
9291,0.0
9292,0.0
9293,0.0
9294,0.0
9295,0.0
9296,0.0
9297,0.0
9298,0.0
9299,0.0
9300,0.0
9301,0.0
9302,0.0
9303,0.0
9304,0.0
9305,0.0
9306,0.0
9307,0.0
9308,0.0
9309,0.0
9310,0.0
9311,0.0
9312,0.0
9313,0.0
9314,0.0
9315,0.0
9316,0.0
9317,0.0
9318,0.0
9319,0.0
9320,0.0
9321,0.0
9322,0.0
9323,0.0
9324,0.0
9325,0.0
9326,0.0
9327,0.0
9328,0.0
9329,0.0
9330,0.0
9331,0.0
9332,0.0
9333,0.0
9334,0.0
9335,0.0
9336,0.0
9337,0.0
9338,0.0
9339,0.0
9340,0.0
9341,0.0
9342,0.0
9343,0.0
9344,0.0
9345,0.0
9346,0.0
9347,0.0
9348,0.0
9349,0.0
9350,0.0
9351,0.0
9352,0.0
9353,0.0
9354,0.0
9355,0.0
9356,0.0
9357,0.0
9358,0.0
9359,0.0
9360,0.0
9361,0.0
9362,0.0
9363,0.0
9364,0.0
9365,0.0
9366,0.0
9367,0.0
9368,0.0
9369,0.0
9370,0.0
9371,0.0
9372,0.0
9373,0.0
9374,0.0
9375,0.0
9376,0.0
9377,0.0
9378,0.0
9379,0.0
9380,0.0
9381,0.0
9382,0.0
9383,0.0
9384,0.0
9385,0.0
9386,0.0
9387,0.0
9388,0.0
9389,0.0
9390,0.0
9391,0.0
9392,0.0
9393,0.0
9394,0.0
9395,0.0
9396,0.0
9397,0.0
9398,0.0
9399,0.0
9400,0.0
9401,0.0
9402,0.0
9403,0.0
9404,0.0
9405,0.0
9406,0.0
9407,0.0
9408,0.0
9409,0.0
9410,0.0
9411,0.0
9412,0.0
9413,0.0
9414,0.0
9415,0.0
9416,0.0
9417,0.0
9418,0.0
9419,0.0
9420,0.0
9421,0.0
9422,0.0
9423,0.0
9424,0.0
9425,0.0
9426,0.0
9427,0.0
9428,0.0
9429,0.0
9430,0.0
9431,0.0
9432,0.0
9433,0.0
9434,0.0
9435,0.0
9436,0.0
9437,0.0
9438,0.0
9439,0.0
9440,0.0
9441,0.0
9442,0.0
9443,0.0
9444,0.0
9445,0.0
9446,0.0
9447,0.0
9448,0.0
9449,0.0
9450,0.0
9451,0.0
9452,0.0
9453,0.0
9454,0.0
9455,0.0
9456,0.0
9457,0.0
9458,0.0
9459,0.0
9460,0.0
9461,0.0
9462,0.0
9463,0.0
9464,0.0
9465,0.0
9466,0.0
9467,0.0
9468,0.0
9469,0.0
9470,0.0
9471,0.0
9472,0.0
9473,0.0
9474,0.0
9475,0.0
9476,0.0
9477,0.0
9478,0.0
9479,0.0
9480,0.0
9481,0.0
9482,0.0
9483,0.0
9484,0.0
9485,0.0
9486,0.0
9487,0.0
9488,0.0
9489,0.0
9490,0.0
9491,0.0
9492,0.0
9493,0.0
9494,0.0
9495,0.0
9496,0.0
9497,0.0
9498,0.0
9499,0.0
9500,0.0
9501,0.0
9502,0.0
9503,0.0
9504,0.0
9505,0.0
9506,0.0
9507,0.0
9508,0.0
9509,0.0
9510,0.0
9511,0.0
9512,0.0
9513,0.0
9514,0.0
9515,0.0
9516,0.0
9517,0.0
9518,0.0
9519,0.0
9520,0.0
9521,0.0
9522,0.0
9523,0.0
9524,0.0
9525,0.0
9526,0.0
9527,0.0
9528,0.0
9529,0.0
9530,0.0
9531,0.0
9532,0.0
9533,0.0
9534,0.0
9535,0.0
9536,0.0
9537,0.0
9538,0.0
9539,0.0
9540,0.0
9541,0.0
9542,0.0
9543,0.0
9544,0.0
9545,0.0
9546,0.0
9547,0.0
9548,0.0
9549,0.0
9550,0.0
9551,0.0
9552,0.0
9553,0.0
9554,0.0
9555,0.0
9556,0.0
9557,0.0
9558,1.73
9559,3.47
9560,5.87
9561,8.23
9562,10.65
9563,12.18
9564,13.86
9565,15.1
9566,17.21
9567,19.85
9568,21.39
9569,23.52
9570,25.02
9571,26.9
9572,29.73
9573,31.76
9574,32.65
9575,33.55
9576,33.6
9577,33.46
9578,33.51
9579,33.46
9580,33.51
9581,33.4
9582,33.55
9583,33.6
9584,33.4
9585,33.4
9586,33.51
9587,33.52
9588,33.5
9589,33.44
9590,33.42
9591,33.52
9592,33.44
9593,33.54
9594,33.53
9595,31.84
9596,32.13
9597,31.63
9598,29.95
9599,29.87
9600,28.17
9601,26.97
9602,27.07
9603,25.35
9604,22.67
9605,18.9
9606,15.86
9607,12.65
9608,9.43
9609,5.92
9610,3.44
9611,0.0
9612,0.0
9613,0.0
9614,0.0
9615,0.0
9616,0.0
9617,0.0
9618,0.0
9619,0.0
9620,0.0
9621,0.0
9622,0.0
9623,0.0
9624,0.0
9625,0.0
9626,0.0
9627,0.0
9628,0.0
9629,0.0
9630,0.0
9631,0.0
9632,0.0
9633,0.0
9634,0.0
9635,0.0
9636,0.0
9637,0.0
9638,0.0
9639,0.0
9640,0.0
9641,0.0
9642,0.0
9643,0.0
9644,0.0
9645,0.0
9646,0.0
9647,0.0
9648,0.0
9649,0.0
9650,0.0
9651,0.0
9652,0.0
9653,0.0
9654,0.0
9655,0.0
9656,0.0
9657,0.0
9658,0.0
9659,0.0
9660,0.0
9661,0.0
9662,0.0
9663,0.0
9664,0.0
9665,0.0
9666,0.0
9667,0.0
9668,0.0
9669,0.0
9670,0.0
9671,0.0
9672,0.0
9673,0.0
9674,0.0
9675,0.0
9676,0.0
9677,0.0
9678,0.0
9679,0.0
9680,0.0
9681,0.0
9682,0.0
9683,0.0
9684,0.0
9685,0.0
9686,0.0
9687,0.0
9688,0.0
9689,0.0
9690,0.0
9691,0.0
9692,0.0
9693,0.0
9694,0.0
9695,0.0
9696,0.0
9697,0.0
9698,0.0
9699,0.0
9700,0.0
9701,0.0
9702,0.0
9703,0.0
9704,0.0
9705,0.0
9706,0.0
9707,0.0
9708,0.0
9709,0.0
9710,0.0
9711,0.0
9712,0.0
9713,0.0
9714,0.0
9715,0.0
9716,0.0
9717,0.0
9718,0.0
9719,0.0
9720,0.0
9721,0.0
9722,0.0
9723,0.0
9724,0.0
9725,0.0
9726,0.0
9727,0.0
9728,0.0
9729,0.0
9730,0.0
9731,0.0
9732,0.0
9733,0.0
9734,0.0
9735,0.0
9736,0.0
9737,0.0
9738,0.0
9739,0.0
9740,0.0
9741,0.0
9742,0.0
9743,0.0
9744,0.0
9745,0.0
9746,0.0
9747,0.0
9748,0.0
9749,0.0
9750,0.0
9751,0.0
9752,0.0
9753,0.0
9754,0.0
9755,0.0
9756,0.0
9757,0.0
9758,0.0
9759,0.0
9760,0.0
9761,0.0
9762,0.0
9763,0.0
9764,0.0
9765,0.0
9766,0.0
9767,0.0
9768,0.0
9769,0.0
9770,0.0
9771,0.0
9772,0.0
9773,0.0
9774,0.0
9775,0.0
9776,0.0
9777,0.0
9778,0.0
9779,0.0
9780,0.0
9781,0.0
9782,0.0
9783,0.0
9784,0.0
9785,0.0
9786,0.0
9787,0.0
9788,0.0
9789,0.0
9790,0.0
9791,0.0
9792,0.0
9793,0.0
9794,0.0
9795,0.0
9796,0.0
9797,0.0
9798,0.0
9799,0.0
9800,0.0
9801,0.0
9802,0.0
9803,0.0
9804,0.0
9805,0.0
9806,0.0
9807,0.0
9808,0.0
9809,0.0
9810,0.0
9811,0.0
9812,0.0
9813,0.0
9814,0.0
9815,0.0
9816,0.0
9817,0.0
9818,0.0
9819,0.0
9820,0.0
9821,0.0
9822,0.0
9823,0.0
9824,0.0
9825,0.0
9826,0.0
9827,0.0
9828,0.0
9829,0.0
9830,0.0
9831,0.0
9832,0.0
9833,0.0
9834,0.0
9835,0.0
9836,0.0
9837,0.0
9838,0.0
9839,0.0
9840,0.0
9841,0.0
9842,0.0
9843,0.0
9844,0.0
9845,0.0
9846,0.0
9847,0.0
9848,0.0
9849,0.0
9850,0.0
9851,0.0
9852,0.0
9853,0.0
9854,0.0
9855,0.0
9856,0.0
9857,0.0
9858,0.0
9859,0.0
9860,0.0
9861,0.0
9862,0.0
9863,0.0
9864,0.0
9865,0.0
9866,0.0
9867,0.0
9868,0.0
9869,0.0
9870,0.0
9871,0.0
9872,0.0
9873,0.0
9874,0.0
9875,0.0
9876,0.0
9877,0.0
9878,0.0
9879,0.0
9880,0.0
9881,0.0
9882,0.0
9883,0.0
9884,0.0
9885,0.0
9886,0.0
9887,0.0
9888,0.0
9889,0.0
9890,0.0
9891,0.0
9892,0.0
9893,0.0
9894,0.0
9895,0.0
9896,0.0
9897,0.0
9898,0.0
9899,0.0
9900,0.0
9901,0.0
9902,0.0
9903,0.0
9904,0.0
9905,0.0
9906,0.0
9907,0.0
9908,0.0
9909,0.0
9910,0.0
9911,2.39
9912,3.64
9913,5.46
9914,7.29
9915,9.82
9916,12.73
9917,13.77
9918,15.21
9919,17.14
9920,18.95
9921,21.67
9922,23.51
9923,23.49
9924,23.6
9925,23.51
9926,23.53
9927,23.47
9928,23.56
9929,23.45
9930,23.4
9931,23.48
9932,22.17
9933,21.86
9934,21.39
9935,20.16
9936,19.91
9937,18.58
9938,17.98
9939,14.08
9940,14.33
9941,14.67
9942,13.44
9943,14.74
9944,13.65
9945,14.5
9946,15.42
9947,17.54
9948,20.86
9949,22.97
9950,23.34
9951,24.89
9952,25.52
9953,25.43
9954,25.53
9955,25.44
9956,25.49
9957,25.55
9958,24.6
9959,23.06
9960,23.09
9961,22.05
9962,21.28
9963,21.11
9964,19.68
9965,16.75
9966,15.75
9967,15.15
9968,15.69
9969,15.86
9970,15.23
9971,15.1
9972,16.21
9973,14.87
9974,15.3
9975,15.52
9976,16.13
9977,15.92
9978,14.59
9979,15.85
9980,16.14
9981,14.51
9982,15.38
9983,15.48
9984,15.08
9985,15.39
9986,16.21
9987,14.75
9988,14.87
9989,15.33
9990,15.69
9991,15.68
9992,15.67
9993,15.01
9994,15.62
9995,16.21
9996,14.51
9997,16.21
9998,14.94
9999,15.6
10000,15.82
10001,14.82
10002,16.03
10003,17.92
10004,19.8
10005,20.9
10006,23.16
10007,24.75
10008,24.6
10009,24.45
10010,24.52
10011,24.6
10012,24.53
10013,24.55
10014,23.23
10015,23.3
10016,22.91
10017,21.89
10018,20.14
10019,19.65
10020,18.63
10021,16.56
10022,16.66
10023,15.84
10024,16.16
10025,15.58
10026,16.68
10027,16.49
10028,15.85
10029,16.03
10030,17.01
10031,15.99
10032,16.57
10033,16.31
10034,17.28
10035,17.24
10036,16.63
10037,16.6
10038,19.25
10039,19.98
10040,22.58
10041,24.79
10042,25.65
10043,27.84
10044,27.52
10045,27.46
10046,27.58
10047,27.47
10048,27.6
10049,27.47
10050,27.18
10051,25.77
10052,24.7
10053,23.88
10054,23.7
10055,22.4
10056,21.57
10057,21.52
10058,17.55
10059,16.97
10060,16.86
10061,17.49
10062,17.46
10063,17.62
10064,17.4
10065,17.14
10066,17.86
10067,17.19
10068,17.49
10069,17.76
10070,17.89
10071,17.0
10072,17.85
10073,16.65
10074,17.52
10075,17.52
10076,17.25
10077,17.84
10078,17.94
10079,18.11
10080,17.07
10081,17.64
10082,16.97
10083,17.21
10084,17.41
10085,17.05
10086,18.1
10087,17.86
10088,17.56
10089,17.59
10090,17.98
10091,18.15
10092,16.65
10093,17.92
10094,17.73
10095,19.34
10096,21.14
10097,22.86
10098,23.88
10099,24.48
10100,24.46
10101,24.57
10102,24.54
10103,24.59
10104,24.5
10105,23.06
10106,23.43
10107,21.59
10108,21.3
10109,20.58
10110,20.07
10111,19.76
10112,14.97
10113,12.6
10114,10.39
10115,10.23
10116,9.99
10117,9.66
10118,9.89
10119,10.85
10120,10.81
10121,9.64
10122,9.15
10123,10.01
10124,10.3
10125,10.4
10126,10.16
10127,9.38
10128,9.61
10129,10.09
10130,10.6
10131,9.92
10132,9.64
10133,10.28
10134,9.91
10135,9.18
10136,9.15
10137,10.79
10138,9.91
10139,9.15
10140,9.73
10141,10.41
10142,10.08
10143,9.66
10144,10.3
10145,10.22
10146,9.86
10147,9.15
10148,9.72
10149,10.19
10150,9.83
10151,10.14
10152,10.85
10153,11.77
10154,14.63
10155,15.57
10156,18.06
10157,20.48
10158,22.09
10159,23.04
10160,22.49
10161,22.46
10162,22.4
10163,22.47
10164,22.55
10165,22.56
10166,22.47
10167,22.02
10168,20.77
10169,20.96
10170,19.07
10171,18.0
10172,16.94
10173,17.28
10174,13.82
10175,11.23
10176,10.83
10177,11.02
10178,11.17
10179,10.22
10180,11.35
10181,11.07
10182,11.26
10183,11.0
10184,10.3
10185,11.25
10186,11.37
10187,11.08
10188,11.76
10189,11.49
10190,11.63
10191,11.81
10192,11.44
10193,11.23
10194,11.91
10195,10.22
10196,11.92
10197,10.45
10198,10.93
10199,11.92
10200,10.88
10201,10.52
10202,11.47
10203,10.88
10204,11.13
10205,10.22
10206,11.05
10207,10.22
10208,11.0
10209,11.01
10210,11.21
10211,10.96
10212,10.49
10213,13.68
10214,14.18
10215,16.56
10216,18.99
10217,21.48
10218,22.65
10219,25.73
10220,26.46
10221,28.43
10222,28.58
10223,28.54
10224,28.6
10225,28.49
10226,28.44
10227,28.45
10228,26.92
10229,27.22
10230,26.65
10231,24.58
10232,24.41
10233,23.79
10234,22.31
10235,22.71
10236,18.18
10237,15.68
10238,12.7
10239,12.44
10240,12.77
10241,11.82
10242,12.31
10243,12.35
10244,11.29
10245,11.91
10246,12.39
10247,12.15
10248,12.61
10249,11.62
10250,12.99
10251,12.66
10252,11.49
10253,12.99
10254,12.73
10255,12.32
10256,12.68
10257,11.29
10258,13.77
10259,15.95
10260,18.27
10261,20.05
10262,22.79
10263,24.44
10264,25.8
10265,26.19
10266,26.47
10267,26.53
10268,26.46
10269,26.54
10270,26.18
10271,23.98
10272,23.29
10273,22.85
10274,22.83
10275,21.58
10276,20.3
10277,20.16
10278,16.94
10279,14.37
10280,10.21
10281,6.84
10282,3.71
10283,0.0
10284,0.0
10285,0.0
10286,0.0
10287,0.0
10288,0.0
10289,0.0
10290,0.0
10291,0.0
10292,0.0
10293,0.0
10294,0.0
10295,0.0
10296,0.0
10297,0.0
10298,0.0
10299,0.0
10300,0.0
10301,0.0
10302,0.0
10303,0.0
10304,0.0
10305,0.0
10306,0.0
10307,0.0
10308,0.0
10309,0.0
10310,0.0
10311,0.0
10312,0.0
10313,0.0
10314,0.0
10315,0.0
10316,0.0
10317,0.0
10318,0.0
10319,0.0
10320,0.0
10321,0.0
10322,0.0
10323,0.0
10324,0.0
10325,0.0
10326,0.0
10327,0.0
10328,0.0
10329,0.0
10330,0.0
10331,0.0
10332,0.0
10333,0.0
10334,0.0
10335,0.0
10336,0.0
10337,0.0
10338,0.0
10339,0.0
10340,0.0
10341,0.0
10342,0.0
10343,0.0
10344,0.0
10345,0.0
10346,0.0
10347,0.0
10348,0.0
10349,0.0
10350,0.0
10351,0.0
10352,0.0
10353,0.0
10354,0.0
10355,0.0
10356,0.0
10357,0.0
10358,0.0
10359,0.0
10360,0.0
10361,0.0
10362,0.0
10363,0.0
10364,0.0
10365,0.0
10366,0.0
10367,0.0
10368,0.0
10369,0.0
10370,0.0
10371,0.0
10372,0.0
10373,0.0
10374,0.0
10375,0.0
10376,0.0
10377,0.0
10378,0.0
10379,0.0
10380,0.0
10381,0.0
10382,0.0
10383,0.0
10384,0.0
10385,0.0
10386,0.0
10387,0.0
10388,0.0
10389,0.0
10390,0.0
10391,0.0
10392,0.0
10393,0.0
10394,0.0
10395,0.0
10396,0.0
10397,0.0
10398,0.0
10399,0.0
10400,0.0
10401,0.0
10402,0.0
10403,0.0
10404,0.0
10405,0.0
10406,0.0
10407,0.0
10408,0.0
10409,0.0
10410,0.0
10411,0.0
10412,0.0
10413,0.0
10414,0.0
10415,0.0
10416,0.0
10417,0.0
10418,0.0
10419,0.0
10420,0.0
10421,0.0
10422,0.0
10423,0.0
10424,0.0
10425,0.0
10426,0.0
10427,0.0
10428,0.0
10429,0.0
10430,0.0
10431,0.0
10432,0.0
10433,0.0
10434,0.0
10435,0.0
10436,0.0
10437,0.0
10438,0.0
10439,0.0
10440,0.0
10441,0.0
10442,0.0
10443,0.0
10444,0.0
10445,0.0
10446,0.0
10447,0.0
10448,0.0
10449,0.0
10450,0.0
10451,0.0
10452,0.0
10453,0.0
10454,0.0
10455,0.0
10456,0.0
10457,0.0
10458,0.0
10459,0.0
10460,0.0
10461,1.84
10462,3.74
10463,6.2
10464,7.45
10465,9.93
10466,11.12
10467,13.01
10468,15.71
10469,18.12
10470,20.29
10471,22.62
10472,22.83
10473,23.51
10474,23.56
10475,23.5
10476,23.47
10477,23.44
10478,23.55
10479,23.48
10480,23.53
10481,23.53
10482,22.45
10483,21.87
10484,20.24
10485,20.24
10486,18.97
10487,19.09
10488,18.77
10489,14.51
10490,13.87
10491,14.17
10492,14.52
10493,14.2
10494,14.19
10495,13.77
10496,14.1
10497,15.07
10498,14.43
10499,14.68
10500,13.5
10501,13.96
10502,16.53
10503,17.59
10504,19.79
10505,21.99
10506,23.66
10507,27.02
10508,27.45
10509,30.06
10510,30.32
10511,30.6
10512,30.5
10513,30.5
10514,30.44
10515,30.48
10516,30.46
10517,29.78
10518,29.53
10519,27.9
10520,27.88
10521,25.34
10522,25.98
10523,24.75
10524,24.13
10525,20.21
10526,17.08
10527,15.71
10528,14.83
10529,14.84
10530,16.01
10531,15.41
10532,15.38
10533,14.57
10534,15.58
10535,15.21
10536,14.72
10537,14.82
10538,14.76
10539,15.27
10540,16.13
10541,14.85
10542,15.56
10543,15.34
10544,14.89
10545,14.8
10546,15.31
10547,14.98
10548,15.13
10549,17.69
10550,19.5
10551,20.45
10552,22.81
10553,25.03
10554,24.83
10555,25.6
10556,25.48
10557,25.6
10558,25.43
10559,25.56
10560,25.52
10561,24.45
10562,23.99
10563,22.62
10564,22.32
10565,20.96
10566,21.49
10567,20.48
10568,16.32
10569,16.71
10570,16.35
10571,16.24
10572,16.23
10573,16.29
10574,16.11
10575,15.78
10576,17.17
10577,15.58
10578,16.21
10579,16.89
10580,16.79
10581,16.68
10582,15.97
10583,16.04
10584,16.19
10585,16.19
10586,16.37
10587,16.05
10588,15.86
10589,15.84
10590,15.98
10591,16.9
10592,16.73
10593,16.71
10594,16.2
10595,16.46
10596,16.14
10597,16.88
10598,16.44
10599,15.78
10600,16.83
10601,15.58
10602,16.35
10603,17.0
10604,16.81
10605,16.1
10606,17.26
10607,16.76
10608,16.27
10609,16.62
10610,16.05
10611,16.99
10612,16.66
10613,15.89
10614,15.92
10615,16.92
10616,17.04
10617,17.12
10618,17.02
10619,16.95
10620,16.8
10621,16.71
10622,17.0
10623,18.75
10624,20.49
10625,22.62
10626,24.9
10627,26.79
10628,27.88
10629,27.6
10630,27.52
10631,27.46
10632,27.57
10633,27.6
10634,27.4
10635,26.32
10636,25.71
10637,25.08
10638,23.59
10639,23.72
10640,22.08
10641,21.24
10642,20.08
10643,17.3
10644,17.73
10645,16.65
10646,17.86
10647,17.38
10648,17.33
10649,18.24
10650,17.41
10651,18.1
10652,17.19
10653,17.65
10654,17.46
10655,18.03
10656,17.85
10657,17.38
10658,17.96
10659,17.62
10660,17.08
10661,16.85
10662,16.65
10663,17.48
10664,17.86
10665,18.05
10666,17.91
10667,16.68
10668,18.03
10669,17.11
10670,17.56
10671,17.62
10672,18.34
10673,16.94
10674,17.77
10675,17.92
10676,17.03
10677,16.8
10678,17.59
10679,17.35
10680,17.32
10681,18.35
10682,17.85
10683,17.0
10684,17.14
10685,17.55
10686,17.22
10687,16.98
10688,17.66
10689,17.23
10690,18.35
10691,17.3
10692,17.08
10693,16.76
10694,18.35
10695,17.22
10696,17.32
10697,17.66
10698,17.55
10699,17.83
10700,17.98
10701,18.01
10702,20.05
10703,21.93
10704,23.91
10705,25.21
10706,25.37
10707,25.49
10708,25.6
10709,25.43
10710,25.54
10711,25.4
10712,25.49
10713,24.15
10714,19.48
10715,15.41
10716,10.73
10717,10.2
10718,9.9
10719,9.54
10720,10.14
10721,9.5
10722,10.19
10723,10.42
10724,10.3
10725,10.59
10726,9.15
10727,12.74
10728,13.89
10729,16.27
10730,18.33
10731,20.23
10732,21.92
10733,24.27
10734,24.22
10735,24.42
10736,24.46
10737,24.48
10738,24.43
10739,24.4
10740,24.5
10741,23.71
10742,22.65
10743,22.41
10744,21.69
10745,21.28
10746,19.77
10747,18.97
10748,15.52
10749,12.24
10750,11.33
10751,10.82
10752,11.46
10753,11.33
10754,10.22
10755,10.61
10756,11.27
10757,10.38
10758,11.12
10759,11.31
10760,11.34
10761,11.49
10762,11.0
10763,10.64
10764,10.81
10765,11.11
10766,11.71
10767,10.78
10768,10.82
10769,11.12
10770,10.81
10771,11.16
10772,11.18
10773,11.62
10774,11.9
10775,11.06
10776,11.51
10777,11.24
10778,11.4
10779,11.92
10780,10.75
10781,10.73
10782,10.68
10783,11.28
10784,11.2
10785,11.0
10786,11.34
10787,11.42
10788,10.55
10789,11.03
10790,11.4
10791,10.5
10792,11.58
10793,10.49
10794,11.24
10795,10.22
10796,11.54
10797,10.7
10798,11.92
10799,11.08
10800,10.22
10801,11.64
10802,10.59
10803,10.85
10804,13.9
10805,14.5
10806,17.05
10807,19.19
10808,21.06
10809,23.48
10810,25.14
10811,27.01
10812,28.57
10813,29.05
10814,29.42
10815,29.51
10816,29.42
10817,29.47
10818,28.81
10819,26.92
10820,26.99
10821,26.21
10822,24.74
10823,25.03
10824,23.47
10825,22.66
10826,19.56
10827,16.36
10828,12.92
10829,12.4
10830,11.39
10831,12.55
10832,11.77
10833,12.81
10834,11.71
10835,12.51
10836,12.26
10837,11.55
10838,12.42
10839,11.79
10840,12.27
10841,12.9
10842,12.16
10843,11.87
10844,12.76
10845,12.99
10846,11.49
10847,11.67
10848,11.86
10849,11.73
10850,12.17
10851,12.57
10852,12.32
10853,11.29
10854,11.51
10855,11.63
10856,11.96
10857,11.95
10858,12.96
10859,11.52
10860,12.4
10861,12.99
10862,12.12
10863,11.41
10864,11.89
10865,12.12
10866,12.1
10867,12.37
10868,12.57
10869,12.39
10870,12.31
10871,11.6
10872,12.03
10873,12.35
10874,11.75
10875,11.77
10876,13.57
10877,15.84
10878,18.54
10879,19.21
10880,22.6
10881,23.22
10882,23.4
10883,23.47
10884,23.51
10885,23.51
10886,23.48
10887,23.5
10888,23.53
10889,23.4
10890,23.53
10891,22.28
10892,21.04
10893,20.42
10894,19.79
10895,20.07
10896,17.89
10897,17.86
10898,14.5
10899,12.52
10900,13.5
10901,13.15
10902,12.98
10903,13.37
10904,12.76
10905,12.36
10906,13.19
10907,13.22
10908,13.03
10909,15.08
10910,16.83
10911,19.8
10912,21.15
10913,22.68
10914,25.28
10915,24.52
10916,24.4
10917,24.46
10918,24.47
10919,24.57
10920,24.5
10921,24.46
10922,22.95
10923,22.06
10924,21.72
10925,20.5
10926,19.44
10927,18.66
10928,15.55
10929,14.24
10930,14.79
10931,14.46
10932,14.18
10933,13.44
10934,15.14
10935,13.44
10936,14.39
10937,14.51
10938,14.55
10939,14.34
10940,14.99
10941,14.57
10942,13.96
10943,13.56
10944,14.94
10945,13.98
10946,13.65
10947,14.02
10948,15.14
10949,14.49
10950,14.39
10951,14.61
10952,14.62
10953,14.3
10954,14.96
10955,13.99
10956,14.77
10957,14.63
10958,13.95
10959,13.69
10960,14.44
10961,13.76
10962,14.78
10963,14.33
10964,14.49
10965,14.02
10966,13.44
10967,15.14
10968,13.99
10969,13.57
10970,14.05
10971,14.03
10972,13.47
10973,14.76
10974,14.51
10975,14.04
10976,14.93
10977,13.89
10978,13.92
10979,14.64
10980,13.85
10981,13.72
10982,14.42
10983,14.88
10984,16.21
10985,18.59
10986,20.41
10987,22.0
10988,23.76
10989,25.83
10990,27.42
10991,29.28
10992,32.18
10993,33.94
10994,34.79
10995,34.48
10996,34.51
10997,34.52
10998,34.57
10999,34.48
11000,34.52
11001,34.45
11002,34.44
11003,34.55
11004,34.52
11005,34.49
11006,34.47
11007,34.41
11008,34.45
11009,34.53
11010,34.6
11011,34.56
11012,34.52
11013,34.43
11014,34.5
11015,34.53
11016,34.43
11017,34.53
11018,34.45
11019,34.49
11020,34.4
11021,34.43
11022,34.52
11023,34.43
11024,34.44
11025,34.6
11026,34.44
11027,34.51
11028,34.4
11029,33.21
11030,32.35
11031,31.29
11032,31.18
11033,30.01
11034,28.23
11035,28.74
11036,27.82
11037,27.01
11038,23.41
11039,20.75
11040,17.44
11041,15.89
11042,14.51
11043,15.7
11044,15.56
11045,15.0
11046,18.19
11047,20.17
11048,21.64
11049,23.55
11050,25.17
11051,27.23
11052,27.71
11053,28.6
11054,28.58
11055,28.46
11056,28.43
11057,28.46
11058,28.6
11059,28.13
11060,26.7
11061,25.25
11062,24.74
11063,24.21
11064,23.0
11065,21.81
11066,21.86
11067,18.39
11068,16.51
11069,16.57
11070,16.1
11071,16.21
11072,16.13
11073,16.53
11074,16.82
11075,16.62
11076,16.6
11077,15.93
11078,16.96
11079,15.66
11080,17.96
11081,20.22
11082,22.69
11083,24.7
11084,26.68
11085,27.46
11086,30.59
11087,30.87
11088,30.49
11089,30.51
11090,30.52
11091,30.54
11092,30.43
11093,30.57
11094,29.18
11095,28.71
11096,27.65
11097,27.42
11098,25.98
11099,25.56
11100,23.77
11101,23.28
11102,20.36
11103,18.1
11104,16.74
11105,16.72
11106,17.63
11107,17.87
11108,16.9
11109,17.02
11110,17.97
11111,17.34
11112,16.8
11113,17.31
11114,16.97
11115,18.03
11116,17.39
11117,18.28
11118,17.89
11119,18.35
11120,17.87
11121,16.98
11122,16.79
11123,17.12
11124,18.33
11125,20.21
11126,22.31
11127,22.85
11128,22.45
11129,22.43
11130,22.44
11131,22.46
11132,22.6
11133,22.4
11134,22.47
11135,22.13
11136,20.9
11137,20.69
11138,18.86
11139,19.1
11140,17.62
11141,16.45
11142,14.41
11143,11.39
11144,9.48
11145,10.04
11146,9.15
11147,9.71
11148,9.98
11149,9.87
11150,10.85
11151,9.86
11152,9.32
11153,9.95
11154,10.25
11155,9.95
11156,10.33
11157,10.53
11158,9.68
11159,10.27
11160,9.73
11161,10.15
11162,9.15
11163,11.7
11164,14.51
11165,16.78
11166,17.76
11167,19.14
11168,21.87
11169,24.23
11170,26.67
11171,27.98
11172,29.71
11173,32.0
11174,34.13
11175,35.93
11176,36.78
11177,36.52
11178,36.45
11179,36.45
11180,36.47
11181,36.51
11182,36.55
11183,36.58
11184,36.6
11185,36.56
11186,36.51
11187,36.57
11188,36.47
11189,36.47
11190,36.51
11191,36.51
11192,36.58
11193,36.44
11194,36.49
11195,36.54
11196,36.48
11197,36.54
11198,36.56
11199,36.46
11200,36.51
11201,36.5
11202,36.47
11203,36.51
11204,36.51
11205,36.58
11206,36.51
11207,36.5
11208,36.53
11209,36.47
11210,36.56
11211,36.55
11212,36.4
11213,36.53
11214,36.47
11215,36.53
11216,36.57
11217,36.4
11218,36.44
11219,36.5
11220,36.46
11221,36.46
11222,36.39
11223,34.88
11224,34.16
11225,33.21
11226,31.46
11227,31.79
11228,30.58
11229,29.19
11230,28.76
11231,25.16
11232,21.59
11233,18.39
11234,14.95
11235,12.77
11236,11.16
11237,11.44
11238,10.94
11239,10.93
11240,12.66
11241,14.18
11242,16.9
11243,19.05
11244,21.32
11245,21.76
11246,22.46
11247,22.57
11248,22.51
11249,22.49
11250,22.47
11251,22.49
11252,22.56
11253,22.51
11254,21.27
11255,20.12
11256,18.63
11257,18.34
11258,17.66
11259,16.79
11260,14.24
11261,11.32
11262,11.94
11263,12.94
11264,11.6
11265,12.28
11266,11.77
11267,11.37
11268,12.99
11269,12.02
11270,12.68
11271,11.86
11272,12.65
11273,12.46
11274,12.14
11275,11.55
11276,12.12
11277,12.12
11278,12.07
11279,12.42
11280,11.66
11281,12.36
11282,14.02
11283,16.36
11284,18.93
11285,20.91
11286,21.82
11287,23.44
11288,25.29
11289,28.66
11290,29.7
11291,30.71
11292,30.4
11293,30.6
11294,30.43
11295,30.52
11296,30.54
11297,30.45
11298,30.47
11299,28.57
11300,28.28
11301,27.6
11302,25.37
11303,26.0
11304,24.46
11305,23.75
11306,20.48
11307,17.62
11308,14.72
11309,12.67
11310,12.75
11311,13.37
11312,14.06
11313,13.15
11314,13.37
11315,13.66
11316,13.07
11317,12.69
11318,13.66
11319,13.64
11320,12.7
11321,13.51
11322,12.95
11323,12.85
11324,12.36
11325,13.08
11326,13.69
11327,13.6
11328,12.75
11329,13.32
11330,13.93
11331,13.46
11332,12.36
11333,12.36
11334,12.99
11335,13.19
11336,12.58
11337,13.17
11338,13.76
11339,12.72
11340,13.52
11341,12.48
11342,13.59
11343,15.81
11344,16.92
11345,18.77
11346,20.99
11347,23.7
11348,25.27
11349,26.68
11350,28.68
11351,30.81
11352,32.98
11353,34.53
11354,36.62
11355,38.46
11356,39.12
11357,39.15
11358,39.57
11359,39.48
11360,39.41
11361,39.51
11362,39.45
11363,39.44
11364,39.59
11365,39.47
11366,39.5
11367,39.46
11368,39.46
11369,39.5
11370,39.55
11371,39.5
11372,39.54
11373,39.49
11374,39.52
11375,39.53
11376,39.49
11377,39.45
11378,39.42
11379,39.5
11380,39.55
11381,39.43
11382,39.49
11383,39.58
11384,39.48
11385,39.52
11386,39.48
11387,38.33
11388,38.06
11389,36.78
11390,36.31
11391,34.0
11392,33.5
11393,32.34
11394,32.09
11395,30.23
11396,30.15
11397,26.56
11398,23.93
11399,20.18
11400,17.98
11401,14.81
11402,14.03
11403,14.51
11404,13.95
11405,14.0
11406,14.71
11407,13.94
11408,14.35
11409,13.44
11410,13.86
11411,14.1
11412,13.49
11413,14.26
11414,14.07
11415,14.3
11416,14.68
11417,14.0
11418,16.21
11419,17.7
11420,20.84
11421,21.51
11422,24.37
11423,24.62
11424,24.52
11425,24.46
11426,24.46
11427,24.44
11428,24.48
11429,24.4
11430,23.3
11431,23.26
11432,21.87
11433,21.38
11434,20.52
11435,20.3
11436,19.76
11437,15.75
11438,14.87
11439,15.91
11440,15.39
11441,15.71
11442,14.9
11443,15.28
11444,14.52
11445,15.78
11446,15.43
11447,15.58
11448,15.19
11449,15.26
11450,15.27
11451,15.77
11452,15.58
11453,15.48
11454,14.9
11455,15.0
11456,15.97
11457,15.79
11458,15.65
11459,15.83
11460,14.69
11461,15.35
11462,15.12
11463,15.41
11464,15.82
11465,15.93
11466,16.21
11467,15.44
11468,15.32
11469,15.55
11470,15.03
11471,15.91
11472,15.57
11473,15.31
11474,15.8
11475,15.45
11476,15.1
11477,15.7
11478,15.28
11479,17.33
11480,19.12
11481,21.58
11482,23.73
11483,25.23
11484,27.54
11485,28.52
11486,29.18
11487,29.47
11488,29.54
11489,29.59
11490,29.56
11491,28.9
11492,23.46
11493,18.58
11494,16.8
11495,16.72
11496,16.0
11497,15.58
11498,15.59
11499,15.7
11500,16.61
11501,16.74
11502,15.86
11503,15.97
11504,16.65
11505,16.39
11506,17.13
11507,15.58
11508,16.34
11509,16.41
11510,16.25
11511,16.85
11512,16.16
11513,16.24
11514,16.26
11515,16.84
11516,16.63
11517,15.85
11518,16.62
11519,16.48
11520,16.59
11521,16.34
11522,16.72
11523,16.33
11524,16.0
11525,15.7
11526,16.99
11527,16.32
11528,16.13
11529,15.66
11530,16.69
11531,16.26
11532,16.94
11533,15.89
11534,16.11
11535,16.4
11536,16.22
11537,16.91
11538,16.92
11539,16.53
11540,16.22
11541,16.76
11542,16.21
11543,19.26
11544,19.88
11545,22.54
11546,24.07
11547,26.91
11548,28.03
11549,30.58
11550,31.3
11551,31.6
11552,31.48
11553,31.4
11554,31.54
11555,31.51
11556,31.51
11557,31.58
11558,31.51
11559,31.51
11560,31.46
11561,31.5
11562,30.71
11563,29.94
11564,28.24
11565,28.31
11566,27.75
11567,26.6
11568,25.46
11569,24.89
11570,23.86
11571,20.55
11572,18.28
11573,18.25
11574,16.69
11575,18.08
11576,17.88
11577,17.82
11578,17.5
11579,17.83
11580,17.67
11581,17.96
11582,17.88
11583,17.58
11584,17.04
11585,17.33
11586,17.7
11587,18.35
11588,17.53
11589,17.84
11590,17.4
11591,18.17
11592,17.59
11593,17.85
11594,17.58
11595,17.22
11596,17.32
11597,17.56
11598,18.35
11599,17.56
11600,17.32
11601,17.26
11602,17.04
11603,17.32
11604,17.89
11605,18.35
11606,17.52
11607,17.21
11608,18.19
11609,17.68
11610,17.23
11611,17.48
11612,20.33
11613,21.02
11614,23.51
11615,23.68
11616,23.44
11617,23.41
11618,23.5
11619,23.47
11620,23.4
11621,23.46
11622,23.52
11623,23.49
11624,23.59
11625,23.54
11626,22.74
11627,20.7
11628,20.31
11629,19.53
11630,18.44
11631,17.68
11632,14.76
11633,11.22
11634,10.1
11635,10.3
11636,9.69
11637,9.64
11638,9.58
11639,9.15
11640,9.91
11641,9.72
11642,9.15
11643,10.35
11644,10.13
11645,10.67
11646,10.6
11647,10.0
11648,9.85
11649,9.96
11650,9.85
11651,12.2
11652,14.49
11653,15.21
11654,17.74
11655,20.3
11656,22.53
11657,23.9
11658,25.39
11659,27.99
11660,29.57
11661,30.49
11662,30.5
11663,30.52
11664,30.55
11665,30.41
11666,30.6
11667,30.47
11668,29.3
11669,28.87
11670,28.26
11671,27.5
11672,25.93
11673,25.42
11674,24.26
11675,23.08
11676,20.03
11677,17.28
11678,13.13
11679,11.12
11680,11.19
11681,11.58
11682,10.67
11683,11.23
11684,11.1
11685,10.22
11686,11.59
11687,11.0
11688,11.21
11689,10.22
11690,11.1
11691,10.38
11692,11.42
11693,11.12
11694,10.78
11695,11.92
11696,10.99
11697,11.29
11698,11.87
11699,10.22
11700,11.72
11701,10.78
11702,11.18
11703,10.93
11704,11.07
11705,11.03
11706,10.51
11707,11.01
11708,11.06
11709,11.49
11710,11.14
11711,10.77
11712,10.57
11713,11.1
11714,13.13
11715,14.41
11716,16.16
11717,19.1
11718,21.03
11719,22.68
11720,24.08
11721,26.1
11722,26.5
11723,26.49
11724,26.53
11725,26.58
11726,24.81
11727,24.8
11728,23.82
11729,22.82
11730,22.37
11731,21.66
11732,21.43
11733,20.42
11734,16.49
11735,13.38
11736,11.78
11737,11.36
11738,12.54
11739,12.22
11740,11.97
11741,11.78
11742,12.82
11743,11.29
11744,13.97
11745,15.25
11746,17.7
11747,19.38
11748,22.31
11749,23.29
11750,22.57
11751,22.54
11752,22.53
11753,22.49
11754,22.53
11755,22.4
11756,22.42
11757,22.29
11758,20.71
11759,20.54
11760,18.73
11761,17.86
11762,18.34
11763,16.91
11764,13.53
11765,10.41
11766,7.55
11767,4.85
11768,0.4
11769,0.0
11770,0.0
11771,0.0
11772,0.0
11773,0.0
11774,0.0
11775,0.0
11776,0.0
11777,0.0
11778,0.0
11779,0.0
11780,0.0
11781,0.0
11782,0.0
11783,0.0
11784,0.0
11785,0.0
11786,0.0
11787,0.0
11788,0.0
11789,0.0
11790,0.0
11791,0.0
11792,0.0
11793,0.0
11794,0.0
11795,0.0
11796,0.0
11797,0.0
11798,0.0
11799,0.0
11800,0.0
11801,0.0
11802,0.0
11803,0.0
11804,0.0
11805,0.0
11806,0.0
11807,0.0
11808,0.0
11809,0.0
11810,0.0
11811,0.0
11812,0.0
11813,0.0
11814,0.0
11815,0.0
11816,0.0
11817,0.0
11818,0.0
11819,0.0
11820,0.0
11821,0.0
11822,0.0
11823,0.0
11824,0.0
11825,0.0
11826,0.0
11827,1.22
11828,4.24
11829,5.93
11830,8.27
11831,9.78
11832,11.85
11833,13.88
11834,16.16
11835,17.16
11836,19.38
11837,21.9
11838,23.15
11839,23.54
11840,23.6
11841,23.48
11842,23.6
11843,23.45
11844,23.56
11845,23.55
11846,23.41
11847,23.51
11848,23.51
11849,21.96
11850,21.94
11851,20.4
11852,19.96
11853,17.89
11854,18.28
11855,13.88
11856,14.42
11857,14.27
11858,14.04
11859,14.22
11860,13.56
11861,15.01
11862,14.52
11863,14.03
11864,13.95
11865,14.54
11866,14.26
11867,14.11
11868,15.09
11869,13.8
11870,14.81
11871,15.03
11872,14.21
11873,14.56
11874,13.47
11875,14.44
11876,14.54
11877,14.11
11878,14.59
11879,14.61
11880,13.72
11881,14.39
11882,13.87
11883,14.88
11884,13.44
11885,14.3
11886,14.29
11887,15.14
11888,15.0
11889,14.96
11890,14.27
11891,14.77
11892,14.41
11893,13.63
11894,14.55
11895,13.9
11896,13.44
11897,15.03
11898,13.85
11899,14.58
11900,14.37
11901,14.68
11902,14.01
11903,16.26
11904,18.99
11905,20.46
11906,22.0
11907,23.22
11908,23.44
11909,23.43
11910,23.58
11911,23.52
11912,23.57
11913,23.48
11914,23.55
11915,23.47
11916,23.4
11917,22.81
11918,22.28
11919,21.33
11920,20.6
11921,20.04
11922,18.19
11923,17.11
11924,15.45
11925,15.49
11926,15.42
11927,15.05
11928,15.84
11929,15.85
11930,15.23
11931,16.73
11932,19.68
11933,21.5
11934,22.93
11935,24.56
11936,25.6
11937,25.52
11938,25.48
11939,25.49
11940,25.4
11941,25.4
11942,25.46
11943,25.17
11944,24.1
11945,22.97
11946,23.01
11947,21.05
11948,20.86
11949,20.29
11950,16.3
11951,13.87
11952,10.98
11953,6.82
11954,4.1
11955,0.0
11956,0.0
11957,0.0
11958,0.0
11959,0.0
11960,0.0
11961,0.0
11962,0.0
11963,0.0
11964,0.0
11965,0.0
11966,0.0
11967,0.0
11968,0.0
11969,0.0
11970,0.0
11971,0.0
11972,0.0
11973,0.0
11974,0.0
11975,0.0
11976,0.0
11977,0.0
11978,0.0
11979,0.0
11980,0.0
11981,0.0
11982,0.0
11983,0.0
11984,0.0
11985,0.0
11986,0.0
11987,0.0
11988,0.0
11989,0.0
11990,0.0
11991,0.0
11992,0.0
11993,0.0
11994,0.0
11995,0.0
11996,0.0
11997,0.0
11998,0.0
11999,0.0
12000,0.0
12001,0.0
12002,0.0
12003,0.0
12004,0.0
12005,0.0
12006,0.0
12007,0.0
12008,0.0
12009,0.0
12010,0.0
12011,0.0
12012,0.0
12013,0.0
12014,0.0
12015,0.0
12016,0.0
12017,0.0
12018,0.0
12019,0.0
12020,0.0
12021,0.0
12022,0.0
12023,0.0
12024,0.0
12025,0.0
12026,0.0
12027,0.0
12028,0.0
12029,0.0
12030,0.0
12031,0.0
12032,0.0
12033,0.0
12034,0.0
12035,0.0
12036,0.0
12037,0.0
12038,0.0
12039,0.0
12040,0.0
12041,0.0
12042,0.0
12043,0.0
12044,0.0
12045,0.0
12046,0.0
12047,0.0
12048,0.0
12049,0.0
12050,0.0
12051,0.0
12052,0.0
12053,0.0
12054,0.0
12055,0.0
12056,0.0
12057,0.0
12058,0.0
12059,0.0
12060,0.0
12061,0.0
12062,0.0
12063,0.0
12064,0.0
12065,0.0
12066,0.0
12067,0.0
12068,0.0
12069,0.0
12070,0.0
12071,0.0
12072,0.0
12073,0.0
12074,0.0
12075,0.0
12076,0.0
12077,0.0
12078,0.0
12079,0.0
12080,0.0
12081,0.0
12082,0.0
12083,0.0
12084,0.0
12085,0.0
12086,0.0
12087,0.0
12088,0.0
12089,0.0
12090,0.0
12091,0.0
12092,0.0
12093,0.0
12094,0.0
12095,0.0
12096,0.0
12097,0.0
12098,0.0
12099,0.0
12100,0.0
12101,0.0
12102,0.0
12103,0.0
12104,0.0
12105,0.0
12106,0.0
12107,0.0
12108,0.0
12109,0.0
12110,0.0
12111,0.0
12112,0.0
12113,0.0
12114,0.0
12115,0.0
12116,0.0
12117,0.0
12118,0.0
12119,0.0
12120,0.0
12121,0.0
12122,0.0
12123,0.0
12124,0.0
12125,0.0
12126,0.0
12127,0.0
12128,0.0
12129,0.0
12130,0.0
12131,0.0
12132,0.0
12133,0.0
12134,0.0
12135,0.0
12136,0.0
12137,0.0
12138,0.0
12139,0.0
12140,0.0
12141,0.0
12142,0.0
12143,0.0
12144,0.0
12145,0.0
12146,0.0
12147,0.0
12148,0.0
12149,0.0
12150,0.0
12151,0.0
12152,0.0
12153,0.0
12154,0.0
12155,0.0
12156,0.0
12157,0.0
12158,0.0
12159,0.0
12160,0.0
12161,0.0
12162,0.0
12163,0.0
12164,0.0
12165,0.0
12166,0.0
12167,0.0
12168,0.0
12169,0.0
12170,0.0
12171,0.0
12172,0.0
12173,0.0
12174,0.0
12175,0.0
12176,0.0
12177,0.0
12178,0.0
12179,0.0
12180,0.0
12181,0.0
12182,0.0
12183,0.0
12184,0.0
12185,0.0
12186,0.0
12187,0.0
12188,0.0
12189,0.0
12190,0.0
12191,0.0
12192,0.0
12193,1.97
12194,4.24
12195,6.06
12196,7.22
12197,9.72
12198,11.6
12199,13.64
12200,16.61
12201,17.24
12202,19.54
12203,21.65
12204,23.2
12205,24.77
12206,24.53
12207,24.46
12208,24.44
12209,24.45
12210,24.4
12211,24.51
12212,23.59
12213,22.21
12214,22.44
12215,20.52
12216,20.35
12217,18.94
12218,18.87
12219,17.71
12220,17.46
12221,17.63
12222,16.82
12223,17.71
12224,17.62
12225,17.26
12226,17.26
12227,18.08
12228,18.3
12229,17.75
12230,17.2
12231,17.46
12232,17.63
12233,16.98
12234,17.18
12235,16.65
12236,17.45
12237,17.38
12238,18.35
12239,17.36
12240,17.23
12241,16.76
12242,17.25
12243,16.99
12244,16.92
12245,17.54
12246,18.1
12247,17.14
12248,18.02
12249,17.91
12250,17.02
12251,17.82
12252,17.62
12253,17.08
12254,17.34
12255,17.08
12256,17.33
12257,17.82
12258,18.87
12259,20.76
12260,23.66
12261,25.64
12262,27.83
12263,27.42
12264,27.53
12265,27.51
12266,27.59
12267,27.51
12268,27.58
12269,27.47
12270,26.82
12271,26.61
12272,25.83
12273,25.0
12274,23.47
12275,22.71
12276,21.32
12277,21.16
12278,18.43
12279,14.03
12280,11.55
12281,7.58
12282,4.06
12283,1.8
12284,0.0
12285,0.0
12286,0.0
12287,0.0
12288,0.0
12289,0.0
12290,0.0
12291,0.0
12292,0.0
12293,0.0
12294,0.0
12295,0.0
12296,0.0
12297,0.0
12298,0.0
12299,0.0
12300,0.0
12301,0.0
12302,0.0
12303,0.0
12304,0.0
12305,0.0
12306,0.0
12307,0.0
12308,0.0
12309,0.0
12310,0.0
12311,0.0
12312,0.0
12313,0.0
12314,0.0
12315,0.0
12316,0.0
12317,0.0
12318,0.0
12319,0.0
12320,0.0
12321,0.0
12322,0.0
12323,0.0
12324,0.0
12325,0.0
12326,0.0
12327,1.87
12328,4.81
12329,6.03
12330,8.77
12331,9.7
12332,11.03
12333,13.9
12334,15.37
12335,17.26
12336,18.95
12337,21.59
12338,24.61
12339,23.85
12340,24.44
12341,24.54
12342,24.47
12343,24.59
12344,24.53
12345,24.49
12346,23.33
12347,22.69
12348,22.03
12349,21.81
12350,20.84
12351,19.93
12352,19.25
12353,15.41
12354,13.2
12355,11.59
12356,11.21
12357,11.1
12358,10.47
12359,10.22
12360,10.66
12361,11.67
12362,11.19
12363,11.09
12364,10.95
12365,10.82
12366,11.5
12367,10.62
12368,11.59
12369,11.76
12370,11.32
12371,11.67
12372,11.45
12373,11.33
12374,11.62
12375,11.61
12376,11.24
12377,10.66
12378,11.3
12379,11.73
12380,11.23
12381,11.01
12382,11.92
12383,10.66
12384,11.48
12385,10.22
12386,10.92
12387,10.99
12388,11.58
12389,11.8
12390,11.83
12391,10.8
12392,10.76
12393,10.39
12394,11.0
12395,11.43
12396,10.73
12397,11.92
12398,11.34
12399,11.62
12400,12.98
12401,14.85
12402,17.34
12403,18.96
12404,20.99
12405,22.2
12406,22.57
12407,22.43
12408,22.55
12409,22.45
12410,22.46
12411,22.6
12412,22.6
12413,21.39
12414,20.52
12415,20.1
12416,19.71
12417,18.43
12418,17.56
12419,16.65
12420,14.03
12421,12.99
12422,12.41
12423,12.5
12424,12.33
12425,12.56
12426,11.92
12427,11.39
12428,12.68
12429,12.59
12430,11.87
12431,12.35
12432,11.65
12433,11.73
12434,12.21
12435,11.29
12436,11.85
12437,11.65
12438,12.79
12439,11.67
12440,12.35
12441,12.14
12442,11.69
12443,12.46
12444,12.13
12445,11.79
12446,12.86
12447,11.7
12448,12.37
12449,11.83
12450,12.34
12451,12.79
12452,12.11
12453,12.12
12454,12.21
12455,11.8
12456,11.29
12457,12.83
12458,12.84
12459,11.72
12460,14.88
12461,16.29
12462,18.58
12463,19.94
12464,22.18
12465,23.96
12466,26.12
12467,26.58
12468,26.53
12469,26.48
12470,26.6
12471,26.46
12472,26.13
12473,24.95
12474,24.56
12475,23.98
12476,22.1
12477,22.43
12478,20.66
12479,19.76
12480,17.18
12481,13.52
12482,13.88
12483,13.33
12484,13.06
12485,12.65
12486,13.42
12487,12.95
12488,13.19
12489,13.68
12490,13.28
12491,12.57
12492,13.65
12493,14.06
12494,13.36
12495,13.07
12496,13.32
12497,12.93
12498,13.74
12499,14.06
12500,13.78
12501,12.36
12502,12.36
12503,13.39
12504,13.01
12505,12.74
12506,13.23
12507,13.33
12508,12.76
12509,13.36
12510,14.01
12511,14.06
12512,12.87
12513,13.0
12514,13.39
12515,13.67
12516,13.63
12517,13.15
12518,13.16
12519,13.55
12520,13.61
12521,13.78
12522,12.88
12523,13.68
12524,13.61
12525,13.48
12526,12.65
12527,13.5
12528,12.87
12529,13.5
12530,13.69
12531,14.06
12532,13.16
12533,13.38
12534,12.41
12535,13.26
12536,12.42
12537,13.87
12538,12.36
12539,13.78
12540,13.15
12541,14.06
12542,13.94
12543,12.67
12544,15.69
12545,17.95
12546,19.07
12547,21.12
12548,23.55
12549,24.38
12550,26.91
12551,26.6
12552,26.51
12553,26.47
12554,26.55
12555,26.47
12556,24.55
12557,23.57
12558,22.88
12559,22.02
12560,21.99
12561,21.49
12562,19.88
12563,16.98
12564,13.57
12565,14.36
12566,14.59
12567,13.61
12568,15.14
12569,14.53
12570,14.47
12571,14.66
12572,14.85
12573,13.83
12574,14.43
12575,15.14
12576,14.32
12577,15.14
12578,14.3
12579,14.74
12580,13.73
12581,14.68
12582,14.38
12583,14.18
12584,14.35
12585,14.59
12586,14.67
12587,14.24
12588,14.2
12589,13.95
12590,13.72
12591,14.12
12592,13.94
12593,14.93
12594,13.66
12595,14.05
12596,15.14
12597,14.48
12598,13.88
12599,13.44
12600,14.1
12601,14.83
12602,13.47
12603,15.14
12604,13.88
12605,14.62
12606,14.43
12607,14.74
12608,13.82
12609,15.14
12610,13.76
12611,13.64
12612,14.22
12613,14.25
12614,14.51
12615,13.44
12616,14.08
12617,14.44
12618,14.01
12619,13.75
12620,13.89
12621,14.3
12622,15.92
12623,18.79
12624,19.38
12625,22.31
12626,24.15
12627,26.16
12628,27.45
12629,27.48
12630,27.48
12631,27.6
12632,27.54
12633,27.57
12634,27.6
12635,27.37
12636,26.01
12637,25.35
12638,24.54
12639,23.14
12640,21.68
12641,20.88
12642,21.12
12643,16.84
12644,14.51
12645,15.44
12646,15.48
12647,14.51
12648,16.76
12649,18.73
12650,20.7
12651,23.19
12652,24.77
12653,24.55
12654,24.5
12655,24.6
12656,24.47
12657,24.49
12658,24.52
12659,22.98
12660,22.07
12661,21.71
12662,21.43
12663,20.59
12664,19.57
12665,18.37
12666,16.34
12667,16.89
12668,17.16
12669,16.27
12670,15.91
12671,16.4
12672,16.01
12673,16.54
12674,15.58
12675,16.73
12676,16.86
12677,16.04
12678,16.04
12679,15.98
12680,16.38
12681,16.62
12682,16.53
12683,16.36
12684,17.21
12685,16.45
12686,16.37
12687,16.78
12688,15.82
12689,16.64
12690,16.79
12691,16.72
12692,16.65
12693,17.21
12694,16.12
12695,15.72
12696,16.66
12697,17.28
12698,19.26
12699,19.54
12700,21.69
12701,23.8
12702,26.57
12703,28.62
12704,28.31
12705,28.58
12706,28.58
12707,28.47
12708,28.58
12709,28.53
12710,28.59
12711,26.79
12712,27.18
12713,25.46
12714,24.77
12715,23.99
12716,23.1
12717,22.79
12718,22.08
12719,17.77
12720,18.35
12721,17.92
12722,17.71
12723,17.21
12724,17.19
12725,17.42
12726,18.19
12727,17.92
12728,17.03
12729,17.56
12730,17.59
12731,17.79
12732,16.86
12733,18.35
12734,17.42
12735,17.98
12736,17.19
12737,17.41
12738,17.73
12739,17.4
12740,17.7
12741,17.51
12742,17.26
12743,17.5
12744,17.88
12745,16.76
12746,17.4
12747,17.96
12748,16.65
12749,16.94
12750,17.43
12751,16.95
12752,16.74
12753,18.35
12754,16.97
12755,17.25
12756,20.02
12757,22.09
12758,22.94
12759,22.48
12760,22.55
12761,22.58
12762,22.45
12763,22.46
12764,22.57
12765,22.49
12766,21.31
12767,16.78
12768,12.83
12769,10.72
12770,10.46
12771,9.17
12772,10.14
12773,9.15
12774,9.76
12775,10.26
12776,9.39
12777,9.73
12778,10.85
12779,10.09
12780,10.3
12781,10.27
12782,10.09
12783,10.36
12784,10.04
12785,9.35
12786,10.85
12787,10.37
12788,9.71
12789,9.94
12790,10.51
12791,9.96
12792,9.2
12793,10.56
12794,9.56
12795,9.51
12796,9.64
12797,10.1
12798,10.43
12799,9.47
12800,9.62
12801,10.0
12802,10.55
12803,9.78
12804,10.03
12805,11.82
12806,14.01
12807,15.77
12808,17.93
12809,20.67
12810,22.21
12811,23.84
12812,26.41
12813,25.65
12814,26.51
12815,26.51
12816,26.52
12817,26.49
12818,25.81
12819,25.06
12820,23.68
12821,23.03
12822,22.29
12823,21.82
12824,20.55
12825,20.33
12826,17.13
12827,14.37
12828,11.22
12829,10.4
12830,10.76
12831,11.46
12832,11.39
12833,10.42
12834,10.94
12835,10.66
12836,11.27
12837,11.29
12838,10.77
12839,10.98
12840,10.58
12841,10.67
12842,11.92
12843,10.91
12844,10.22
12845,10.99
12846,10.66
12847,10.22
12848,11.28
12849,11.36
12850,10.86
12851,11.79
12852,11.33
12853,11.75
12854,11.45
12855,11.37
12856,11.56
12857,11.13
12858,10.58
12859,11.61
12860,11.43
12861,10.76
12862,11.08
12863,11.3
12864,11.23
12865,11.18
12866,11.76
12867,10.22
12868,11.12
12869,11.54
12870,10.8
12871,11.8
12872,10.97
12873,11.42
12874,10.73
12875,11.4
12876,11.12
12877,11.21
12878,11.26
12879,13.48
12880,14.96
12881,16.91
12882,18.99
12883,21.19
12884,22.1
12885,25.69
12886,25.28
12887,25.57
12888,25.55
12889,25.42
12890,25.45
12891,25.41
12892,25.49
12893,25.06
12894,23.43
12895,23.89
12896,22.51
12897,20.58
12898,20.7
12899,19.62
12900,16.02
12901,13.61
12902,12.95
12903,12.72
12904,12.53
12905,11.79
12906,12.44
12907,12.82
12908,11.65
12909,11.29
12910,12.15
12911,12.04
12912,12.26
12913,11.81
12914,12.16
12915,11.29
12916,12.04
12917,12.29
12918,11.99
12919,12.86
12920,12.78
12921,12.44
12922,11.67
12923,12.0
12924,11.53
12925,12.99
12926,12.72
12927,12.5
12928,11.63
12929,11.81
12930,14.56
12931,16.42
12932,17.23
12933,19.6
12934,22.43
12935,24.17
12936,26.69
12937,27.48
12938,29.11
12939,31.63
12940,31.57
12941,31.6
12942,31.46
12943,31.55
12944,31.54
12945,31.48
12946,31.42
12947,31.44
12948,31.51
12949,31.45
12950,31.48
12951,31.19
12952,29.83
12953,29.7
12954,28.05
12955,27.61
12956,27.03
12957,24.92
12958,24.15
12959,24.65
12960,20.3
12961,16.77
12962,14.4
12963,13.67
12964,12.7
12965,13.87
12966,13.44
12967,13.24
12968,14.06
12969,12.36
12970,12.36
12971,13.31
12972,12.5
12973,12.91
12974,13.43
12975,13.0
12976,13.8
12977,14.02
12978,12.57
12979,13.68
12980,12.36
12981,14.06
12982,13.24
12983,13.78
12984,13.78
12985,13.44
12986,13.48
12987,13.25
12988,12.56
12989,13.57
12990,12.97
12991,13.13
12992,12.91
12993,13.19
12994,13.16
12995,13.42
12996,13.24
12997,12.9
12998,14.0
12999,12.68
13000,13.65
13001,13.82
13002,13.33
13003,13.44
13004,12.66
13005,13.71
13006,13.43
13007,13.28
13008,12.85
13009,14.06
13010,14.06
13011,12.61
13012,13.48
13013,13.4
13014,14.06
13015,13.33
13016,13.14
13017,12.79
13018,13.19
13019,13.43
13020,14.06
13021,12.63
13022,13.57
13023,13.06
13024,13.44
13025,13.18
13026,13.05
13027,13.3
13028,12.99
13029,15.09
13030,16.37
13031,18.84
13032,21.57
13033,23.62
13034,24.57
13035,27.56
13036,27.79
13037,27.53
13038,27.49
13039,27.44
13040,27.48
13041,27.51
13042,27.59
13043,26.1
13044,26.44
13045,25.26
13046,24.22
13047,23.11
13048,22.61
13049,21.95
13050,21.2
13051,18.23
13052,14.53
13053,14.58
13054,14.13
13055,14.77
13056,15.14
13057,13.44
13058,14.0
13059,13.98
13060,14.79
13061,15.12
13062,13.49
13063,13.98
13064,14.38
13065,14.27
13066,14.09
13067,14.55
13068,14.12
13069,15.02
13070,14.29
13071,13.87
13072,14.59
13073,14.95
13074,13.61
13075,14.44
13076,14.18
13077,13.88
13078,13.55
13079,14.55
13080,14.57
13081,14.99
13082,14.93
13083,14.35
13084,13.81
13085,14.68
13086,14.18
13087,14.62
13088,14.98
13089,14.97
13090,15.01
13091,14.01
13092,13.96
13093,14.31
13094,14.04
13095,13.55
13096,14.93
13097,15.14
13098,13.7
13099,14.4
13100,14.3
13101,14.11
13102,13.79
13103,13.89
13104,14.51
13105,14.25
13106,13.71
13107,14.68
13108,13.87
13109,13.88
13110,14.23
13111,14.41
13112,14.5
13113,16.56
13114,18.3
13115,20.67
13116,21.36
13117,24.16
13118,26.27
13119,28.35
13120,27.46
13121,27.55
13122,27.45
13123,27.52
13124,27.51
13125,27.42
13126,26.96
13127,26.66
13128,24.43
13129,23.64
13130,22.89
13131,21.75
13132,22.49
13133,20.62
13134,18.21
13135,15.4
13136,14.59
13137,14.66
13138,15.03
13139,15.5
13140,15.48
13141,15.04
13142,14.88
13143,15.81
13144,16.21
13145,14.51
13146,16.14
13147,15.36
13148,15.14
13149,15.57
13150,16.21
13151,14.87
13152,15.8
13153,14.83
13154,15.36
13155,15.7
13156,15.58
13157,15.17
13158,15.08
13159,15.45
13160,14.9
13161,15.4
13162,15.35
13163,15.94
13164,15.43
13165,15.59
13166,15.11
13167,15.65
13168,15.13
13169,14.77
13170,14.51
13171,14.99
13172,15.37
13173,15.91
13174,16.02
13175,15.79
13176,15.6
13177,15.41
13178,15.26
13179,15.51
13180,15.31
13181,14.51
13182,15.68
13183,14.51
13184,14.92
13185,15.57
13186,14.85
13187,15.01
13188,14.98
13189,15.23
13190,15.83
13191,15.15
13192,17.05
13193,19.47
13194,21.61
13195,23.57
13196,24.97
13197,24.5
13198,24.56
13199,24.54
13200,24.57
13201,24.5
13202,24.54
13203,23.29
13204,23.72
13205,21.9
13206,20.51
13207,19.62
13208,19.53
13209,19.76
13210,16.28
13211,16.34
13212,16.21
13213,15.71
13214,16.25
13215,16.8
13216,16.52
13217,16.41
13218,16.59
13219,17.05
13220,16.71
13221,16.61
13222,16.61
13223,16.27
13224,17.28
13225,16.41
13226,17.28
13227,16.82
13228,16.75
13229,16.95
13230,15.96
13231,16.35
13232,17.28
13233,16.34
13234,16.06
13235,15.88
13236,16.84
13237,16.06
13238,16.84
13239,16.25
13240,17.15
13241,17.01
13242,16.2
13243,16.68
13244,17.28
13245,16.11
13246,17.28
13247,16.27
13248,17.21
13249,15.97
13250,16.19
13251,15.76
13252,16.56
13253,16.49
13254,16.81
13255,16.54
13256,17.56
13257,19.92
13258,21.69
13259,22.09
13260,22.44
13261,22.54
13262,22.54
13263,22.55
13264,22.53
13265,22.44
13266,22.51
13267,21.57
13268,21.35
13269,20.09
13270,19.64
13271,18.05
13272,17.7
13273,17.61
13274,17.55
13275,18.35
13276,16.87
13277,18.29
13278,17.95
13279,17.96
13280,18.17
13281,18.01
13282,18.34
13283,17.43
13284,17.55
13285,17.74
13286,17.65
13287,17.36
13288,18.22
13289,17.28
13290,18.35
13291,17.57
13292,18.1
13293,17.9
13294,17.39
13295,17.45
13296,16.92
13297,20.08
13298,21.61
13299,22.7
13300,24.59
13301,24.41
13302,24.47
13303,24.51
13304,24.45
13305,24.55
13306,24.51
13307,23.77
13308,19.09
13309,14.38
13310,10.2
13311,10.62
13312,9.79
13313,10.6
13314,9.98
13315,10.53
13316,10.62
13317,10.56
13318,10.19
13319,10.17
13320,9.85
13321,9.8
13322,10.07
13323,9.64
13324,10.85
13325,9.63
13326,10.72
13327,10.21
13328,9.8
13329,10.12
13330,9.18
13331,9.33
13332,10.3
13333,10.59
13334,10.11
13335,10.59
13336,10.32
13337,10.85
13338,10.5
13339,10.58
13340,10.08
13341,10.38
13342,10.2
13343,10.85
13344,10.76
13345,10.2
13346,9.83
13347,10.58
13348,10.01
13349,9.9
13350,9.72
13351,10.34
13352,10.39
13353,9.37
13354,10.53
13355,9.95
13356,10.26
13357,10.8
13358,9.9
13359,10.55
13360,9.29
13361,10.06
13362,10.3
13363,9.79
13364,9.23
13365,10.23
13366,10.11
13367,9.15
13368,10.32
13369,10.33
13370,9.7
13371,10.61
13372,9.51
13373,10.85
13374,9.97
13375,11.6
13376,14.38
13377,15.74
13378,18.56
13379,20.73
13380,22.15
13381,23.94
13382,25.7
13383,28.25
13384,29.91
13385,32.1
13386,33.45
13387,35.66
13388,36.47
13389,36.51
13390,36.53
13391,36.56
13392,36.43
13393,36.47
13394,36.56
13395,36.51
13396,36.55
13397,36.51
13398,36.56
13399,36.48
13400,36.52
13401,36.5
13402,36.47
13403,36.45
13404,36.56
13405,36.48
13406,36.6
13407,36.44
13408,36.52
13409,36.5
13410,36.5
13411,36.44
13412,36.5
13413,36.49
13414,36.4
13415,36.49
13416,36.6
13417,36.52
13418,36.57
13419,36.49
13420,36.46
13421,36.47
13422,36.57
13423,36.57
13424,36.51
13425,36.47
13426,36.57
13427,36.45
13428,36.48
13429,36.56
13430,36.44
13431,36.59
13432,36.57
13433,36.54
13434,35.39
13435,34.31
13436,33.6
13437,33.14
13438,31.7
13439,31.09
13440,29.2
13441,30.02
13442,28.84
13443,25.04
13444,22.68
13445,18.36
13446,14.6
13447,12.7
13448,11.85
13449,10.78
13450,10.8
13451,10.57
13452,11.61
13453,11.49
13454,10.55
13455,11.0
13456,11.61
13457,10.61
13458,10.97
13459,11.54
13460,10.22
13461,10.52
13462,10.47
13463,12.97
13464,15.04
13465,17.76
13466,18.87
13467,20.63
13468,23.47
13469,24.35
13470,23.53
13471,23.49
13472,23.48
13473,23.55
13474,23.52
13475,23.52
13476,23.52
13477,23.5
13478,23.54
13479,22.96
13480,22.29
13481,21.23
13482,20.75
13483,20.24
13484,19.08
13485,17.78
13486,14.8
13487,11.75
13488,11.67
13489,12.26
13490,11.96
13491,12.63
13492,11.46
13493,12.0
13494,12.08
13495,11.31
13496,12.27
13497,12.53
13498,12.15
13499,11.81
13500,12.0
13501,11.32
13502,11.81
13503,12.19
13504,12.56
13505,12.99
13506,12.04
13507,12.12
13508,12.44
13509,12.1
13510,12.29
13511,12.7
13512,11.29
13513,12.07
13514,12.96
13515,11.58
13516,12.66
13517,11.76
13518,12.99
13519,12.14
13520,11.69
13521,12.62
13522,12.44
13523,12.88
13524,12.69
13525,11.81
13526,11.82
13527,12.76
13528,12.47
13529,12.51
13530,12.54
13531,12.6
13532,11.35
13533,12.99
13534,12.63
13535,11.78
13536,11.99
13537,12.34
13538,12.53
13539,12.02
13540,13.84
13541,16.95
13542,18.35
13543,19.93
13544,22.89
13545,24.3
13546,25.27
13547,28.01
13548,27.49
13549,27.56
13550,27.42
13551,27.4
13552,27.53
13553,27.56
13554,26.01
13555,25.31
13556,25.2
13557,24.85
13558,23.98
13559,23.24
13560,21.75
13561,21.46
13562,18.46
13563,15.11
13564,12.69
13565,13.32
13566,13.53
13567,13.88
13568,13.98
13569,13.81
13570,12.58
13571,13.74
13572,12.79
13573,12.36
13574,14.06
13575,13.13
13576,12.88
13577,13.3
13578,14.06
13579,13.59
13580,12.67
13581,14.06
13582,13.2
13583,13.74
13584,13.5
13585,13.3
13586,13.1
13587,13.85
13588,12.55
13589,13.58
13590,12.49
13591,12.65
13592,12.94
13593,13.97
13594,13.05
13595,13.54
13596,12.37
13597,13.49
13598,13.6
13599,12.95
13600,14.68
13601,17.47
13602,20.0
13603,21.24
13604,23.96
13605,24.72
13606,26.8
13607,26.8
13608,27.45
13609,27.56
13610,27.53
13611,27.6
13612,27.55
13613,27.5
13614,26.67
13615,25.59
13616,24.29
13617,23.82
13618,23.97
13619,22.04
13620,22.58
13621,20.59
13622,18.16
13623,13.76
13624,13.6
13625,14.3
13626,13.75
13627,14.29
13628,13.44
13629,14.43
13630,14.51
13631,14.93
13632,13.81
13633,13.78
13634,14.62
13635,14.33
13636,14.24
13637,14.27
13638,14.71
13639,13.44
13640,13.44
13641,14.46
13642,13.76
13643,14.66
13644,13.56
13645,13.73
13646,14.28
13647,14.19
13648,13.84
13649,14.84
13650,15.88
13651,17.66
13652,19.98
13653,21.65
13654,24.35
13655,23.48
13656,23.56
13657,23.54
13658,23.56
13659,23.46
13660,23.49
13661,23.52
13662,23.43
13663,23.46
13664,22.08
13665,21.56
13666,21.16
13667,19.64
13668,18.78
13669,18.35
13670,17.72
13671,15.23
13672,16.09
13673,14.86
13674,15.91
13675,14.75
13676,15.76
13677,16.03
13678,14.65
13679,14.97
13680,15.01
13681,15.47
13682,15.75
13683,16.09
13684,14.88
13685,15.8
13686,16.15
13687,15.51
13688,16.12
13689,15.31
13690,15.7
13691,14.51
13692,15.45
13693,15.58
13694,15.72
13695,15.59
13696,15.79
13697,15.13
13698,14.96
13699,16.21
13700,15.52
13701,15.42
13702,15.25
13703,15.53
13704,14.92
13705,14.84
13706,16.03
13707,15.17
13708,15.35
13709,15.32
13710,15.47
13711,14.51
13712,15.01
13713,15.25
13714,15.33
13715,15.3
13716,14.99
13717,16.21
13718,15.14
13719,16.1
13720,14.51
13721,15.3
13722,15.11
13723,14.51
13724,14.78
13725,14.7
13726,14.51
13727,16.2
13728,15.41
13729,15.26
13730,15.91
13731,14.51
13732,14.97
13733,14.51
13734,14.51
13735,15.96
13736,14.95
13737,16.21
13738,15.22
13739,15.62
13740,15.29
13741,14.63
13742,15.66
13743,17.06
13744,20.17
13745,20.65
13746,23.43
13747,25.34
13748,25.35
13749,25.47
13750,25.46
13751,25.48
13752,25.52
13753,25.44
13754,25.53
13755,24.52
13756,23.8
13757,23.17
13758,22.34
13759,21.68
13760,20.9
13761,20.41
13762,16.52
13763,17.08
13764,16.85
13765,16.73
13766,16.92
13767,16.2
13768,16.51
13769,16.07
13770,16.95
13771,16.16
13772,16.16
13773,16.91
13774,16.89
13775,15.67
13776,16.8
13777,16.47
13778,16.99
13779,15.69
13780,16.85
13781,16.42
13782,17.04
13783,16.68
13784,16.71
13785,16.98
13786,16.55
13787,16.38
13788,17.24
13789,18.86
13790,20.32
13791,22.38
13792,24.0
13793,26.42
13794,27.89
13795,29.86
13796,29.42
13797,29.53
13798,29.48
13799,29.43
13800,28.89
13801,27.87
13802,26.3
13803,26.06
13804,25.01
13805,23.75
13806,23.93
13807,22.92
13808,20.39
13809,17.84
13810,16.75
13811,17.55
13812,17.75
13813,17.32
13814,17.86
13815,17.35
13816,16.65
13817,17.43
13818,17.47
13819,17.82
13820,17.69
13821,16.65
13822,17.35
13823,16.69
13824,17.43
13825,17.26
13826,17.86
13827,18.07
13828,16.75
13829,18.06
13830,17.79
13831,16.65
13832,17.72
13833,17.24
13834,18.17
13835,17.82
13836,17.87
13837,17.14
13838,17.3
13839,17.39
13840,17.28
13841,17.32
13842,17.35
13843,17.68
13844,17.88
13845,17.67
13846,16.95
13847,17.22
13848,17.95
13849,17.29
13850,18.35
13851,18.35
13852,18.08
13853,18.05
13854,17.1
13855,17.13
13856,17.33
13857,17.92
13858,17.58
13859,17.64
13860,17.01
13861,17.42
13862,19.62
13863,21.88
13864,23.67
13865,25.43
13866,27.87
13867,28.96
13868,29.22
13869,29.58
13870,29.43
13871,29.4
13872,29.6
13873,27.95
13874,27.53
13875,27.74
13876,26.49
13877,25.04
13878,23.56
13879,23.05
13880,22.79
13881,20.39
13882,17.01
13883,12.86
13884,9.54
13885,10.02
13886,9.33
13887,10.2
13888,10.12
13889,10.46
13890,9.65
13891,9.53
13892,9.15
13893,9.84
13894,10.05
13895,10.32
13896,10.36
13897,9.83
13898,10.85
13899,10.37
13900,10.85
13901,9.7
13902,10.51
13903,9.58
13904,10.77
13905,10.14
13906,10.85
13907,10.29
13908,10.85
13909,9.49
13910,9.64
13911,9.69
13912,10.35
13913,10.62
13914,10.34
13915,9.95
13916,10.27
13917,10.03
13918,10.18
13919,9.67
13920,9.15
13921,9.65
13922,10.0
13923,10.11
13924,9.58
13925,10.47
13926,9.15
13927,9.36
13928,9.51
13929,10.29
13930,9.53
13931,10.26
13932,10.16
13933,10.08
13934,10.11
13935,10.18
13936,9.46
13937,10.3
13938,10.0
13939,10.23
13940,10.08
13941,10.4
13942,10.85
13943,9.58
13944,10.33
13945,9.76
13946,10.47
13947,10.25
13948,10.02
13949,10.14
13950,9.72
13951,9.95
13952,9.73
13953,9.86
13954,10.18
13955,9.91
13956,12.25
13957,13.99
13958,15.61
13959,18.02
13960,19.42
13961,21.68
13962,24.11
13963,25.37
13964,28.39
13965,30.03
13966,30.37
13967,30.54
13968,30.57
13969,30.51
13970,30.51
13971,30.47
13972,30.54
13973,29.2
13974,27.9
13975,28.46
13976,26.37
13977,25.89
13978,24.72
13979,23.67
13980,23.38
13981,21.31
13982,17.66
13983,14.65
13984,11.81
13985,11.52
13986,10.22
13987,10.22
13988,10.82
13989,11.78
13990,11.56
13991,11.23
13992,10.86
13993,11.38
13994,11.64
13995,11.92
13996,11.92
13997,11.08
13998,11.57
13999,10.58
14000,10.58
14001,10.45
14002,11.27
14003,11.47
14004,11.27
14005,11.39
14006,11.92
14007,11.25
14008,11.84
14009,10.9
14010,10.8
14011,11.63
14012,10.55
14013,10.63
14014,10.38
14015,10.22
14016,11.09
14017,10.53
14018,11.26
14019,11.8
14020,11.25
14021,10.87
14022,11.48
14023,11.5
14024,10.22
14025,11.32
14026,11.15
14027,11.14
14028,10.22
14029,11.62
14030,10.89
14031,11.72
14032,11.58
14033,10.41
14034,11.12
14035,10.92
14036,11.14
14037,11.14
14038,11.63
14039,11.21
14040,10.86
14041,11.05
14042,10.58
14043,10.51
14044,11.67
14045,11.8
14046,10.9
14047,11.01
14048,11.06
14049,11.31
14050,11.44
14051,11.22
14052,13.56
14053,15.12
14054,16.98
14055,18.73
14056,20.69
14057,22.34
14058,25.18
14059,24.54
14060,24.48
14061,24.44
14062,24.51
14063,24.48
14064,24.49
14065,23.17
14066,22.78
14067,21.77
14068,20.64
14069,20.53
14070,19.61
14071,19.63
14072,15.81
14073,12.25
14074,9.2
14075,5.26
14076,2.36
14077,0.0
14078,0.0
14079,0.0
14080,0.0
14081,0.0
14082,0.0
14083,0.0
14084,0.0
14085,0.0
14086,0.0
14087,0.0
14088,0.0
14089,0.0
14090,0.0
14091,0.0
14092,0.0
14093,0.0
14094,0.0
14095,0.0
14096,0.0
14097,0.0
14098,0.0
14099,0.0
14100,0.0
14101,0.0
14102,0.0
14103,0.0
14104,0.0
14105,0.0
14106,0.0
14107,0.0
14108,0.0
14109,0.0
14110,0.0
14111,0.0
14112,0.0
14113,0.0
14114,0.0
14115,0.0
14116,0.0
14117,0.0
14118,0.0
14119,0.0
14120,0.0
14121,0.0
14122,0.0
14123,0.0
14124,0.0
14125,0.0
14126,0.0
14127,0.0
14128,0.0
14129,0.0
14130,0.0
14131,0.0
14132,0.0
14133,0.0
14134,0.0
14135,0.0
14136,0.0
14137,0.0
14138,0.0
14139,0.0
14140,0.0
14141,0.0
14142,0.0
14143,0.0
14144,0.0
14145,0.0
14146,0.0
14147,0.0
14148,0.0
14149,0.0
14150,0.0
14151,0.0
14152,0.0
14153,0.0
14154,0.0
14155,0.0
14156,0.0
14157,0.0
14158,0.0
14159,0.0
14160,0.0
14161,0.0
14162,0.0
14163,0.0
14164,0.0
14165,0.0
14166,0.0
14167,0.0
14168,0.0
14169,0.0
14170,0.0
14171,0.0
14172,0.0
14173,0.0
14174,0.0
14175,0.0
14176,0.0
14177,0.0
14178,0.0
14179,0.0
14180,0.0
14181,0.0
14182,0.0
14183,0.0
14184,0.0
14185,0.0
14186,0.0
14187,0.0
14188,0.0
14189,0.0
14190,0.0
14191,0.0
14192,0.0
14193,0.0
14194,0.0
14195,0.0
14196,0.0
14197,0.0
14198,0.0
14199,0.0
14200,0.0
14201,0.0
14202,0.0
14203,0.0
14204,0.0
14205,0.0
14206,0.0
14207,0.0
14208,0.0
14209,0.0
14210,0.0
14211,0.0
14212,0.0
14213,0.0
14214,0.0
14215,0.0
14216,0.0
14217,0.0
14218,0.0
14219,0.0
14220,0.0
14221,0.0
14222,0.0
14223,0.0
14224,0.0
14225,0.0
14226,0.0
14227,0.0
14228,0.0
14229,0.0
14230,0.0
14231,0.0
14232,0.0
14233,0.0
14234,0.0
14235,0.0
14236,0.0
14237,0.0
14238,0.0
14239,0.0
14240,0.0
14241,0.0
14242,0.0
14243,0.0
14244,0.0
14245,0.0
14246,0.0
14247,0.0
14248,0.0
14249,0.0
14250,0.0
14251,0.0
14252,0.0
14253,0.0
14254,0.0
14255,0.0
14256,0.0
14257,0.0
14258,0.0
14259,0.0
14260,0.0
14261,0.0
14262,0.0
14263,0.0
14264,0.0
14265,0.0
14266,0.0
14267,0.0
14268,0.0
14269,0.0
14270,0.0
14271,0.0
14272,0.0
14273,0.0
14274,0.0
14275,0.0
14276,0.0
14277,0.0
14278,0.0
14279,0.0
14280,0.0
14281,0.0
14282,0.0
14283,0.0
14284,0.0
14285,0.0
14286,0.0
14287,0.0
14288,0.0
14289,0.0
14290,0.0
14291,0.0
14292,0.0
14293,0.0
14294,0.0
14295,0.0
14296,0.0
14297,0.0
14298,0.0
14299,0.0
14300,0.0
14301,0.0
14302,0.0
14303,0.0
14304,0.0
14305,0.0
14306,0.0
14307,0.0
14308,0.0
14309,0.0
14310,0.0
14311,0.0
14312,0.0
14313,0.0
14314,0.0
14315,0.0
14316,0.0
14317,0.0
14318,0.0
14319,0.0
14320,0.0
14321,0.0
14322,0.0
14323,0.0
14324,0.0
14325,1.63
14326,3.93
14327,6.28
14328,8.77
14329,9.75
14330,12.33
14331,14.47
14332,16.69
14333,17.89
14334,20.04
14335,21.84
14336,23.47
14337,25.88
14338,28.06
14339,29.5
14340,29.5
14341,29.51
14342,29.56
14343,29.59
14344,28.13
14345,27.31
14346,26.93
14347,26.92
14348,24.85
14349,24.45
14350,23.45
14351,23.06
14352,19.9
14353,15.84
14354,12.84
14355,12.51
14356,13.41
14357,13.47
14358,13.21
14359,13.3
14360,12.88
14361,13.19
14362,13.06
14363,13.35
14364,14.0
14365,12.71
14366,12.36
14367,13.7
14368,12.36
14369,13.33
14370,13.43
14371,13.33
14372,12.96
14373,13.82
14374,12.86
14375,13.5
14376,13.6
14377,13.04
14378,12.42
14379,13.18
14380,12.54
14381,13.53
14382,13.68
14383,12.94
14384,12.74
14385,12.67
14386,12.77
14387,13.67
14388,13.44
14389,13.18
14390,12.73
14391,12.81
14392,13.19
14393,13.13
14394,13.18
14395,13.32
14396,12.82
14397,13.21
14398,13.0
14399,13.51
14400,12.36
14401,12.65
14402,13.95
14403,13.56
14404,13.61
14405,13.17
14406,12.98
14407,13.23
14408,13.56
14409,13.37
14410,13.34
14411,12.76
14412,13.46
14413,13.05
14414,14.06
14415,13.4
14416,15.87
14417,17.06
14418,19.38
14419,21.44
14420,23.44
14421,25.1
14422,27.35
14423,26.96
14424,27.54
14425,27.53
14426,27.56
14427,27.4
14428,27.42
14429,27.51
14430,25.8
14431,26.31
14432,24.18
14433,23.92
14434,22.96
14435,22.21
14436,21.16
14437,20.51
14438,17.93
14439,14.31
14440,13.98
14441,13.7
14442,14.6
14443,13.44
14444,13.58
14445,15.14
14446,16.49
14447,18.34
14448,20.18
14449,21.93
14450,23.38
14451,23.42
14452,23.48
14453,23.58
14454,23.45
14455,23.49
14456,23.54
14457,23.58
14458,23.46
14459,23.4
14460,23.36
14461,17.47
14462,15.57
14463,15.77
14464,14.51
14465,15.37
14466,15.67
14467,15.05
14468,16.13
14469,15.77
14470,14.81
14471,14.96
14472,15.26
14473,15.59
14474,15.1
14475,15.38
14476,15.89
14477,15.07
14478,14.74
14479,15.49
14480,15.49
14481,15.01
14482,14.92
14483,15.46
14484,15.46
14485,15.18
14486,14.92
14487,15.52
14488,15.36
14489,14.64
14490,15.78
14491,15.49
14492,14.51
14493,17.59
14494,18.61
14495,20.45
14496,23.17
14497,23.67
14498,23.53
14499,23.47
14500,23.52
14501,23.49
14502,23.41
14503,23.48
14504,23.5
14505,23.46
14506,23.47
14507,22.86
14508,22.08
14509,21.03
14510,19.99
14511,19.17
14512,18.27
14513,17.94
14514,14.71
14515,11.82
14516,8.89
14517,4.55
14518,1.82
14519,0.0
14520,0.0
14521,0.0
14522,0.0
14523,0.0
14524,0.0
14525,0.0
14526,0.0
14527,0.0
14528,0.0
14529,0.0
14530,0.0
14531,0.0
14532,0.0
14533,0.0
14534,0.0
14535,0.0
14536,0.0
14537,0.0
14538,0.0
14539,0.0
14540,0.0
14541,0.0
14542,0.0
14543,0.0
14544,0.0
14545,0.0
14546,0.0
14547,0.0
14548,0.0
14549,0.0
14550,0.0
14551,0.0
14552,0.0
14553,0.0
14554,0.0
14555,0.0
14556,0.0
14557,0.0
14558,0.0
14559,0.0
14560,0.0
14561,0.0
14562,0.0
14563,0.0
14564,0.0
14565,0.0
14566,0.0
14567,0.0
14568,0.0
14569,0.0
14570,2.6
14571,3.36
14572,5.61
14573,7.63
14574,9.68
14575,11.25
14576,14.15
14577,15.22
14578,17.6
14579,19.59
14580,21.64
14581,22.52
14582,22.48
14583,22.45
14584,22.4
14585,22.55
14586,22.4
14587,22.53
14588,22.47
14589,22.35
14590,21.13
14591,19.52
14592,20.04
14593,18.1
14594,17.61
14595,17.06
14596,17.9
14597,17.19
14598,17.96
14599,17.74
14600,17.21
14601,16.74
14602,17.92
14603,17.41
14604,17.44
14605,16.91
14606,17.59
14607,16.65
14608,17.93
14609,17.23
14610,17.6
14611,16.65
14612,17.38
14613,17.45
14614,17.66
14615,17.95
14616,17.49
14617,17.23
14618,18.29
14619,17.82
14620,17.44
14621,16.95
14622,17.6
14623,17.59
14624,17.51
14625,17.25
14626,17.94
14627,17.35
14628,17.14
14629,16.78
14630,17.17
14631,16.65
14632,17.33
14633,17.75
14634,18.01
14635,17.27
14636,17.98
14637,18.88
14638,21.14
14639,23.78
14640,24.88
14641,27.24
14642,26.65
14643,27.46
14644,27.56
14645,27.53
14646,27.55
14647,27.58
14648,27.54
14649,26.62
14650,25.76
14651,24.46
14652,24.64
14653,22.83
14654,22.83
14655,20.88
14656,20.54
14657,18.45
14658,13.6
14659,10.88
14660,10.18
14661,10.48
14662,9.24
14663,10.1
14664,9.86
14665,10.85
14666,10.32
14667,9.54
14668,10.85
14669,9.93
14670,9.56
14671,10.48
14672,9.98
14673,9.91
14674,10.25
14675,9.57
14676,10.04
14677,12.61
14678,13.35
14679,15.57
14680,17.45
14681,19.16
14682,21.86
14683,24.21
14684,25.72
14685,25.47
14686,25.49
14687,25.4
14688,25.53
14689,25.46
14690,25.59
14691,23.82
14692,24.7
14693,22.81
14694,21.79
14695,21.9
14696,20.22
14697,19.71
14698,16.7
14699,13.36
14700,11.24
14701,11.11
14702,11.05
14703,11.38
14704,11.39
14705,11.55
14706,10.79
14707,11.21
14708,11.5
14709,11.45
14710,11.52
14711,10.22
14712,11.88
14713,11.79
14714,11.46
14715,11.25
14716,11.08
14717,11.25
14718,11.0
14719,11.92
14720,10.22
14721,11.04
14722,11.14
14723,11.0
14724,11.67
14725,13.06
14726,14.62
14727,17.2
14728,18.73
14729,21.24
14730,21.65
14731,22.47
14732,22.49
14733,22.42
14734,22.46
14735,22.45
14736,22.58
14737,22.57
14738,21.78
14739,20.24
14740,19.88
14741,19.02
14742,19.4
14743,17.5
14744,17.08
14745,14.31
14746,12.38
14747,12.1
14748,11.29
14749,11.87
14750,12.0
14751,12.86
14752,12.22
14753,12.31
14754,12.0
14755,14.04
14756,15.77
14757,18.04
14758,20.48
14759,22.14
14760,24.23
14761,23.51
14762,23.41
14763,23.49
14764,23.43
14765,23.6
14766,23.4
14767,23.51
14768,23.42
14769,23.46
14770,22.69
14771,21.76
14772,20.94
14773,19.83
14774,19.11
14775,19.2
14776,17.73
14777,15.35
14778,13.4
14779,13.05
14780,14.06
14781,14.02
14782,13.34
14783,13.7
14784,13.45
14785,14.06
14786,13.13
14787,12.81
14788,13.36
14789,13.52
14790,13.36
14791,12.56
14792,12.75
14793,12.83
14794,12.4
14795,12.94
14796,13.09
14797,13.04
14798,12.66
14799,13.79
14800,13.29
14801,13.15
14802,12.73
14803,12.9
14804,13.73
14805,13.06
14806,13.02
14807,13.46
14808,13.11
14809,13.41
14810,12.46
14811,12.73
14812,13.5
14813,13.13
14814,13.1
14815,13.34
14816,12.49
14817,13.81
14818,12.52
14819,13.35
14820,12.76
14821,13.06
14822,12.36
14823,13.09
14824,12.61
14825,13.38
14826,12.99
14827,13.24
14828,13.65
14829,13.16
14830,12.67
14831,12.84
14832,13.34
14833,12.89
14834,13.41
14835,13.46
14836,13.95
14837,13.61
14838,12.43
14839,13.18
14840,14.46
14841,17.09
14842,20.0
14843,21.98
14844,22.66
14845,25.45
14846,25.44
14847,25.43
14848,25.45
14849,25.54
14850,25.4
14851,25.53
14852,25.53
14853,24.68
14854,23.29
14855,23.55
14856,22.0
14857,22.22
14858,19.79
14859,19.93
14860,16.48
14861,14.06
14862,14.34
14863,14.75
14864,13.81
14865,14.96
14866,13.91
14867,15.0
14868,14.93
14869,14.98
14870,14.35
14871,14.03
14872,14.37
14873,13.98
14874,14.32
14875,14.15
14876,13.44
14877,14.76
14878,14.4
14879,13.86
14880,14.39
14881,15.14
14882,13.97
14883,13.92
14884,14.04
14885,13.71
14886,14.53
14887,14.65
14888,14.03
14889,14.03
14890,14.15
14891,14.05
14892,13.88
14893,14.53
14894,14.04
14895,13.44
14896,14.36
14897,14.56
14898,14.19
14899,15.14
14900,14.49
14901,14.26
14902,14.42
14903,14.05
14904,14.57
14905,14.95
14906,14.8
14907,13.58
14908,14.14
14909,15.13
14910,14.83
14911,13.97
14912,14.15
14913,14.33
14914,13.44
14915,14.06
14916,15.14
14917,14.02
14918,16.28
14919,18.52
14920,20.58
14921,21.71
14922,22.78
14923,23.54
14924,23.51
14925,23.52
14926,23.48
14927,23.57
14928,23.45
14929,23.55
14930,23.49
14931,23.47
14932,22.46
14933,22.67
14934,20.99
14935,19.5
14936,19.69
14937,18.44
14938,17.83
14939,15.34
14940,14.51
14941,14.8
14942,15.73
14943,16.21
14944,15.67
14945,16.11
14946,15.37
14947,15.47
14948,15.78
14949,14.9
14950,14.83
14951,15.46
14952,15.5
14953,15.47
14954,15.42
14955,14.97
14956,15.17
14957,15.07
14958,14.93
14959,15.35
14960,15.63
14961,14.92
14962,15.65
14963,15.94
14964,15.64
14965,14.88
14966,15.13
14967,14.82
14968,15.24
14969,15.58
14970,14.65
14971,15.57
14972,15.22
14973,15.17
14974,16.09
14975,15.38
14976,15.24
14977,15.03
14978,14.63
14979,15.58
14980,15.2
14981,15.24
14982,15.03
14983,15.85
14984,14.68
14985,14.67
14986,16.21
14987,15.35
14988,15.54
14989,17.1
14990,18.86
14991,21.38
14992,23.24
14993,25.3
14994,25.65
14995,26.48
14996,26.52
14997,26.55
14998,26.49
14999,26.26
15000,24.52
15001,23.86
15002,23.14
15003,22.18
15004,20.73
15005,19.97
15006,20.78
15007,16.91
15008,16.72
15009,17.05
15010,16.83
15011,16.45
15012,16.3
15013,16.26
15014,16.7
15015,16.85
15016,16.11
15017,16.07
15018,15.64
15019,16.78
15020,16.32
15021,15.86
15022,15.7
15023,15.8
15024,15.58
15025,16.54
15026,15.58
15027,18.84
15028,20.15
15029,21.57
15030,24.57
15031,26.03
15032,26.58
15033,26.5
15034,26.57
15035,26.58
15036,26.5
15037,25.89
15038,20.65
15039,17.74
15040,17.34
15041,17.54
15042,16.73
15043,16.96
15044,17.29
15045,17.53
15046,17.86
15047,16.99
15048,17.72
15049,16.73
15050,16.84
15051,17.88
15052,17.61
15053,18.16
15054,16.92
15055,17.37
15056,18.14
15057,17.69
15058,17.77
15059,16.81
15060,17.56
15061,17.71
15062,17.41
15063,17.0
15064,17.25
15065,17.44
15066,17.31
15067,17.7
15068,18.2
15069,17.26
15070,17.98
15071,17.67
15072,17.63
15073,17.64
15074,16.88
15075,18.35
15076,17.71
15077,17.69
15078,17.87
15079,17.07
15080,17.44
15081,17.62
15082,17.92
15083,17.27
15084,17.26
15085,17.28
15086,17.31
15087,16.76
15088,16.65
15089,17.03
15090,17.89
15091,16.73
15092,17.3
15093,16.93
15094,18.06
15095,16.84
15096,18.35
15097,17.66
15098,17.53
15099,17.75
15100,18.05
15101,16.74
15102,16.65
15103,17.83
15104,17.78
15105,17.47
15106,17.4
15107,17.18
15108,16.91
15109,16.68
15110,20.33
15111,20.85
15112,23.85
15113,22.67
15114,23.54
15115,23.57
15116,23.4
15117,23.4
15118,23.43
15119,23.42
15120,23.44
15121,23.52
15122,23.42
15123,22.4
15124,21.7
15125,21.81
15126,21.15
15127,19.61
15128,18.68
15129,18.4
15130,14.53
15131,10.63
15132,9.56
15133,9.89
15134,10.41
15135,9.82
15136,10.37
15137,10.34
15138,10.59
15139,9.62
15140,10.42
15141,10.36
15142,9.68
15143,9.98
15144,10.05
15145,9.34
15146,10.24
15147,10.19
15148,9.84
15149,10.3
15150,9.85
15151,9.82
15152,10.33
15153,9.55
15154,10.3
15155,10.14
15156,9.18
15157,10.16
15158,10.07
15159,9.47
15160,9.66
15161,9.65
15162,9.15
15163,9.6
15164,9.44
15165,9.68
15166,10.17
15167,9.28
15168,10.15
15169,10.57
15170,9.28
15171,9.15
15172,10.25
15173,9.84
15174,10.06
15175,10.85
15176,10.19
15177,10.76
15178,10.77
15179,9.76
15180,9.54
15181,9.79
15182,11.15
15183,14.11
15184,16.46
15185,18.77
15186,20.4
15187,22.73
15188,23.63
15189,24.6
15190,24.59
15191,24.6
15192,24.53
15193,24.52
15194,24.52
15195,24.47
15196,22.83
15197,23.32
15198,21.21
15199,22.11
15200,20.05
15201,20.54
15202,18.69
15203,16.02
15204,12.41
15205,11.56
15206,10.75
15207,11.92
15208,10.85
15209,10.95
15210,10.22
15211,10.46
15212,11.3
15213,11.45
15214,13.5
15215,14.3
15216,17.25
15217,18.86
15218,21.16
15219,23.33
15220,22.55
15221,22.47
15222,22.59
15223,22.42
15224,22.5
15225,22.6
15226,22.46
15227,22.0
15228,20.43
15229,19.98
15230,20.05
15231,18.24
15232,18.04
15233,17.87
15234,14.13
15235,10.79
15236,6.45
15237,3.8
15238,0.11
15239,0.0
15240,0.0
15241,0.0
15242,0.0
15243,0.0
15244,0.0
15245,0.0
15246,0.0
15247,0.0
15248,0.0
15249,0.0
15250,0.0
15251,0.0
15252,0.0
15253,0.0
15254,0.0
15255,0.0
15256,0.0
15257,0.0
15258,0.0
15259,0.0
15260,0.0
15261,0.0
15262,0.0
15263,0.0
15264,0.0
15265,0.0
15266,0.0
15267,0.0
15268,0.0
15269,0.0
15270,0.0
15271,0.0
15272,0.0
15273,0.0
15274,0.0
15275,0.0
15276,0.0
15277,0.0
15278,0.0
15279,0.0
15280,0.0
15281,0.0
15282,0.0
15283,0.0
15284,0.0
15285,0.0
15286,0.0
15287,0.0
15288,0.0
15289,0.0
15290,0.0
15291,0.0
15292,0.0
15293,0.0
15294,0.0
15295,0.0
15296,0.0
15297,0.0
15298,0.0
15299,0.0
15300,0.0
15301,0.0
15302,0.0
15303,0.0
15304,0.0
15305,0.0
15306,0.0
15307,0.0
15308,0.0
15309,0.0
15310,0.0
15311,0.0
15312,0.0
15313,0.0
15314,0.0
15315,0.0
15316,0.0
15317,0.0
15318,0.0
15319,0.0
15320,0.0
15321,0.0
15322,0.0
15323,0.0
15324,0.0
15325,0.0
15326,0.0
15327,0.0
15328,0.0
15329,0.0
15330,0.0
15331,0.0
15332,0.0
15333,0.0
15334,0.0
15335,0.0
15336,0.0
15337,0.0
15338,0.0
15339,0.0
15340,0.0
15341,0.0
15342,0.0
15343,0.0
15344,0.0
15345,0.0
15346,0.0
15347,0.0
15348,0.0
15349,0.0
15350,0.0
15351,0.0
15352,0.0
15353,0.0
15354,0.0
15355,0.0
15356,0.0
15357,0.0
15358,0.0
15359,0.0
15360,0.0
15361,0.0
15362,0.0
15363,0.0
15364,0.0
15365,0.0
15366,0.0
15367,0.0
15368,0.0
15369,0.0
15370,0.0
15371,0.0
15372,0.0
15373,0.0
15374,0.0
15375,0.0
15376,0.0
15377,0.0
15378,0.0
15379,0.0
15380,0.0
15381,0.0
15382,0.0
15383,0.0
15384,0.0
15385,0.0
15386,0.0
15387,0.0
15388,0.0
15389,0.0
15390,0.0
15391,0.0
15392,0.0
15393,0.0
15394,0.0
15395,0.0
15396,0.0
15397,0.0
15398,0.0
15399,0.0
15400,0.0
15401,0.0
15402,0.0
15403,0.0
15404,0.0
15405,0.0
15406,0.0
15407,0.0
15408,0.0
15409,0.0
15410,0.0
15411,0.0
15412,0.0
15413,0.0
15414,0.0
15415,0.0
15416,0.0
15417,0.0
15418,0.0
15419,0.0
15420,0.0
15421,0.0
15422,0.0
15423,0.0
15424,0.0
15425,0.0
15426,0.0
15427,0.0
15428,0.0
15429,0.0
15430,0.0
15431,0.0
15432,0.0
15433,0.0
15434,0.0
15435,0.0
15436,0.0
15437,0.0
15438,0.0
15439,0.0
15440,0.0
15441,0.0
15442,0.0
15443,0.0
15444,0.0
15445,0.0
15446,0.0
15447,0.0
15448,0.0
15449,0.0
15450,0.0
15451,0.0
15452,0.0
15453,0.0
15454,0.0
15455,0.0
15456,0.0
15457,0.0
15458,0.0
15459,0.0
15460,0.0
15461,0.0
15462,0.0
15463,0.0
15464,0.0
15465,0.0
15466,0.0
15467,0.0
15468,0.0
15469,0.0
15470,0.0
15471,0.0
15472,0.0
15473,0.0
15474,0.0
15475,0.0
15476,0.0
15477,0.0
15478,0.0
15479,0.0
15480,0.0
15481,0.0
15482,0.0
15483,0.0
15484,0.0
15485,0.0
15486,0.0
15487,0.0
15488,0.0
15489,0.0
15490,0.0
15491,0.0
15492,0.0
15493,0.0
15494,0.0
15495,0.0
15496,0.0
15497,0.0
15498,0.0
15499,0.0
15500,0.0
15501,0.0
15502,0.0
15503,0.0
15504,0.0
15505,0.0
15506,0.0
15507,0.0
15508,0.0
15509,0.0
15510,0.0
15511,0.0
15512,0.0
15513,0.0
15514,0.0
15515,0.0
15516,0.0
15517,0.0
15518,0.0
15519,0.0
15520,0.0
15521,0.0
15522,0.0
15523,0.0
15524,0.0
15525,0.0
15526,0.0
15527,0.0
15528,0.0
15529,0.0
15530,0.0
15531,0.0
15532,0.0
15533,0.0
15534,0.0
15535,0.0
15536,0.0
15537,0.0
15538,0.0
15539,0.0
15540,0.0
15541,0.0
15542,0.0
15543,0.0
15544,0.0
15545,0.0
15546,0.0
15547,0.0
15548,0.0
15549,0.0
15550,0.0
15551,0.0
15552,0.0
15553,0.0
15554,0.0
15555,0.0
15556,0.0
15557,0.0
15558,0.0
15559,0.0
15560,0.0
15561,0.0
15562,0.0
15563,0.0
15564,0.0
15565,0.0
15566,0.0
15567,0.0
15568,0.0
15569,0.0
15570,0.0
15571,0.0
15572,0.0
15573,0.0
15574,0.0
15575,0.0
15576,0.0
15577,0.0
15578,0.0
15579,0.0
15580,0.0
15581,0.0
15582,0.0
15583,0.0
15584,0.0
15585,0.0
15586,0.0
15587,0.0
15588,0.0
15589,0.0
15590,0.0
15591,0.0
15592,0.0
15593,0.0
15594,0.0
15595,0.0
15596,0.0
15597,0.0
15598,0.0
15599,0.0
15600,0.0
15601,0.0
15602,0.0
15603,0.0
15604,0.0
15605,0.0
15606,0.0
15607,0.0
15608,0.0
15609,0.0
15610,0.0
15611,0.0
15612,0.0
15613,0.0
15614,0.0
15615,0.0
15616,0.0
15617,0.0
15618,0.0
15619,0.0
15620,0.0
15621,0.0
15622,0.0
15623,0.0
15624,0.0
15625,0.0
15626,0.0
15627,0.0
15628,0.0
15629,0.0
15630,0.0
15631,0.0
15632,0.0
15633,0.0
15634,1.77
15635,4.61
15636,6.56
15637,7.64
15638,9.28
15639,12.35
15640,13.76
15641,15.94
15642,17.84
15643,19.18
15644,21.39
15645,22.77
15646,23.6
15647,23.42
15648,23.6
15649,23.46
15650,23.51
15651,23.6
15652,23.54
15653,23.49
15654,23.52
15655,22.7
15656,21.04
15657,21.31
15658,19.73
15659,19.5
15660,18.92
15661,18.39
15662,14.36
15663,13.9
15664,13.21
15665,13.08
15666,13.01
15667,12.82
15668,12.63
15669,12.94
15670,13.57
15671,13.52
15672,12.92
15673,13.55
15674,13.31
15675,13.1
15676,13.7
15677,12.86
15678,12.36
15679,12.98
15680,13.41
15681,13.5
15682,13.04
15683,12.93
15684,12.36
15685,13.58
15686,13.32
15687,13.12
15688,15.68
15689,17.47
15690,19.97
15691,20.28
15692,22.62
15693,22.56
15694,22.41
15695,22.4
15696,22.58
15697,22.49
15698,22.51
15699,22.42
15700,21.49
15701,20.45
15702,20.52
15703,19.17
15704,19.4
15705,17.46
15706,17.87
15707,14.39
15708,14.17
15709,15.14
15710,14.35
15711,14.36
15712,14.12
15713,15.14
15714,14.62
15715,14.11
15716,14.29
15717,14.51
15718,13.87
15719,15.14
15720,14.12
15721,14.13
15722,14.81
15723,13.82
15724,14.31
15725,14.54
15726,15.14
15727,14.53
15728,14.22
15729,13.68
15730,13.48
15731,14.03
15732,13.44
15733,14.26
15734,14.57
15735,14.6
15736,13.44
15737,14.2
15738,16.45
15739,18.0
15740,20.51
15741,22.83
15742,24.51
15743,26.83
15744,28.24
15745,30.02
15746,30.88
15747,30.52
15748,30.53
15749,30.58
15750,30.48
15751,30.5
15752,30.6
15753,29.8
15754,29.6
15755,27.58
15756,27.58
15757,26.48
15758,24.77
15759,24.53
15760,23.16
15761,19.84
15762,18.07
15763,15.43
15764,15.15
15765,15.96
15766,16.02
15767,16.21
15768,15.65
15769,14.83
15770,14.79
15771,14.51
15772,16.2
15773,15.79
15774,15.25
15775,15.02
15776,15.37
15777,14.51
15778,14.51
15779,14.97
15780,14.76
15781,15.8
15782,15.34
15783,14.51
15784,15.05
15785,15.4
15786,15.51
15787,15.05
15788,14.51
15789,14.91
15790,15.49
15791,15.64
15792,15.33
15793,15.45
15794,15.72
15795,14.6
15796,15.53
15797,14.69
15798,15.68
15799,15.46
15800,14.84
15801,14.89
15802,16.11
15803,14.51
15804,16.21
15805,16.21
15806,16.21
15807,14.51
15808,15.27
15809,16.05
15810,15.53
15811,14.97
15812,15.14
15813,15.68
15814,15.56
15815,14.86
15816,15.09
15817,17.33
15818,19.43
15819,20.45
15820,23.4
15821,25.13
15822,25.66
15823,25.55
15824,25.53
15825,25.48
15826,25.57
15827,25.5
15828,25.5
15829,24.43
15830,23.95
15831,22.92
15832,22.4
15833,21.36
15834,21.01
15835,19.73
15836,16.51
15837,17.08
15838,16.09
15839,16.94
15840,16.84
15841,15.91
15842,15.93
15843,16.18
15844,16.57
15845,16.22
15846,16.52
15847,16.39
15848,16.8
15849,15.82
15850,16.03
15851,16.45
15852,16.07
15853,16.94
15854,16.54
15855,16.57
15856,15.81
15857,17.28
15858,16.56
15859,16.42
15860,16.32
15861,16.77
15862,16.38
15863,15.61
15864,16.4
15865,17.28
15866,15.85
15867,16.67
15868,15.89
15869,16.74
15870,16.93
15871,17.23
15872,16.79
15873,15.91
15874,16.42
15875,16.1
15876,17.18
15877,17.28
15878,16.34
15879,16.47
15880,17.28
15881,15.7
15882,16.85
15883,16.59
15884,15.58
15885,15.82
15886,16.1
15887,16.89
15888,15.69
15889,16.67
15890,16.17
15891,16.48
15892,16.13
15893,15.58
15894,16.7
15895,16.26
15896,16.42
15897,16.42
15898,16.95
15899,17.28
15900,16.37
15901,15.58
15902,15.89
15903,16.09
15904,16.38
15905,16.56
15906,16.55
15907,16.38
15908,15.82
15909,18.93
15910,20.36
15911,21.99
15912,25.1
15913,26.73
15914,28.51
15915,30.33
15916,30.71
15917,30.5
15918,30.48
15919,30.49
15920,30.58
15921,30.54
15922,30.52
15923,29.44
15924,29.6
15925,28.24
15926,26.37
15927,26.48
15928,24.5
15929,25.25
15930,23.76
15931,20.18
15932,17.68
15933,17.04
15934,18.35
15935,16.65
15936,17.73
15937,17.67
15938,18.35
15939,18.34
15940,17.2
15941,17.36
15942,17.2
15943,17.12
15944,17.24
15945,17.51
15946,17.29
15947,17.83
15948,17.67
15949,17.42
15950,18.35
15951,16.65
15952,16.96
15953,17.04
15954,17.04
15955,17.15
15956,18.28
15957,17.98
15958,17.86
15959,17.52
15960,18.35
15961,17.05
15962,17.43
15963,18.35
15964,18.35
15965,17.55
15966,17.75
15967,18.35
15968,17.37
15969,17.68
15970,17.38
15971,18.01
15972,17.24
15973,17.53
15974,18.24
15975,18.07
15976,18.35
15977,17.19
15978,18.21
15979,17.01
15980,17.23
15981,17.48
15982,17.13
15983,17.19
15984,17.07
15985,16.99
15986,17.32
15987,16.87
15988,16.92
15989,17.21
15990,17.74
15991,17.3
15992,16.73
15993,17.43
15994,16.8
15995,18.08
15996,17.34
15997,17.72
15998,17.37
15999,17.33
16000,18.35
16001,17.05
16002,17.74
16003,17.63
16004,18.66
16005,21.81
16006,23.83
16007,25.37
16008,27.52
16009,28.95
16010,31.79
16011,32.68
16012,34.99
16013,36.99
16014,36.83
16015,37.48
16016,37.54
16017,37.59
16018,37.49
16019,37.54
16020,37.44
16021,37.55
16022,37.57
16023,37.5
16024,37.57
16025,37.52
16026,37.42
16027,37.57
16028,37.47
16029,37.49
16030,37.51
16031,37.59
16032,36.48
16033,36.13
16034,35.06
16035,33.2
16036,33.36
16037,31.99
16038,30.11
16039,29.23
16040,29.05
16041,25.11
16042,22.11
16043,19.44
16044,16.4
16045,13.19
16046,10.45
16047,9.25
16048,10.44
16049,9.15
16050,10.77
16051,9.89
16052,10.85
16053,10.39
16054,9.82
16055,9.36
16056,9.15
16057,10.05
16058,10.02
16059,9.97
16060,9.9
16061,9.83
16062,9.48
16063,10.85
16064,10.0
16065,9.31
16066,9.36
16067,10.18
16068,10.62
16069,10.72
16070,9.93
16071,9.18
16072,10.15
16073,9.5
16074,9.94
16075,10.51
16076,9.58
16077,9.24
16078,10.19
16079,9.89
16080,9.67
16081,10.38
16082,9.98
16083,9.83
16084,9.43
16085,9.66
16086,9.88
16087,9.37
16088,9.59
16089,10.68
16090,10.11
16091,10.39
16092,10.69
16093,9.49
16094,10.51
16095,10.06
16096,9.55
16097,9.72
16098,9.5
16099,10.05
16100,9.72
16101,10.32
16102,9.38
16103,10.64
16104,10.47
16105,12.62
16106,13.6
16107,16.5
16108,17.34
16109,20.04
16110,22.42
16111,24.56
16112,25.67
16113,27.76
16114,27.45
16115,27.4
16116,27.6
16117,27.53
16118,27.53
16119,27.49
16120,27.07
16121,25.79
16122,24.93
16123,24.44
16124,22.99
16125,21.85
16126,21.59
16127,20.92
16128,17.97
16129,14.04
16130,11.09
16131,11.68
16132,10.95
16133,11.77
16134,11.45
16135,11.55
16136,11.05
16137,10.91
16138,10.97
16139,10.89
16140,11.14
16141,11.63
16142,10.83
16143,11.09
16144,11.13
16145,10.8
16146,10.99
16147,11.91
16148,11.38
16149,10.62
16150,11.92
16151,10.68
16152,12.55
16153,15.54
16154,17.58
16155,19.13
16156,20.64
16157,22.49
16158,24.44
16159,25.27
16160,25.45
16161,25.49
16162,25.54
16163,25.51
16164,25.58
16165,25.55
16166,25.06
16167,24.16
16168,22.89
16169,22.58
16170,22.06
16171,19.84
16172,19.63
16173,15.96
16174,13.44
16175,11.66
16176,12.99
16177,11.64
16178,12.59
16179,11.99
16180,11.67
16181,12.96
16182,12.08
16183,12.92
16184,12.48
16185,12.64
16186,11.92
16187,12.06
16188,12.34
16189,12.43
16190,12.17
16191,12.57
16192,12.1
16193,12.26
16194,11.29
16195,12.27
16196,12.21
16197,11.66
16198,12.51
16199,12.99
16200,12.3
16201,12.97
16202,12.91
16203,12.85
16204,12.61
16205,12.71
16206,12.28
16207,12.27
16208,11.29
16209,12.24
16210,12.59
16211,11.92
16212,12.32
16213,12.15
16214,12.28
16215,12.42
16216,12.47
16217,12.05
16218,11.29
16219,11.29
16220,12.19
16221,12.24
16222,12.76
16223,11.29
16224,12.23
16225,12.12
16226,11.71
16227,12.99
16228,12.01
16229,11.98
16230,12.38
16231,11.49
16232,11.38
16233,12.83
16234,11.6
16235,12.29
16236,12.39
16237,12.19
16238,14.65
16239,15.39
16240,17.43
16241,19.6
16242,22.89
16243,24.21
16244,23.95
16245,24.54
16246,24.42
16247,24.48
16248,24.53
16249,24.57
16250,24.5
16251,24.23
16252,18.44
16253,14.06
16254,12.85
16255,13.42
16256,12.7
16257,12.55
16258,12.75
16259,12.98
16260,13.99
16261,12.8
16262,12.36
16263,13.74
16264,13.21
16265,13.5
16266,13.35
16267,13.67
16268,13.07
16269,14.06
16270,13.05
16271,13.22
16272,13.73
16273,13.85
16274,12.98
16275,12.76
16276,13.09
16277,14.06
16278,13.43
16279,12.55
16280,12.45
16281,13.28
16282,12.91
16283,12.71
16284,13.24
16285,13.65
16286,13.12
16287,13.42
16288,13.81
16289,13.81
16290,13.3
16291,13.12
16292,13.15
16293,13.93
16294,13.03
16295,13.43
16296,12.98
16297,15.21
16298,16.38
16299,19.46
16300,21.78
16301,23.11
16302,24.24
16303,27.51
16304,29.32
16305,31.49
16306,31.53
16307,31.6
16308,31.46
16309,31.44
16310,31.4
16311,31.42
16312,31.43
16313,31.53
16314,31.6
16315,31.5
16316,31.55
16317,31.53
16318,31.23
16319,30.23
16320,28.51
16321,28.61
16322,27.98
16323,25.89
16324,26.3
16325,24.3
16326,23.71
16327,20.08
16328,17.65
16329,13.6
16330,13.44
16331,14.08
16332,14.44
16333,14.0
16334,14.04
16335,14.27
16336,14.11
16337,14.34
16338,13.44
16339,14.64
16340,14.3
16341,14.2
16342,13.79
16343,14.47
16344,13.56
16345,13.44
16346,14.35
16347,14.36
16348,14.38
16349,14.19
16350,14.2
16351,14.87
16352,13.86
16353,14.09
16354,14.09
16355,14.59
16356,14.35
16357,14.44
16358,14.36
16359,14.74
16360,13.8
16361,14.83
16362,14.26
16363,14.33
16364,13.58
16365,14.3
16366,13.63
16367,14.17
16368,13.88
16369,14.16
16370,13.59
16371,13.62
16372,15.03
16373,13.84
16374,13.59
16375,16.37
16376,18.98
16377,20.61
16378,23.05
16379,23.94
16380,26.77
16381,28.27
16382,29.28
16383,31.94
16384,34.07
16385,34.72
16386,34.57
16387,34.57
16388,34.49
16389,34.51
16390,34.48
16391,34.5
16392,34.6
16393,34.52
16394,34.49
16395,34.43
16396,34.45
16397,34.6
16398,34.52
16399,34.4
16400,34.4
16401,34.56
16402,34.53
16403,34.58
16404,34.59
16405,34.55
16406,34.6
16407,34.52
16408,34.56
16409,34.48
16410,34.48
16411,34.41
16412,34.52
16413,34.4
16414,34.58
16415,34.56
16416,34.55
16417,34.48
16418,34.52
16419,34.58
16420,34.42
16421,33.5
16422,31.8
16423,31.28
16424,29.51
16425,28.23
16426,28.47
16427,27.3
16428,26.06
16429,22.96
16430,20.22
16431,16.77
16432,15.23
16433,15.27
16434,15.41
16435,14.51
16436,15.76
16437,15.55
16438,15.11
16439,15.73
16440,15.38
16441,15.68
16442,14.59
16443,15.7
16444,14.72
16445,16.0
16446,15.7
16447,15.37
16448,14.56
16449,15.81
16450,16.01
16451,15.92
16452,14.72
16453,14.93
16454,15.61
16455,15.58
16456,15.88
16457,15.9
16458,15.89
16459,15.29
16460,16.21
16461,15.02
16462,14.97
16463,16.0
16464,15.07
16465,15.63
16466,14.7
16467,15.78
16468,15.14
16469,15.21
16470,15.64
16471,15.12
16472,14.97
16473,14.51
16474,15.73
16475,15.47
16476,15.5
16477,15.64
16478,15.19
16479,14.98
16480,17.34
16481,19.48
16482,21.54
16483,23.52
16484,25.11
16485,27.87
16486,29.05
16487,31.15
16488,33.06
16489,34.58
16490,34.49
16491,34.53
16492,34.48
16493,34.54
16494,34.46
16495,34.49
16496,34.54
16497,34.47
16498,34.4
16499,34.44
16500,34.43
16501,34.51
16502,34.44
16503,34.56
16504,34.47
16505,34.5
16506,34.48
16507,34.45
16508,34.44
16509,34.51
16510,34.52
16511,34.43
16512,34.49
16513,34.56
16514,34.43
16515,34.45
16516,34.52
16517,34.56
16518,34.47
16519,34.58
16520,34.54
16521,34.52
16522,34.56
16523,34.4
16524,33.77
16525,31.97
16526,31.52
16527,30.58
16528,30.1
16529,28.46
16530,28.7
16531,27.03
16532,26.47
16533,23.11
16534,20.51
16535,17.62
16536,17.01
16537,16.06
16538,17.01
16539,17.02
16540,17.06
16541,16.14
16542,16.46
16543,16.87
16544,16.65
16545,16.43
16546,16.77
16547,15.86
16548,16.96
16549,17.28
16550,16.47
16551,16.32
16552,15.58
16553,16.67
16554,16.08
16555,16.98
16556,16.78
16557,16.75
16558,16.47
16559,16.32
16560,16.83
16561,17.28
16562,15.77
16563,15.58
16564,15.87
16565,16.33
16566,16.55
16567,16.89
16568,16.67
16569,16.62
16570,16.0
16571,15.62
16572,16.51
16573,16.47
16574,15.58
16575,15.92
16576,16.18
16577,15.58
16578,16.68
16579,16.65
16580,16.27
16581,16.61
16582,15.85
16583,17.08
16584,15.92
16585,16.08
16586,16.58
16587,16.69
16588,16.45
16589,16.77
16590,17.18
16591,15.58
16592,16.42
16593,17.16
16594,17.03
16595,17.28
16596,16.34
16597,16.9
16598,15.94
16599,15.64
16600,16.19
16601,17.03
16602,16.15
16603,16.68
16604,16.7
16605,16.56
16606,18.86
16607,21.0
16608,22.51
16609,25.2
16610,26.69
16611,25.89
16612,26.56
16613,26.59
16614,26.4
16615,26.5
16616,25.81
16617,21.02
16618,17.92
16619,17.25
16620,17.04
16621,18.07
16622,18.25
16623,16.66
16624,17.52
16625,17.67
16626,17.99
16627,17.68
16628,18.29
16629,18.35
16630,17.29
16631,17.15
16632,17.88
16633,19.84
16634,21.42
16635,23.58
16636,25.69
16637,27.34
16638,28.53
16639,31.38
16640,31.13
16641,31.57
16642,31.48
16643,31.6
16644,31.54
16645,31.48
16646,31.55
16647,31.47
16648,31.47
16649,31.4
16650,31.42
16651,31.52
16652,30.0
16653,29.31
16654,28.18
16655,27.84
16656,26.75
16657,26.69
16658,25.67
16659,25.16
16660,23.47
16661,20.28
16662,17.29
16663,13.63
16664,10.49
16665,10.47
16666,9.21
16667,9.56
16668,10.02
16669,10.64
16670,10.3
16671,10.22
16672,10.28
16673,10.35
16674,10.03
16675,10.32
16676,10.16
16677,10.41
16678,10.37
16679,10.49
16680,10.39
16681,9.94
16682,10.85
16683,10.28
16684,10.07
16685,10.48
16686,9.69
16687,9.52
16688,9.8
16689,10.31
16690,10.58
16691,10.04
16692,10.71
16693,10.25
16694,9.74
16695,10.45
16696,9.2
16697,10.76
16698,9.85
16699,9.61
16700,10.34
16701,10.36
16702,10.46
16703,10.27
16704,10.54
16705,9.73
16706,9.74
16707,10.42
16708,11.64
16709,14.49
16710,16.48
16711,18.77
16712,20.75
16713,22.58
16714,22.4
16715,22.43
16716,22.48
16717,22.51
16718,22.41
16719,22.57
16720,22.6
16721,22.52
16722,22.55
16723,21.63
16724,20.57
16725,18.94
16726,18.61
16727,18.54
16728,17.29
16729,13.61
16730,11.0
16731,10.31
16732,10.93
16733,11.14
16734,11.64
16735,10.58
16736,10.38
16737,10.55
16738,11.22
16739,10.72
16740,10.77
16741,11.37
16742,10.42
16743,11.83
16744,10.57
16745,10.98
16746,10.72
16747,11.15
16748,10.44
16749,10.82
16750,10.99
16751,10.88
16752,11.44
16753,10.84
16754,11.55
16755,10.99
16756,11.0
16757,11.04
16758,11.83
16759,10.76
16760,11.51
16761,11.51
16762,10.85
16763,11.09
16764,11.4
16765,11.1
16766,10.3
16767,11.5
16768,10.94
16769,11.09
16770,11.92
16771,10.82
16772,11.92
16773,10.93
16774,11.12
16775,11.12
16776,11.92
16777,10.83
16778,11.42
16779,11.11
16780,11.66
16781,10.26
16782,11.48
16783,10.89
16784,10.42
16785,10.22
16786,10.86
16787,10.66
16788,10.96
16789,11.07
16790,11.24
16791,11.02
16792,13.75
16793,15.63
16794,16.36
16795,18.7
16796,21.82
16797,22.83
16798,22.4
16799,22.53
16800,22.6
16801,22.58
16802,22.6
16803,22.4
16804,22.6
16805,22.01
16806,20.85
16807,20.32
16808,19.43
16809,18.65
16810,17.42
16811,16.88
16812,13.44
16813,12.5
16814,12.81
16815,12.8
16816,11.29
16817,12.67
16818,11.59
16819,12.56
16820,12.7
16821,12.43
16822,12.02
16823,11.73
16824,12.09
16825,12.59
16826,11.29
16827,12.21
16828,11.29
16829,12.02
16830,12.64
16831,12.99
16832,11.79
16833,11.61
16834,11.29
16835,11.9
16836,12.09
16837,12.25
16838,12.19
16839,12.02
16840,12.15
16841,12.42
16842,11.94
16843,12.37
16844,12.99
16845,11.86
16846,11.95
16847,11.84
16848,12.37
16849,12.1
16850,12.61
16851,12.61
16852,12.55
16853,12.06
16854,12.57
16855,14.14
16856,15.91
16857,17.23
16858,20.16
16859,22.28
16860,24.7
16861,25.12
16862,25.49
16863,25.4
16864,25.47
16865,25.6
16866,25.6
16867,25.54
16868,25.03
16869,24.68
16870,22.84
16871,21.75
16872,22.28
16873,20.69
16874,20.49
16875,16.42
16876,12.98
16877,13.97
16878,12.36
16879,12.36
16880,13.69
16881,13.02
16882,12.36
16883,12.92
16884,13.37
16885,12.78
16886,13.32
16887,15.38
16888,16.59
16889,18.99
16890,20.6
16891,22.76
16892,24.71
16893,26.53
16894,26.58
16895,26.58
16896,26.54
16897,26.53
16898,26.42
16899,25.4
16900,23.26
16901,23.03
16902,22.07
16903,21.85
16904,21.29
16905,20.7
16906,17.07
16907,13.73
16908,14.33
16909,14.05
16910,14.56
16911,14.03
16912,14.28
16913,14.14
16914,13.6
16915,14.0
16916,14.99
16917,14.75
16918,13.98
16919,14.7
16920,14.52
16921,14.64
16922,14.08
16923,15.02
16924,14.69
16925,14.12
16926,14.18
16927,13.73
16928,14.33
16929,13.47
16930,15.13
16931,13.82
16932,14.14
16933,14.82
16934,14.1
16935,14.66
16936,13.97
16937,14.73
16938,14.03
16939,13.75
16940,14.59
16941,14.11
16942,14.56
16943,14.5
16944,15.14
16945,15.02
16946,13.82
16947,14.4
16948,14.82
16949,14.44
16950,14.24
16951,14.46
16952,14.4
16953,14.36
16954,14.37
16955,14.28
16956,14.74
16957,13.98
16958,14.14
16959,13.44
16960,14.02
16961,14.52
16962,14.37
16963,13.91
16964,14.8
16965,15.14
16966,14.33
16967,14.67
16968,13.55
16969,14.37
16970,14.73
16971,14.03
16972,14.14
16973,13.59
16974,14.15
16975,14.65
16976,15.64
16977,17.82
16978,20.43
16979,22.07
16980,21.65
16981,22.48
16982,22.44
16983,22.53
16984,22.48
16985,22.56
16986,22.53
16987,22.58
16988,22.32
16989,21.52
16990,19.82
16991,19.23
16992,18.75
16993,17.24
16994,16.73
16995,15.48
16996,15.38
16997,15.16
16998,14.79
16999,15.29
17000,15.39
17001,15.12
17002,15.28
17003,14.51
17004,14.76
17005,15.42
17006,15.68
17007,15.59
17008,15.01
17009,15.1
17010,15.45
17011,15.58
17012,15.53
17013,16.21
17014,15.22
17015,15.6
17016,15.52
17017,15.56
17018,15.29
17019,15.53
17020,15.66
17021,15.15
17022,15.71
17023,15.84
17024,15.56
17025,14.55
17026,14.86
17027,15.43
17028,16.21
17029,15.54
17030,16.21
17031,14.91
17032,15.18
17033,14.93
17034,14.83
17035,14.51
17036,15.73
17037,14.86
17038,15.01
17039,15.61
17040,16.21
17041,15.9
17042,14.63
17043,14.77
17044,14.81
17045,15.82
17046,15.64
17047,15.11
17048,15.05
17049,16.21
17050,16.21
17051,14.57
17052,16.07
17053,15.83
17054,15.68
17055,14.92
17056,16.06
17057,15.62
17058,15.18
17059,15.16
17060,14.51
17061,16.02
17062,15.48
17063,15.43
17064,15.8
17065,18.19
17066,18.88
17067,21.54
17068,23.1
17069,26.04
17070,25.58
17071,25.5
17072,25.4
17073,25.44
17074,25.47
17075,25.54
17076,25.42
17077,24.88
17078,19.09
17079,15.99
17080,16.05
17081,16.17
17082,17.28
17083,16.73
17084,16.68
17085,16.84
17086,16.18
17087,16.4
17088,16.93
17089,15.58
17090,16.25
17091,16.07
17092,16.7
17093,16.71
17094,15.58
17095,16.53
17096,16.93
17097,16.24
17098,15.77
17099,16.54
17100,16.29
17101,16.18
17102,16.61
17103,15.85
17104,15.58
17105,16.39
17106,16.11
17107,16.08
17108,16.1
17109,15.88
17110,16.5
17111,17.16
17112,17.06
17113,16.42
17114,16.74
17115,16.34
17116,16.79
17117,16.27
17118,16.56
17119,17.11
17120,15.94
17121,16.02
17122,16.89
17123,16.31
17124,16.55
17125,16.2
17126,16.74
17127,15.95
17128,16.22
17129,16.29
17130,16.84
17131,15.85
17132,16.53
17133,16.5
17134,15.88
17135,16.76
17136,16.84
17137,16.82
17138,15.58
17139,17.16
17140,17.74
17141,19.95
17142,22.69
17143,24.79
17144,27.04
17145,26.83
17146,27.43
17147,27.51
17148,27.46
17149,27.56
17150,27.57
17151,27.51
17152,26.54
17153,26.05
17154,25.83
17155,24.52
17156,23.29
17157,22.24
17158,22.4
17159,20.54
17160,18.15
17161,17.91
17162,17.24
17163,16.65
17164,17.4
17165,17.69
17166,16.85
17167,17.32
17168,17.25
17169,18.13
17170,17.43
17171,17.46
17172,16.82
17173,17.32
17174,17.9
17175,17.61
17176,17.24
17177,17.82
17178,18.22
17179,17.39
17180,18.27
17181,17.3
17182,16.65
17183,17.25
17184,17.36
17185,17.97
17186,17.82
17187,18.12
17188,18.1
17189,17.25
17190,16.98
17191,18.35
17192,17.6
17193,17.15
17194,16.86
17195,17.14
17196,17.34
17197,17.56
17198,17.17
17199,18.12
17200,17.13
17201,16.69
17202,18.35
17203,17.86
17204,16.76
17205,17.2
17206,17.81
17207,16.9
17208,17.46
17209,17.77
17210,18.32
17211,17.77
17212,16.67
17213,17.57
17214,17.7
17215,17.44
17216,17.22
17217,17.09
17218,18.08
17219,17.03
17220,16.93
17221,18.28
17222,17.14
17223,18.24
17224,20.12
17225,21.82
17226,23.16
17227,24.54
17228,24.5
17229,24.54
17230,24.4
17231,24.47
17232,24.46
17233,24.44
17234,24.53
17235,22.02
17236,22.0
17237,21.79
17238,20.12
17239,19.19
17240,18.79
17241,16.21
17242,12.25
17243,9.88
17244,9.56
17245,9.67
17246,10.0
17247,10.85
17248,10.31
17249,9.98
17250,9.15
17251,9.52
17252,10.36
17253,10.43
17254,10.18
17255,10.22
17256,10.38
17257,9.47
17258,10.64
17259,9.95
17260,9.64
17261,10.15
17262,10.49
17263,9.85
17264,10.26
17265,10.41
17266,10.26
17267,10.22
17268,9.72
17269,9.24
17270,10.5
17271,10.34
17272,9.89
17273,10.85
17274,9.54
17275,10.14
17276,9.38
17277,9.75
17278,9.31
17279,10.45
17280,9.84
17281,11.85
17282,13.92
17283,16.07
17284,17.59
17285,20.53
17286,22.29
17287,24.16
17288,25.2
17289,26.97
17290,29.78
17291,31.48
17292,33.79
17293,34.79
17294,36.62
17295,38.21
17296,37.47
17297,37.51
17298,37.42
17299,37.58
17300,37.51
17301,37.52
17302,37.45
17303,37.4
17304,37.51
17305,37.4
17306,37.48
17307,37.54
17308,37.46
17309,37.45
17310,37.51
17311,37.44
17312,37.46
17313,36.29
17314,34.96
17315,34.29
17316,34.43
17317,32.87
17318,32.62
17319,30.53
17320,30.62
17321,28.6
17322,26.2
17323,23.11
17324,18.63
17325,16.08
17326,13.36
17327,10.6
17328,11.79
17329,11.07
17330,11.69
17331,11.05
17332,11.2
17333,10.94
17334,11.83
17335,10.43
17336,11.56
17337,10.74
17338,10.73
17339,11.85
17340,10.84
17341,11.22
17342,10.22
17343,10.22
17344,10.64
17345,10.82
17346,11.6
17347,10.87
17348,10.68
17349,11.92
17350,11.28
17351,10.6
17352,11.14
17353,11.79
17354,11.26
17355,10.97
17356,10.22
17357,11.64
17358,11.92
17359,10.93
17360,10.85
17361,11.92
17362,11.36
17363,10.44
17364,10.92
17365,13.39
17366,14.8
17367,16.16
17368,18.79
17369,20.82
17370,22.69
17371,24.17
17372,24.48
17373,24.52
17374,24.51
17375,24.52
17376,24.4
17377,24.56
17378,24.05
17379,22.93
17380,21.21
17381,21.66
17382,20.65
17383,19.64
17384,18.69
17385,15.45
17386,12.9
17387,12.12
17388,12.8
17389,12.2
17390,12.99
17391,12.16
17392,12.22
17393,11.68
17394,12.05
17395,12.0
17396,11.91
17397,12.39
17398,11.59
17399,12.96
17400,12.2
17401,12.87
17402,11.69
17403,12.12
17404,11.77
17405,12.34
17406,11.54
17407,12.79
17408,12.82
17409,11.84
17410,11.92
17411,12.53
17412,11.53
17413,11.65
17414,11.87
17415,12.22
17416,12.19
17417,12.25
17418,11.92
17419,14.36
17420,16.61
17421,18.79
17422,20.01
17423,22.4
17424,23.31
17425,23.53
17426,23.54
17427,23.6
17428,23.53
17429,23.54
17430,23.46
17431,23.52
17432,23.59
17433,23.51
17434,22.75
17435,21.04
17436,20.24
17437,20.24
17438,19.54
17439,19.19
17440,17.89
17441,14.3
17442,13.45
17443,13.82
17444,13.99
17445,13.81
17446,13.32
17447,12.55
17448,12.65
17449,13.7
17450,13.42
17451,13.43
17452,13.36
17453,13.26
17454,14.06
17455,12.88
17456,13.9
17457,13.67
17458,13.1
17459,13.51
17460,13.59
17461,12.9
17462,13.38
17463,13.51
17464,12.8
17465,13.2
17466,12.87
17467,13.38
17468,13.28
17469,13.31
17470,14.0
17471,13.54
17472,13.74
17473,13.37
17474,13.38
17475,14.34
17476,17.61
17477,19.74
17478,20.86
17479,23.5
17480,24.24
17481,26.79
17482,28.86
17483,29.67
17484,29.48
17485,29.51
17486,29.54
17487,29.47
17488,29.48
17489,24.34
17490,19.76
17491,14.0
17492,14.63
17493,14.14
17494,13.78
17495,14.58
17496,13.44
17497,15.03
17498,14.17
17499,14.25
17500,13.7
17501,14.38
17502,14.56
17503,14.43
17504,13.82
17505,14.6
17506,15.14
17507,14.16
17508,14.26
17509,13.87
17510,14.46
17511,13.71
17512,13.44
17513,14.66
17514,14.95
17515,14.4
17516,13.48
17517,14.55
17518,14.66
17519,14.14
17520,16.38
17521,18.8
17522,20.75
17523,21.92
17524,24.12
17525,25.57
17526,28.13
17527,29.95
17528,32.28
17529,34.21
17530,35.79
17531,37.9
17532,38.33
17533,37.55
17534,37.57
17535,37.53
17536,37.45
17537,37.49
17538,37.5
17539,37.41
17540,37.43
17541,37.48
17542,37.48
17543,37.44
17544,37.52
17545,37.5
17546,37.45
17547,37.46
17548,37.49
17549,37.5
17550,36.93
17551,34.72
17552,34.77
17553,32.99
17554,33.57
17555,32.34
17556,30.11
17557,30.6
17558,28.48
17559,25.88
17560,22.29
17561,19.41
17562,15.39
17563,15.43
17564,16.0
17565,15.15
17566,15.62
17567,14.51
17568,15.93
17569,15.35
17570,14.62
17571,15.52
17572,15.95
17573,15.59
17574,15.15
17575,15.61
17576,15.69
17577,15.39
17578,15.26
17579,14.99
17580,15.8
17581,15.7
17582,15.6
17583,15.35
17584,15.44
17585,15.65
17586,15.5
17587,14.82
17588,14.94
17589,15.39
17590,15.29
17591,15.9
17592,14.51
17593,16.21
17594,15.57
17595,14.84
17596,14.67
17597,15.3
17598,15.09
17599,15.66
17600,15.47
17601,15.58
17602,14.89
17603,14.51
17604,15.33
17605,15.32
17606,15.44
17607,17.02
17608,19.33
17609,20.97
17610,21.91
17611,22.47
17612,22.49
17613,22.49
17614,22.46
17615,22.52
17616,22.44
17617,22.45
17618,21.95
17619,21.52
17620,19.35
17621,20.18
17622,18.97
17623,18.16
17624,16.66
17625,17.28
17626,16.64
17627,15.58
17628,16.67
17629,16.46
17630,15.96
17631,16.52
17632,18.37
17633,21.24
17634,22.25
17635,24.7
17636,26.42
17637,28.99
17638,30.6
17639,31.49
17640,31.4
17641,31.44
17642,31.48
17643,31.48
17644,31.4
17645,31.55
17646,31.53
17647,31.5
17648,31.53
17649,31.44
17650,31.6
17651,30.05
17652,26.32
17653,21.74
17654,17.58
17655,17.08
17656,17.89
17657,17.25
17658,17.39
17659,16.95
17660,17.31
17661,17.93
17662,17.35
17663,17.29
17664,17.42
17665,18.28
17666,17.4
17667,17.4
17668,17.81
17669,18.34
17670,17.8
17671,17.59
17672,18.26
17673,17.65
17674,17.03
17675,17.34
17676,16.85
17677,17.46
17678,19.71
17679,21.7
17680,23.15
17681,25.22
17682,25.83
17683,25.55
17684,25.47
17685,25.6
17686,25.51
17687,25.56
17688,25.47
17689,23.92
17690,23.78
17691,23.39
17692,22.35
17693,21.68
17694,20.22
17695,20.01
17696,16.06
17697,12.91
17698,9.74
17699,9.74
17700,10.19
17701,10.09
17702,10.22
17703,10.15
17704,9.15
17705,9.96
17706,10.23
17707,10.32
17708,10.69
17709,11.64
17710,13.45
17711,16.53
17712,17.83
17713,19.27
17714,21.03
17715,23.99
17716,25.47
17717,26.93
17718,26.44
17719,26.43
17720,26.6
17721,26.51
17722,25.62
17723,20.73
17724,16.21
17725,11.93
17726,10.57
17727,10.27
17728,10.68
17729,11.48
17730,11.57
17731,10.37
17732,11.81
17733,11.34
17734,10.92
17735,11.67
17736,10.27
17737,10.83
17738,11.32
17739,11.61
17740,10.98
17741,10.92
17742,11.73
17743,10.78
17744,13.05
17745,15.12
17746,17.25
17747,18.4
17748,21.68
17749,22.61
17750,25.39
17751,27.27
17752,27.47
17753,27.4
17754,27.52
17755,27.56
17756,27.46
17757,27.43
17758,27.5
17759,26.4
17760,26.36
17761,25.47
17762,24.85
17763,23.67
17764,22.52
17765,22.48
17766,20.91
17767,17.42
17768,14.72
17769,12.37
17770,11.29
17771,12.69
17772,12.6
17773,12.37
17774,12.15
17775,11.29
17776,12.45
17777,12.42
17778,12.16
17779,12.43
17780,12.18
17781,11.64
17782,12.15
17783,11.53
17784,12.54
17785,11.74
17786,12.27
17787,12.68
17788,12.91
17789,11.29
17790,12.8
17791,12.43
17792,11.88
17793,12.93
17794,12.63
17795,11.8
17796,12.41
17797,11.82
17798,12.04
17799,11.9
17800,12.44
17801,12.36
17802,12.38
17803,12.51
17804,11.6
17805,12.69
17806,12.38
17807,11.56
17808,12.42
17809,11.74
17810,12.35
17811,11.98
17812,12.46
17813,11.83
17814,12.42
17815,12.48
17816,12.15
17817,12.61
17818,14.21
17819,15.33
17820,18.93
17821,19.21
17822,22.14
17823,24.11
17824,24.62
17825,24.43
17826,24.47
17827,24.52
17828,24.43
17829,24.51
17830,24.55
17831,23.93
17832,23.72
17833,21.45
17834,21.08
17835,20.68
17836,19.76
17837,19.73
17838,16.52
17839,13.24
17840,12.64
17841,14.06
17842,13.01
17843,12.85
17844,12.76
17845,12.46
17846,13.6
17847,13.63
17848,13.69
17849,13.32
17850,13.73
17851,13.54
17852,13.17
17853,13.92
17854,12.89
17855,12.98
17856,13.75
17857,14.06
17858,13.32
17859,13.9
17860,13.52
17861,13.35
17862,13.61
17863,13.88
17864,12.44
17865,14.06
17866,13.1
17867,13.07
17868,12.63
17869,14.06
17870,13.92
17871,12.99
17872,12.89
17873,13.78
17874,14.06
17875,12.81
17876,12.9
17877,12.64
17878,12.56
17879,13.25
17880,12.63
17881,15.64
17882,17.05
17883,18.3
17884,20.28
17885,23.4
17886,24.24
17887,26.72
17888,28.56
17889,28.65
17890,29.55
17891,29.6
17892,29.48
17893,29.56
17894,28.45
17895,27.47
17896,26.72
17897,26.64
17898,25.22
17899,24.47
17900,24.07
17901,23.3
17902,20.39
17903,16.93
17904,13.89
17905,13.44
17906,14.54
17907,14.56
17908,14.33
17909,14.45
17910,14.35
17911,14.61
17912,13.91
17913,14.62
17914,14.13
17915,16.09
17916,18.63
17917,20.33
17918,21.52
17919,22.5
17920,22.44
17921,22.55
17922,22.5
17923,22.43
17924,22.47
17925,22.47
17926,22.5
17927,21.15
17928,21.34
17929,20.33
17930,19.27
17931,17.9
17932,17.92
17933,17.46
17934,14.23
17935,10.86
17936,6.45
17937,4.51
17938,0.66
17939,0.0
17940,0.0
17941,0.0
17942,0.0
17943,0.0
17944,0.0
17945,0.0
17946,0.0
17947,0.0
17948,0.0
17949,0.0
17950,0.0
17951,0.0
17952,0.0
17953,0.0
17954,0.0
17955,0.0
17956,0.0
17957,0.0
17958,0.0
17959,0.0
17960,0.0
17961,0.0
17962,0.0
17963,0.0
17964,0.0
17965,0.0
17966,0.0
17967,0.0
17968,0.0
17969,0.0
17970,0.0
17971,0.0
17972,0.0
17973,0.0
17974,0.0
17975,0.0
17976,0.0
17977,0.0
17978,0.0
17979,0.0
17980,0.0
17981,0.0
17982,0.0
17983,0.0
17984,0.0
17985,0.0
17986,0.0
17987,0.0
17988,0.0
17989,0.0
17990,0.0
17991,0.0
17992,0.0
17993,0.0
17994,0.0
17995,0.0
17996,0.0
17997,0.0
17998,0.0
17999,0.0
18000,0.0
18001,0.0
18002,0.0
18003,0.0
18004,0.0
18005,0.0
18006,0.0
18007,0.0
18008,0.0
18009,0.0
18010,0.0
18011,0.0
18012,0.0
18013,0.0
18014,0.0
18015,0.0
18016,0.0
18017,0.0
18018,0.0
18019,0.0
18020,0.0
18021,0.0
18022,0.0
18023,0.0
18024,0.0
18025,0.0
18026,0.0
18027,0.0
18028,0.0
18029,0.0
18030,0.0
18031,0.0
18032,0.0
18033,0.0
18034,0.0
18035,0.0
18036,0.0
18037,0.0
18038,0.0
18039,0.0
18040,0.0
18041,0.0
18042,0.0
18043,0.0
18044,0.0
18045,0.0
18046,0.0
18047,0.0
18048,0.0
18049,0.0
18050,0.0
18051,0.0
18052,0.0
18053,0.0
18054,0.0
18055,0.0
18056,0.0
18057,0.0
18058,0.0
18059,0.0
18060,0.0
18061,0.0
18062,0.0
18063,0.0
18064,0.0
18065,0.0
18066,0.0
18067,0.0
18068,0.0
18069,0.0
18070,0.0
18071,0.0
18072,0.0
18073,0.0
18074,0.0
18075,0.0
18076,0.0
18077,0.0
18078,0.0
18079,0.0
18080,0.0
18081,0.0
18082,0.0
18083,0.0
18084,0.0
18085,0.0
18086,0.0
18087,0.0
18088,0.0
18089,0.0
18090,0.0
18091,0.0
18092,0.0
18093,0.0
18094,0.0
18095,0.0
18096,0.0
18097,0.0
18098,0.0
18099,0.0
18100,0.0
18101,0.0
18102,0.0
18103,0.0
18104,0.0
18105,0.0
18106,0.0
18107,0.0
18108,0.0
18109,0.0
18110,0.0
18111,0.0
18112,0.0
18113,0.0
18114,0.0
18115,0.0
18116,0.0
18117,0.0
18118,0.0
18119,0.0
18120,0.0
18121,0.0
18122,0.0
18123,0.0
18124,0.0
18125,0.0
18126,0.0
18127,0.0
18128,0.0
18129,0.0
18130,0.0
18131,0.0
18132,0.0
18133,0.0
18134,0.0
18135,0.0
18136,0.0
18137,0.0
18138,0.0
18139,0.0
18140,0.0
18141,0.0
18142,0.0
18143,0.0
18144,0.0
18145,0.0
18146,0.0
18147,0.0
18148,0.0
18149,0.0
18150,0.0
18151,0.0
18152,0.0
18153,0.0
18154,0.0
18155,0.0
18156,0.0
18157,0.0
18158,0.0
18159,0.0
18160,0.0
18161,0.0
18162,0.0
18163,0.0
18164,0.0
18165,0.0
18166,0.0
18167,0.0
18168,0.0
18169,0.0
18170,0.0
18171,0.0
18172,0.0
18173,0.0
18174,0.0
18175,0.0
18176,0.0
18177,0.0
18178,0.0
18179,0.0
18180,0.0
18181,0.0
18182,0.0
18183,0.0
18184,0.0
18185,0.0
18186,0.0
18187,0.0
18188,0.0
18189,0.0
18190,0.0
18191,0.0
18192,0.0
18193,0.0
18194,0.0
18195,0.0
18196,0.0
18197,0.0
18198,0.0
18199,0.0
18200,0.0
18201,0.0
18202,0.0
18203,0.0
18204,0.0
18205,0.0
18206,0.0
18207,0.0
18208,0.0
18209,0.0
18210,0.0
18211,0.0
18212,0.0
18213,0.0
18214,0.0
18215,0.0
18216,0.0
18217,0.0
18218,0.0
18219,0.0
18220,0.0
18221,0.0
18222,0.0
18223,0.0
18224,0.0
18225,0.0
18226,0.0
18227,0.0
18228,0.0
18229,0.0
18230,0.0
18231,0.0
18232,0.0
18233,0.0
18234,0.0
18235,0.0
18236,0.0
18237,0.0
18238,0.0
18239,0.0
18240,0.0
18241,0.0
18242,0.0
18243,0.0
18244,0.0
18245,0.0
18246,0.0
18247,0.0
18248,0.0
18249,0.0
18250,0.0
18251,0.0
18252,0.0
18253,0.0
18254,0.0
18255,0.0
18256,0.0
18257,0.0
18258,0.0
18259,0.0
18260,0.0
18261,0.0
18262,0.0
18263,0.0
18264,0.0
18265,0.0
18266,0.0
18267,0.0
18268,1.54
18269,4.69
18270,5.94
18271,7.99
18272,10.75
18273,12.41
18274,13.49
18275,15.5
18276,17.6
18277,20.48
18278,21.71
18279,22.76
18280,23.56
18281,23.57
18282,23.58
18283,23.59
18284,23.53
18285,23.46
18286,23.49
18287,23.58
18288,23.54
18289,22.98
18290,22.19
18291,20.4
18292,20.21
18293,20.12
18294,19.58
18295,18.59
18296,16.36
18297,16.25
18298,16.11
18299,16.35
18300,17.28
18301,16.53
18302,17.28
18303,16.11
18304,17.17
18305,15.84
18306,17.01
18307,15.88
18308,16.21
18309,16.8
18310,15.81
18311,16.73
18312,16.1
18313,17.04
18314,16.67
18315,17.11
18316,16.25
18317,16.77
18318,16.43
18319,15.79
18320,16.01
18321,15.68
18322,16.67
18323,17.0
18324,18.51
18325,20.06
18326,22.14
18327,24.69
18328,26.05
18329,28.24
18330,30.49
18331,31.49
18332,31.6
18333,31.51
18334,31.54
18335,31.54
18336,31.5
18337,31.48
18338,31.51
18339,31.51
18340,31.46
18341,31.47
18342,31.52
18343,30.73
18344,29.39
18345,28.78
18346,28.49
18347,27.98
18348,26.02
18349,26.04
18350,24.23
18351,24.65
18352,20.2
18353,17.44
18354,17.27
18355,17.04
18356,17.55
18357,17.24
18358,17.57
18359,18.35
18360,16.87
18361,17.13
18362,17.27
18363,18.08
18364,17.88
18365,16.65
18366,16.69
18367,17.41
18368,17.26
18369,17.78
18370,17.24
18371,16.91
18372,16.98
18373,17.44
18374,17.76
18375,17.22
18376,17.54
18377,16.65
18378,17.13
18379,18.35
18380,17.37
18381,16.9
18382,18.02
18383,17.7
18384,17.57
18385,17.68
18386,17.48
18387,17.0
18388,16.65
18389,17.75
18390,17.19
18391,16.65
18392,17.38
18393,17.74
18394,17.25
18395,17.54
18396,17.21
18397,17.98
18398,17.57
18399,17.01
18400,18.35
18401,18.06
18402,17.59
18403,17.48
18404,17.14
18405,16.86
18406,19.66
18407,21.47
18408,23.43
18409,25.7
18410,27.73
18411,29.43
18412,30.59
18413,31.91
18414,31.6
18415,31.55
18416,31.46
18417,31.49
18418,31.49
18419,31.53
18420,31.46
18421,31.54
18422,31.4
18423,31.6
18424,31.49
18425,30.84
18426,28.95
18427,28.21
18428,28.15
18429,26.28
18430,27.04
18431,25.41
18432,24.7
18433,23.65
18434,20.94
18435,16.81
18436,13.73
18437,10.77
18438,9.69
18439,10.27
18440,9.73
18441,10.4
18442,9.92
18443,10.01
18444,10.09
18445,10.33
18446,10.21
18447,10.07
18448,9.43
18449,10.56
18450,10.01
18451,10.85
18452,10.37
18453,9.23
18454,9.55
18455,10.33
18456,9.55
18457,9.56
18458,10.59
18459,10.85
18460,10.22
18461,9.6
18462,9.86
18463,10.27
18464,10.34
18465,10.64
18466,10.85
18467,9.15
18468,9.72
18469,10.74
18470,9.8
18471,9.72
18472,9.88
18473,9.88
18474,9.61
18475,9.53
18476,12.01
18477,13.11
18478,15.89
18479,17.34
18480,19.4
18481,22.22
18482,23.56
18483,25.61
18484,28.32
18485,28.98
18486,31.54
18487,33.49
18488,35.52
18489,36.9
18490,36.43
18491,36.47
18492,36.59
18493,36.46
18494,36.53
18495,36.53
18496,36.46
18497,36.52
18498,36.43
18499,36.5
18500,36.44
18501,36.6
18502,36.6
18503,36.46
18504,36.55
18505,36.42
18506,36.49
18507,36.51
18508,36.53
18509,36.49
18510,36.55
18511,36.48
18512,36.52
18513,36.45
18514,36.6
18515,36.52
18516,36.44
18517,36.55
18518,36.6
18519,36.46
18520,36.59
18521,36.56
18522,36.47
18523,36.51
18524,36.53
18525,36.48
18526,36.52
18527,36.52
18528,36.5
18529,36.58
18530,36.53
18531,36.46
18532,36.51
18533,36.45
18534,36.46
18535,36.39
18536,34.97
18537,32.85
18538,32.84
18539,32.29
18540,30.54
18541,30.16
18542,29.03
18543,28.18
18544,24.22
18545,22.68
18546,18.49
18547,14.65
18548,11.93
18549,10.67
18550,11.65
18551,11.86
18552,10.71
18553,11.49
18554,10.37
18555,10.89
18556,11.54
18557,11.6
18558,11.28
18559,11.45
18560,11.36
18561,10.22
18562,11.15
18563,10.44
18564,11.7
18565,11.04
18566,11.32
18567,11.3
18568,10.99
18569,10.85
18570,10.57
18571,11.64
18572,10.93
18573,11.73
18574,11.01
18575,10.22
18576,10.64
18577,10.73
18578,11.08
18579,13.67
18580,14.92
18581,17.1
18582,19.84
18583,21.12
18584,22.7
18585,22.4
18586,22.55
18587,22.6
18588,22.54
18589,22.4
18590,22.54
18591,22.46
18592,21.91
18593,21.51
18594,19.43
18595,19.02
18596,18.12
18597,17.37
18598,16.68
18599,14.26
18600,12.16
18601,12.47
18602,12.16
18603,11.98
18604,12.09
18605,12.62
18606,12.2
18607,12.1
18608,12.68
18609,12.08
18610,12.38
18611,11.42
18612,12.24
18613,12.51
18614,12.34
18615,11.3
18616,12.44
18617,12.31
18618,11.55
18619,11.33
18620,14.14
18621,16.84
18622,18.79
18623,19.55
18624,22.52
18625,24.2
18626,23.44
18627,23.49
18628,23.49
18629,23.51
18630,23.47
18631,23.48
18632,23.42
18633,23.53
18634,23.52
18635,22.3
18636,22.15
18637,21.26
18638,20.21
18639,19.48
18640,18.35
18641,18.17
18642,14.06
18643,13.13
18644,12.97
18645,13.97
18646,13.3
18647,12.62
18648,13.7
18649,13.29
18650,13.44
18651,13.27
18652,13.51
18653,13.31
18654,12.77
18655,12.83
18656,12.87
18657,13.69
18658,12.89
18659,13.08
18660,12.65
18661,13.95
18662,13.44
18663,13.1
18664,12.92
18665,12.86
18666,13.04
18667,13.82
18668,13.28
18669,12.38
18670,12.99
18671,13.05
18672,13.37
18673,13.85
18674,13.59
18675,14.06
18676,12.76
18677,12.68
18678,13.84
18679,13.09
18680,13.15
18681,13.54
18682,13.38
18683,13.3
18684,13.25
18685,12.7
18686,13.13
18687,14.03
18688,13.17
18689,13.1
18690,13.94
18691,13.21
18692,12.87
18693,13.02
18694,13.13
18695,12.99
18696,13.19
18697,13.12
18698,13.03
18699,13.89
18700,14.06
18701,13.16
18702,13.26
18703,12.39
18704,14.8
18705,16.79
18706,18.57
18707,20.9
18708,23.33
18709,24.96
18710,26.03
18711,25.59
18712,25.57
18713,25.48
18714,25.52
18715,25.54
18716,25.44
18717,24.55
18718,23.52
18719,23.09
18720,21.93
18721,21.59
18722,20.06
18723,19.0
18724,16.04
18725,14.35
18726,13.99
18727,14.2
18728,14.5
18729,14.03
18730,13.58
18731,13.44
18732,14.62
18733,14.27
18734,14.15
18735,14.49
18736,14.66
18737,14.41
18738,14.09
18739,13.74
18740,13.44
18741,14.97
18742,13.45
18743,14.29
18744,14.12
18745,14.65
18746,13.44
18747,14.15
18748,14.4
18749,13.63
18750,14.06
18751,14.15
18752,13.8
18753,14.06
18754,13.77
18755,14.12
18756,14.42
18757,13.44
18758,14.7
18759,14.94
18760,14.21
18761,13.87
18762,14.61
18763,14.04
18764,15.06
18765,14.28
18766,14.54
18767,14.27
18768,15.09
18769,13.44
18770,13.68
18771,14.55
18772,14.64
18773,15.05
18774,14.46
18775,14.49
18776,14.03
18777,13.95
18778,15.47
18779,18.5
18780,20.02
18781,23.06
18782,24.74
18783,25.43
18784,26.9
18785,26.51
18786,26.56
18787,26.46
18788,26.45
18789,26.51
18790,24.39
18791,24.33
18792,23.55
18793,22.5
18794,22.43
18795,20.39
18796,19.15
18797,16.52
18798,15.91
18799,15.81
18800,16.03
18801,14.51
18802,15.96
18803,15.12
18804,14.86
18805,14.51
18806,15.25
18807,15.69
18808,17.74
18809,19.02
18810,21.32
18811,23.23
18812,25.99
18813,25.73
18814,25.54
18815,25.47
18816,25.53
18817,25.59
18818,25.45
18819,25.51
18820,24.66
18821,23.86
18822,22.62
18823,22.36
18824,21.62
18825,20.49
18826,19.0
18827,15.92
18828,15.58
18829,17.12
18830,16.66
18831,16.21
18832,17.28
18833,16.41
18834,16.52
18835,16.55
18836,16.1
18837,16.05
18838,16.07
18839,16.14
18840,15.58
18841,16.06
18842,16.93
18843,17.0
18844,15.63
18845,16.44
18846,15.96
18847,17.14
18848,17.28
18849,16.44
18850,15.58
18851,16.33
18852,15.58
18853,16.19
18854,16.04
18855,16.83
18856,17.14
18857,16.89
18858,17.13
18859,16.17
18860,16.55
18861,16.24
18862,15.58
18863,16.7
18864,16.05
18865,17.28
18866,16.98
18867,15.99
18868,16.67
18869,16.81
18870,16.22
18871,16.9
18872,16.8
18873,16.84
18874,16.3
18875,15.83
18876,16.84
18877,15.58
18878,17.64
18879,20.49
18880,22.05
18881,22.81
18882,22.59
18883,22.45
18884,22.4
18885,22.47
18886,22.59
18887,22.56
18888,22.48
18889,22.06
18890,21.75
18891,20.05
18892,19.61
18893,18.42
18894,17.81
18895,17.25
18896,17.86
18897,17.32
18898,17.2
18899,18.16
18900,17.63
18901,18.11
18902,17.13
18903,16.9
18904,16.65
18905,16.65
18906,18.04
18907,18.11
18908,17.43
18909,18.04
18910,18.31
18911,18.2
18912,18.2
18913,18.03
18914,17.73
18915,16.65
18916,16.99
18917,17.41
18918,17.58
18919,17.64
18920,18.35
18921,16.8
18922,17.62
18923,16.95
18924,18.32
18925,17.95
18926,18.1
18927,16.65
18928,17.29
18929,17.38
18930,18.97
18931,20.61
18932,23.24
18933,25.13
18934,26.95
18935,28.99
18936,28.6
18937,28.48
18938,28.5
18939,28.44
18940,28.49
18941,28.46
18942,27.62
18943,22.91
18944,18.68
18945,13.91
18946,9.71
18947,10.23
18948,11.72
18949,13.41
18950,16.13
18951,17.62
18952,20.35
18953,22.42
18954,24.25
18955,25.45
18956,27.62
18957,30.35
18958,29.51
18959,29.52
18960,29.54
18961,29.49
18962,28.2
18963,27.91
18964,26.75
18965,25.72
18966,25.63
18967,24.67
18968,22.75
18969,22.61
18970,19.7
18971,16.05
18972,13.04
18973,11.59
18974,11.14
18975,10.22
18976,10.54
18977,11.31
18978,11.49
18979,11.64
18980,10.6
18981,10.22
18982,11.53
18983,11.64
18984,10.96
18985,10.22
18986,10.25
18987,11.42
18988,10.57
18989,10.59
18990,11.86
18991,10.69
18992,11.13
18993,11.76
18994,10.64
18995,11.18
18996,11.35
18997,11.06
18998,10.82
18999,11.23
19000,10.22
19001,11.37
19002,11.81
19003,11.36
19004,11.91
19005,11.34
19006,11.3
19007,10.52
19008,10.76
19009,10.77
19010,11.75
19011,10.94
19012,10.6
19013,11.79
19014,10.22
19015,10.22
19016,11.15
19017,10.96
19018,11.05
19019,10.96
19020,11.68
19021,10.53
19022,11.18
19023,11.04
19024,10.43
19025,10.9
19026,11.5
19027,10.86
19028,11.6
19029,10.99
19030,11.85
19031,11.06
19032,10.96
19033,11.41
19034,11.86
19035,11.51
19036,11.09
19037,11.38
19038,10.22
19039,11.75
19040,13.84
19041,15.81
19042,16.64
19043,18.67
19044,21.23
19045,22.86
19046,22.43
19047,22.51
19048,22.51
19049,22.55
19050,22.49
19051,22.45
19052,22.47
19053,22.0
19054,20.67
19055,20.87
19056,18.48
19057,18.63
19058,17.29
19059,16.76
19060,13.99
19061,11.61
19062,12.17
19063,12.21
19064,12.39
19065,12.25
19066,12.18
19067,11.96
19068,12.32
19069,12.1
19070,12.11
19071,12.18
19072,12.34
19073,11.95
19074,11.31
19075,11.7
19076,12.99
19077,11.55
19078,12.03
19079,12.51
19080,12.31
19081,12.41
19082,11.99
19083,12.63
19084,12.74
19085,12.34
19086,12.82
19087,12.11
19088,12.04
19089,12.99
19090,11.96
19091,12.12
19092,12.26
19093,11.9
19094,12.16
19095,12.68
19096,11.76
19097,11.66
19098,12.26
19099,12.06
19100,14.15
19101,16.95
19102,17.65
19103,20.05
19104,21.48
19105,22.5
19106,22.41
19107,22.48
19108,22.6
19109,22.49
19110,22.48
19111,22.48
19112,22.53
19113,22.55
19114,21.61
19115,20.83
19116,18.5
19117,18.55
19118,18.6
19119,17.13
19120,14.32
19121,13.32
19122,13.86
19123,14.06
19124,12.48
19125,14.06
19126,13.23
19127,12.96
19128,12.97
19129,13.76
19130,12.87
19131,13.42
19132,13.2
19133,12.91
19134,13.6
19135,13.2
19136,12.42
19137,13.7
19138,13.54
19139,13.49
19140,13.89
19141,12.82
19142,13.96
19143,12.81
19144,12.52
19145,13.42
19146,13.33
19147,13.77
19148,12.98
19149,13.73
19150,13.63
19151,12.85
19152,12.36
19153,13.4
19154,14.06
19155,13.18
19156,14.06
19157,13.41
19158,12.36
19159,13.46
19160,12.86
19161,13.79
19162,13.2
19163,13.36
19164,14.06
19165,13.71
19166,13.24
19167,13.36
19168,12.87
19169,13.02
19170,13.3
19171,13.26
19172,14.06
19173,12.72
19174,14.04
19175,13.07
19176,12.42
19177,13.6
19178,12.36
19179,13.0
19180,13.0
19181,13.69
19182,12.99
19183,15.56
19184,17.81
19185,18.69
19186,20.93
19187,23.26
19188,24.87
19189,27.09
19190,29.07
19191,28.67
19192,29.52
19193,29.48
19194,29.46
19195,29.52
19196,28.94
19197,28.31
19198,26.31
19199,26.25
19200,24.85
19201,24.08
19202,22.87
19203,22.45
19204,19.04
19205,16.09
19206,14.28
19207,13.95
19208,14.02
19209,13.86
19210,14.34
19211,14.34
19212,13.8
19213,13.67
19214,13.91
19215,13.44
19216,13.95
19217,13.79
19218,13.64
19219,14.66
19220,14.0
19221,14.52
19222,14.42
19223,14.45
19224,13.6
19225,14.89
19226,14.39
19227,13.82
19228,13.55
19229,13.69
19230,13.87
19231,14.13
19232,14.35
19233,14.46
19234,14.87
19235,14.3
19236,14.58
19237,13.44
19238,14.87
19239,15.14
19240,15.08
19241,13.8
19242,13.95
19243,13.44
19244,14.1
19245,13.76
19246,13.79
19247,14.39
19248,14.3
19249,14.55
19250,14.38
19251,13.82
19252,14.29
19253,14.05
19254,14.13
19255,13.51
19256,13.89
19257,14.07
19258,14.38
19259,14.49
19260,13.9
19261,13.44
19262,13.51
19263,13.74
19264,14.64
19265,13.75
19266,13.94
19267,14.11
19268,14.21
19269,15.14
19270,14.19
19271,14.57
19272,14.43
19273,13.99
19274,14.14
19275,16.05
19276,18.31
19277,19.97
19278,21.68
19279,23.34
19280,26.05
19281,27.89
19282,30.2
19283,32.07
19284,33.78
19285,35.11
19286,36.96
19287,38.64
19288,39.47
19289,40.29
19290,41.89
19291,42.26
19292,42.26
19293,41.51
19294,40.76
19295,39.17
19296,38.58
19297,37.37
19298,36.18
19299,34.96
19300,34.38
19301,32.77
19302,32.08
19303,28.54
19304,26.31
19305,22.85
19306,19.25
19307,16.6
19308,12.81
19309,9.41
19310,6.61
19311,2.69
19312,0.0
19313,0.0
19314,0.0
19315,0.0
19316,0.0
19317,0.0
19318,0.0
19319,0.0
19320,0.0
19321,0.0
19322,0.0
19323,0.0
19324,0.0
19325,0.0
19326,0.0
19327,0.0
19328,0.0
19329,0.0
19330,0.0
19331,0.0
19332,0.0
19333,0.0
19334,0.0
19335,0.0
19336,0.0
19337,0.0
19338,0.0
19339,0.0
19340,0.0
19341,0.0
19342,0.0
19343,0.0
19344,0.0
19345,0.0
19346,0.0
19347,0.0
19348,0.0
19349,0.0
19350,0.0
19351,0.0
19352,0.0
19353,0.0
19354,0.0
19355,0.0
19356,0.0
19357,0.0
19358,0.0
19359,0.0
19360,0.0
19361,0.0
19362,0.0
19363,0.0
19364,0.0
19365,0.0
19366,0.0
19367,0.0
19368,0.0
19369,0.0
19370,0.0
19371,0.0
19372,0.0
19373,0.0
19374,0.0
19375,0.0
19376,0.0
19377,0.0
19378,0.0
19379,0.0
19380,0.0
19381,0.0
19382,0.0
19383,0.0
19384,0.0
19385,0.0
19386,0.0
19387,0.0
19388,0.0
19389,0.0
19390,0.0
19391,0.0
19392,0.0
19393,0.0
19394,0.0
19395,0.0
19396,0.0
19397,0.0
19398,0.0
19399,0.0
19400,0.0
19401,0.0
19402,0.0
19403,0.0
19404,0.0
19405,0.0
19406,0.0
19407,0.0
19408,0.0
19409,0.0
19410,0.0
19411,0.0
19412,0.0
19413,0.0
19414,0.0
19415,0.0
19416,0.0
19417,0.0
19418,0.0
19419,0.0
19420,0.0
19421,0.0
19422,0.0
19423,0.0
19424,0.0
19425,0.0
19426,0.0
19427,0.0
19428,0.0
19429,0.0
19430,0.0
19431,0.0
19432,0.0
19433,0.0
19434,0.0
19435,0.0
19436,0.0
19437,0.0
19438,0.0
19439,0.0
19440,0.0
19441,0.0
19442,0.0
19443,0.0
19444,0.0
19445,0.0
19446,0.0
19447,0.0
19448,0.0
19449,0.0
19450,0.0
19451,0.0
19452,0.0
19453,0.0
19454,0.0
19455,0.0
19456,0.0
19457,0.0
19458,0.0
19459,0.0
19460,0.0
19461,0.0
19462,0.0
19463,0.0
19464,0.0
19465,0.0
19466,0.0
19467,0.0
19468,0.0
19469,0.0
19470,0.0
19471,0.0
19472,0.0
19473,0.0
19474,0.0
19475,0.0
19476,0.0
19477,0.0
19478,0.0
19479,0.0
19480,0.0
19481,0.0
19482,0.0
19483,0.0
19484,0.0
19485,0.0
19486,0.0
19487,0.0
19488,0.0
19489,0.0
19490,0.0
19491,0.0
19492,0.0
19493,0.0
19494,0.0
19495,0.0
19496,0.0
19497,0.0
19498,0.0
19499,0.0
19500,0.0
19501,0.0
19502,0.0
19503,0.0
19504,0.0
19505,0.0
19506,0.0
19507,0.0
19508,0.0
19509,0.0
19510,0.0
19511,0.0
19512,0.0
19513,0.0
19514,0.0
19515,0.0
19516,0.0
19517,0.0
19518,0.0
19519,0.0
19520,0.0
19521,0.0
19522,0.0
19523,0.0
19524,0.0
19525,0.0
19526,0.0
19527,0.0
19528,0.0
19529,0.0
19530,0.0
19531,0.0
19532,0.0
19533,0.0
19534,0.0
19535,0.0
19536,0.0
19537,0.0
19538,0.0
19539,0.0
19540,0.0
19541,0.0
19542,0.0
19543,0.0
19544,0.0
19545,0.0
19546,0.0
19547,0.0
19548,0.0
19549,0.0
19550,0.0
19551,0.0
19552,0.0
19553,0.0
19554,0.0
19555,0.0
19556,0.0
19557,0.0
19558,0.0
19559,0.0
19560,0.0
19561,0.0
19562,0.0
19563,0.0
19564,0.0
19565,0.0
19566,0.0
19567,0.0
19568,0.0
19569,0.0
19570,0.0
19571,0.0
19572,0.0
19573,0.0
19574,0.0
19575,0.0
19576,0.0
19577,0.0
19578,0.0
19579,0.0
19580,0.0
19581,0.0
19582,0.0
19583,0.0
19584,0.0
19585,0.0
19586,0.0
19587,0.0
19588,0.0
19589,0.0
19590,0.0
19591,0.0
19592,0.0
19593,0.0
19594,0.0
19595,0.0
19596,0.0
19597,0.0
19598,0.0
19599,0.0
19600,0.0
19601,0.0
19602,0.0
19603,0.0
19604,0.0
19605,0.0
19606,0.0
19607,0.0
19608,0.0
19609,0.0
19610,0.0
19611,0.0
19612,0.0
19613,0.0
19614,0.0
19615,0.0
19616,0.0
19617,0.0
19618,0.0
19619,0.0
19620,0.0
19621,0.0
19622,0.0
19623,0.0
19624,0.0
19625,0.0
19626,0.0
19627,0.0
19628,0.0
19629,0.0
19630,0.0
19631,0.0
19632,0.0
19633,0.0
19634,0.0
19635,0.0
19636,0.0
19637,0.0
19638,0.0
19639,0.0
19640,0.0
19641,0.0
19642,0.0
19643,0.0
19644,0.0
19645,0.0
19646,0.0
19647,0.0
19648,0.0
19649,0.0
19650,0.0
19651,0.0
19652,0.0
19653,0.0
19654,0.0
19655,0.0
19656,0.0
19657,0.0
19658,0.0
19659,0.0
19660,0.0
19661,0.0
19662,0.0
19663,0.0
19664,0.0
19665,0.0
19666,0.0
19667,0.0
19668,0.0
19669,0.0
19670,0.0
19671,0.0
19672,0.0
19673,0.0
19674,0.0
19675,0.0
19676,0.0
19677,0.0
19678,0.0
19679,0.0
19680,0.0
19681,0.0
19682,0.0
19683,0.0
19684,0.0
19685,0.0
19686,0.0
19687,0.0
19688,0.0
19689,0.0
19690,0.0
19691,0.0
19692,0.0
19693,0.0
19694,0.0
19695,0.0
19696,0.0
19697,0.0
19698,0.0
19699,0.0
19700,0.0
19701,0.0
19702,0.0
19703,0.0
19704,0.0
19705,0.0
19706,0.0
19707,0.0
19708,0.0
19709,0.0
19710,0.0
19711,0.0
19712,0.0
19713,0.0
19714,0.0
19715,0.0
19716,0.0
19717,0.0
19718,0.0
19719,0.0
19720,0.0
19721,0.0
19722,0.0
19723,0.0
19724,0.0
19725,0.0
19726,0.0
19727,0.0
19728,0.0
19729,0.0
19730,0.0
19731,0.0
19732,0.0
19733,0.0
19734,0.0
19735,0.0
19736,0.0
19737,0.0
19738,0.0
19739,0.0
19740,0.0
19741,0.0
19742,0.0
19743,0.0
19744,0.0
19745,0.0
19746,0.0
19747,0.0
19748,0.0
19749,0.0
19750,0.0
19751,0.0
19752,0.0
19753,0.0
19754,0.0
19755,0.0
19756,0.0
19757,0.0
19758,0.0
19759,0.0
19760,0.0
19761,0.0
19762,0.0
19763,0.0
19764,0.0
19765,0.0
19766,0.0
19767,0.0
19768,0.0
19769,0.0
19770,0.0
19771,0.0
19772,0.0
19773,0.0
19774,0.0
19775,0.0
19776,0.0
19777,1.66
19778,3.56
19779,6.16
19780,8.57
19781,10.29
19782,11.17
19783,13.85
19784,15.79
19785,17.57
19786,20.05
19787,21.73
19788,24.52
19789,24.88
19790,24.45
19791,24.55
19792,24.5
19793,24.6
19794,24.54
19795,24.55
19796,23.53
19797,22.75
19798,22.34
19799,21.82
19800,20.58
19801,19.37
19802,18.33
19803,16.86
19804,16.93
19805,16.47
19806,15.88
19807,16.86
19808,16.88
19809,15.92
19810,16.01
19811,16.43
19812,16.03
19813,16.53
19814,15.87
19815,16.43
19816,16.22
19817,16.2
19818,16.63
19819,16.24
19820,16.51
19821,16.38
19822,16.91
19823,16.54
19824,16.39
19825,16.26
19826,17.17
19827,16.82
19828,16.61
19829,16.38
19830,17.19
19831,16.92
19832,16.25
19833,18.3
19834,20.94
19835,22.06
19836,22.6
19837,22.5
19838,22.6
19839,22.53
19840,22.53
19841,22.59
19842,22.46
19843,22.51
19844,21.62
19845,21.0
19846,20.03
19847,18.66
19848,18.45
19849,17.94
19850,17.34
19851,17.34
19852,18.05
19853,18.22
19854,17.71
19855,17.36
19856,17.31
19857,17.0
19858,17.72
19859,17.67
19860,17.13
19861,17.34
19862,17.86
19863,17.54
19864,18.03
19865,17.2
19866,17.63
19867,18.35
19868,16.98
19869,17.58
19870,17.53
19871,16.65
19872,17.48
19873,17.56
19874,17.95
19875,17.48
19876,17.19
19877,17.12
19878,17.43
19879,17.53
19880,18.35
19881,17.53
19882,17.08
19883,18.23
19884,16.94
19885,17.76
19886,17.93
19887,16.8
19888,17.03
19889,18.35
19890,17.04
19891,17.42
19892,16.66
19893,17.05
19894,17.05
19895,17.05
19896,17.36
19897,16.65
19898,17.77
19899,17.03
19900,17.33
19901,17.52
19902,17.57
19903,17.69
19904,18.35
19905,17.41
19906,19.39
19907,21.31
19908,22.59
19909,23.75
19910,24.6
19911,24.47
19912,24.46
19913,24.6
19914,24.44
19915,24.6
19916,23.48
19917,23.2
19918,22.06
19919,21.57
19920,20.42
19921,18.84
19922,19.13
19923,15.05
19924,13.15
19925,9.15
19926,10.52
19927,10.3
19928,9.97
19929,9.69
19930,10.46
19931,9.39
19932,10.03
19933,10.83
19934,9.47
19935,10.85
19936,10.82
19937,9.54
19938,10.24
19939,9.64
19940,9.94
19941,10.69
19942,9.72
19943,9.72
19944,10.31
19945,10.03
19946,9.15
19947,10.85
19948,9.26
19949,10.28
19950,9.24
19951,9.94
19952,9.54
19953,9.85
19954,10.28
19955,10.2
19956,9.18
19957,10.85
19958,9.7
19959,10.4
19960,9.86
19961,9.89
19962,10.85
19963,10.4
19964,10.16
19965,9.59
19966,10.22
19967,10.06
19968,9.9
19969,9.23
19970,10.45
19971,10.8
19972,9.7
19973,9.86
19974,9.52
19975,10.85
19976,9.35
19977,9.83
19978,9.77
19979,9.74
19980,9.39
19981,10.58
19982,9.93
19983,10.31
19984,10.16
19985,11.63
19986,13.92
19987,15.77
19988,17.07
19989,19.82
19990,21.21
19991,24.22
19992,25.22
19993,26.97
19994,28.95
19995,28.47
19996,28.4
19997,28.47
19998,28.57
19999,28.51
20000,28.49
20001,27.89
20002,22.89
20003,17.77
20004,13.77
20005,10.49
20006,10.31
20007,10.22
20008,10.39
20009,11.81
20010,11.33
20011,11.8
20012,11.36
20013,11.05
20014,10.82
20015,10.52
20016,10.98
20017,10.77
20018,11.92
20019,10.8
20020,10.27
20021,11.19
20022,11.18
20023,11.45
20024,10.55
20025,10.68
20026,10.54
20027,10.64
20028,10.72
20029,11.92
20030,11.76
20031,11.64
20032,11.16
20033,11.07
20034,11.56
20035,10.31
20036,11.19
20037,10.81
20038,11.36
20039,10.72
20040,11.81
20041,10.78
20042,11.15
20043,11.41
20044,11.43
20045,10.22
20046,11.03
20047,10.72
20048,11.18
20049,10.22
20050,10.69
20051,11.72
20052,10.22
20053,10.4
20054,10.6
20055,11.16
20056,11.02
20057,13.18
20058,14.34
20059,16.74
20060,18.55
20061,20.7
20062,22.89
20063,22.4
20064,22.59
20065,22.48
20066,22.6
20067,22.58
20068,22.57
20069,22.57
20070,21.89
20071,21.36
20072,19.26
20073,19.39
20074,18.75
20075,17.49
20076,17.3
20077,14.25
20078,12.08
20079,11.91
20080,11.43
20081,11.29
20082,12.32
20083,12.29
20084,12.57
20085,12.86
20086,12.4
20087,12.41
20088,12.89
20089,12.11
20090,14.2
20091,16.07
20092,17.53
20093,20.17
20094,21.85
20095,23.79
20096,26.47
20097,27.47
20098,28.76
20099,28.54
20100,28.49
20101,28.6
20102,28.41
20103,28.47
20104,28.41
20105,28.12
20106,26.63
20107,26.8
20108,24.81
20109,24.58
20110,23.4
20111,22.94
20112,21.01
20113,18.53
20114,15.64
20115,13.74
20116,14.06
20117,13.14
20118,14.06
20119,12.97
20120,13.7
20121,14.02
20122,13.53
20123,15.82
20124,17.01
20125,19.47
20126,21.13
20127,23.35
20128,22.56
20129,22.54
20130,22.6
20131,22.54
20132,22.57
20133,22.46
20134,22.48
20135,22.12
20136,21.23
20137,20.09
20138,20.12
20139,18.77
20140,17.9
20141,16.84
20142,13.64
20143,14.35
20144,14.32
20145,14.41
20146,14.22
20147,14.95
20148,13.63
20149,14.05
20150,14.62
20151,14.81
20152,14.3
20153,13.98
20154,13.44
20155,13.96
20156,13.44
20157,15.14
20158,14.24
20159,14.54
20160,14.23
20161,14.21
20162,13.56
20163,14.19
20164,14.16
20165,13.69
20166,14.68
20167,14.06
20168,14.04
20169,14.63
20170,14.01
20171,13.44
20172,14.86
20173,13.99
20174,14.07
20175,15.14
20176,15.0
20177,14.43
20178,14.06
20179,14.75
20180,13.84
20181,13.63
20182,13.87
20183,15.04
20184,14.5
20185,14.49
20186,14.6
20187,14.32
20188,13.99
20189,13.9
20190,15.13
20191,14.8
20192,15.09
20193,15.02
20194,14.37
20195,15.0
20196,14.18
20197,14.62
20198,14.95
20199,14.15
20200,13.82
20201,14.05
20202,14.49
20203,14.59
20204,14.27
20205,16.93
20206,19.1
20207,19.48
20208,21.94
20209,24.82
20210,25.32
20211,27.25
20212,27.59
20213,27.4
20214,27.6
20215,27.48
20216,27.4
20217,27.4
20218,26.75
20219,26.66
20220,25.22
20221,24.04
20222,23.15
20223,22.68
20224,22.03
20225,21.07
20226,17.24
20227,15.08
20228,15.02
20229,14.92
20230,14.51
20231,15.51
20232,15.85
20233,14.97
20234,15.63
20235,16.06
20236,15.24
20237,14.88
20238,15.6
20239,15.2
20240,15.22
20241,14.51
20242,16.06
20243,15.22
20244,18.04
20245,19.5
20246,21.61
20247,22.79
20248,24.98
20249,27.74
20250,28.45
20251,29.52
20252,29.59
20253,29.57
20254,29.41
20255,29.43
20256,27.83
20257,27.18
20258,26.69
20259,25.95
20260,25.25
20261,24.37
20262,22.74
20263,22.4
20264,19.67
20265,16.28
20266,12.32
20267,10.07
20268,6.75
20269,3.67
20270,0.06
20271,0.0
20272,0.0
20273,0.0
20274,0.0
20275,0.0
20276,0.0
20277,0.0
20278,0.0
20279,0.0
20280,0.0
20281,1.59
20282,4.27
20283,5.87
20284,8.06
20285,10.04
20286,11.27
20287,13.25
20288,15.89
20289,17.63
20290,19.66
20291,21.75
20292,23.01
20293,25.97
20294,26.13
20295,26.55
20296,26.47
20297,26.53
20298,26.59
20299,26.04
20300,20.49
20301,17.93
20302,17.26
20303,17.97
20304,17.34
20305,17.7
20306,17.08
20307,17.26
20308,17.94
20309,17.04
20310,16.65
20311,18.35
20312,17.38
20313,16.94
20314,17.19
20315,16.92
20316,17.15
20317,17.15
20318,16.65
20319,16.94
20320,18.35
20321,17.62
20322,17.31
20323,17.73
20324,18.35
20325,17.33
20326,17.4
20327,16.67
20328,17.96
20329,17.3
20330,16.65
20331,17.43
20332,17.69
20333,18.1
20334,17.35
20335,17.47
20336,18.23
20337,17.75
20338,17.35
20339,16.92
20340,17.24
20341,17.85
20342,18.35
20343,17.64
20344,18.02
20345,17.28
20346,17.27
20347,19.58
20348,21.0
20349,23.03
20350,25.59
20351,27.65
20352,28.53
20353,31.65
20354,33.71
20355,33.73
20356,34.48
20357,34.5
20358,34.6
20359,34.48
20360,34.6
20361,34.45
20362,34.57
20363,34.49
20364,34.52
20365,34.5
20366,34.42
20367,34.57
20368,34.4
20369,34.53
20370,34.4
20371,34.5
20372,34.51
20373,34.47
20374,34.53
20375,34.52
20376,34.49
20377,34.45
20378,34.42
20379,34.53
20380,34.47
20381,34.52
20382,34.54
20383,34.44
20384,34.57
20385,34.44
20386,34.48
20387,34.56
20388,34.44
20389,34.48
20390,33.62
20391,32.6
20392,31.82
20393,30.01
20394,30.25
20395,29.82
20396,27.37
20397,26.97
20398,26.2
20399,22.73
20400,19.42
20401,16.33
20402,13.11
20403,10.38
20404,9.74
20405,10.18
20406,10.3
20407,10.03
20408,9.63
20409,10.18
20410,9.73
20411,9.69
20412,10.01
20413,10.22
20414,10.37
20415,10.85
20416,9.92
20417,10.18
20418,10.37
20419,10.28
20420,9.73
20421,9.78
20422,9.96
20423,10.49
20424,10.51
20425,10.24
20426,10.2
20427,9.93
20428,9.7
20429,9.94
20430,9.53
20431,9.96
20432,9.72
20433,10.85
20434,10.66
20435,9.19
20436,10.07
20437,10.06
20438,10.03
20439,10.14
20440,9.47
20441,9.31
20442,9.49
20443,9.86
20444,9.98
20445,9.25
20446,9.46
20447,10.01
20448,10.2
20449,10.25
20450,10.02
20451,10.21
20452,9.53
20453,10.08
20454,10.27
20455,12.03
20456,14.47
20457,16.49
20458,18.18
20459,20.3
20460,21.29
20461,24.14
20462,24.8
20463,24.46
20464,24.44
20465,24.44
20466,24.54
20467,24.52
20468,24.51
20469,23.21
20470,23.36
20471,22.91
20472,20.62
20473,20.7
20474,19.04
20475,18.81
20476,15.7
20477,12.34
20478,11.81
20479,11.02
20480,11.15
20481,11.0
20482,13.31
20483,15.88
20484,16.95
20485,18.78
20486,20.12
20487,22.89
20488,25.39
20489,24.66
20490,25.56
20491,25.48
20492,25.56
20493,25.58
20494,25.54
20495,25.4
20496,24.03
20497,20.66
20498,14.7
20499,11.56
20500,11.88
20501,12.09
20502,11.36
20503,12.63
20504,11.6
20505,12.28
20506,13.9
20507,16.93
20508,17.65
20509,20.05
20510,21.8
20511,24.35
20512,23.6
20513,23.47
20514,23.42
20515,23.4
20516,23.49
20517,23.51
20518,23.49
20519,23.4
20520,23.5
20521,22.59
20522,21.53
20523,21.94
20524,20.46
20525,19.35
20526,19.49
20527,18.53
20528,15.11
20529,13.33
20530,13.96
20531,12.67
20532,13.7
20533,12.55
20534,12.96
20535,13.24
20536,13.4
20537,12.92
20538,13.08
20539,13.05
20540,13.43
20541,12.71
20542,13.54
20543,13.3
20544,13.7
20545,13.41
20546,13.24
20547,12.94
20548,13.26
20549,13.18
20550,12.62
20551,12.79
20552,13.14
20553,12.67
20554,13.4
20555,12.94
20556,13.27
20557,13.95
20558,13.34
20559,13.8
20560,13.34
20561,13.0
20562,13.49
20563,14.03
20564,13.93
20565,13.16
20566,12.73
20567,13.08
20568,13.55
20569,12.77
20570,12.98
20571,12.88
20572,13.05
20573,12.47
20574,13.23
20575,13.02
20576,12.74
20577,15.5
20578,17.44
20579,19.36
20580,20.81
20581,23.7
20582,24.75
20583,27.92
20584,27.31
20585,27.4
20586,27.41
20587,27.41
20588,27.45
20589,27.5
20590,27.47
20591,26.68
20592,25.96
20593,25.32
20594,24.57
20595,23.33
20596,23.11
20597,21.79
20598,21.06
20599,17.78
20600,13.67
20601,13.87
20602,13.5
20603,14.29
20604,13.44
20605,13.94
20606,14.65
20607,14.8
20608,15.14
20609,14.91
20610,13.78
20611,14.51
20612,13.5
20613,14.86
20614,14.72
20615,14.16
20616,13.71
20617,14.5
20618,14.35
20619,14.25
20620,13.97
20621,14.08
20622,13.6
20623,14.62
20624,14.48
20625,15.14
20626,13.44
20627,14.28
20628,13.66
20629,13.84
20630,13.73
20631,14.09
20632,13.48
20633,14.07
20634,14.52
20635,14.28
20636,13.44
20637,14.67
20638,13.77
20639,13.75
20640,13.94
20641,14.29
20642,15.1
20643,14.18
20644,13.95
20645,13.91
20646,14.3
20647,14.63
20648,14.36
20649,13.79
20650,15.14
20651,16.58
20652,18.04
20653,19.38
20654,21.77
20655,24.1
20656,25.58
20657,27.73
20658,29.99
20659,30.9
20660,31.54
20661,31.56
20662,31.45
20663,31.56
20664,31.45
20665,31.53
20666,31.48
20667,31.46
20668,31.4
20669,31.53
20670,31.6
20671,31.03
20672,30.06
20673,28.64
20674,27.74
20675,27.57
20676,26.87
20677,24.6
20678,25.07
20679,23.31
20680,20.98
20681,17.6
20682,15.33
20683,15.62
20684,15.04
20685,15.06
20686,15.54
20687,15.04
20688,15.34
20689,16.21
20690,14.51
20691,15.41
20692,15.61
20693,14.51
20694,16.21
20695,14.88
20696,14.51
20697,15.66
20698,16.21
20699,14.89
20700,15.03
20701,14.93
20702,15.84
20703,15.27
20704,16.0
20705,14.99
20706,15.18
20707,14.94
20708,14.92
20709,15.7
20710,15.29
20711,15.93
20712,15.25
20713,15.11
20714,15.16
20715,15.64
20716,14.67
20717,15.43
20718,14.8
20719,15.48
20720,16.14
20721,15.62
20722,15.31
20723,15.9
20724,16.12
20725,15.64
20726,15.43
20727,14.76
20728,15.81
20729,16.06
20730,15.75
20731,15.08
20732,15.5
20733,15.22
20734,15.29
20735,14.74
20736,14.53
20737,15.03
20738,15.68
20739,15.0
20740,15.71
20741,15.64
20742,15.7
20743,15.4
20744,15.56
20745,15.06
20746,14.51
20747,16.95
20748,19.01
20749,21.27
20750,23.48
20751,25.31
20752,27.9
20753,30.04
20754,31.92
20755,32.3
20756,33.39
20757,33.54
20758,33.52
20759,33.5
20760,33.55
20761,33.45
20762,33.4
20763,33.42
20764,33.52
20765,33.55
20766,33.48
20767,33.51
20768,33.53
20769,33.49
20770,33.4
20771,33.55
20772,33.45
20773,33.46
20774,33.55
20775,33.53
20776,33.4
20777,32.49
20778,32.31
20779,31.52
20780,29.7
20781,28.68
20782,28.04
20783,27.77
20784,25.94
20785,24.76
20786,22.04
20787,18.41
20788,16.26
20789,16.07
20790,15.9
20791,15.7
20792,16.6
20793,16.9
20794,16.71
20795,15.63
20796,16.47
20797,16.37
20798,16.09
20799,15.74
20800,15.94
20801,16.69
20802,17.28
20803,16.48
20804,15.69
20805,15.58
20806,15.94
20807,17.28
20808,16.21
20809,17.28
20810,17.02
20811,16.32
20812,16.2
20813,16.79
20814,16.56
20815,15.66
20816,16.31
20817,16.85
20818,16.4
20819,16.19
20820,16.16
20821,16.97
20822,15.58
20823,16.68
20824,16.14
20825,17.17
20826,15.58
20827,16.2
20828,15.85
20829,17.28
20830,16.78
20831,15.86
20832,16.4
20833,16.92
20834,16.46
20835,15.71
20836,16.12
20837,16.16
20838,16.36
20839,16.91
20840,16.82
20841,16.39
20842,16.15
20843,16.38
20844,16.74
20845,15.89
20846,15.84
20847,15.77
20848,16.73
20849,15.88
20850,16.12
20851,16.9
20852,16.29
20853,15.79
20854,16.42
20855,17.18
20856,18.33
20857,20.4
20858,22.6
20859,23.86
20860,25.92
20861,28.52
20862,31.14
20863,30.53
20864,30.47
20865,30.53
20866,30.53
20867,30.5
20868,30.52
20869,30.55
20870,30.02
20871,28.26
20872,28.22
20873,27.03
20874,25.64
20875,25.74
20876,24.75
20877,23.81
20878,21.17
20879,17.97
20880,16.65
20881,17.02
20882,17.69
20883,16.9
20884,18.23
20885,17.11
20886,16.77
20887,18.35
20888,18.35
20889,17.46
20890,17.61
20891,17.89
20892,17.57
20893,18.34
20894,16.72
20895,17.53
20896,16.89
20897,16.65
20898,17.23
20899,18.35
20900,17.84
20901,16.86
20902,17.11
20903,17.53
20904,18.24
20905,17.49
20906,18.05
20907,17.56
20908,18.35
20909,17.24
20910,17.44
20911,17.14
20912,17.58
20913,17.09
20914,17.47
20915,17.69
20916,17.82
20917,17.88
20918,18.89
20919,22.31
20920,22.59
20921,25.11
20922,27.36
20923,28.53
20924,31.32
20925,32.45
20926,32.5
20927,32.52
20928,32.48
20929,32.55
20930,32.5
20931,32.51
20932,32.55
20933,32.49
20934,32.55
20935,32.47
20936,32.48
20937,32.51
20938,32.47
20939,32.53
20940,32.44
20941,32.41
20942,32.6
20943,32.45
20944,32.44
20945,32.1
20946,30.48
20947,28.97
20948,28.75
20949,27.23
20950,26.9
20951,27.2
20952,26.19
20953,24.59
20954,21.7
20955,17.38
20956,14.95
20957,11.28
20958,7.94
20959,5.53
20960,1.39
20961,0.0
20962,0.0
20963,0.0
20964,0.0
20965,0.0
20966,0.0
20967,0.0
20968,0.0
20969,0.0
20970,0.0
20971,0.0
20972,0.0
20973,0.0
20974,0.0
20975,0.0
20976,0.0
20977,0.0
20978,0.0
20979,0.0
20980,0.0
20981,0.0
20982,0.0
20983,0.0
20984,0.0
20985,0.0
20986,0.0
20987,0.0
20988,0.0
20989,0.0
20990,0.0
20991,0.0
20992,0.0
20993,0.0
20994,0.0
20995,0.0
20996,0.0
20997,0.0
20998,0.0
20999,0.0
21000,0.0
21001,0.0
21002,0.0
21003,0.0
21004,0.0
21005,0.0
21006,0.0
21007,0.0
21008,0.0
21009,0.0
21010,0.0
21011,0.0
21012,0.0
21013,0.0
21014,0.0
21015,0.0
21016,0.0
21017,0.0
21018,0.0
21019,0.0
21020,0.0
21021,0.0
21022,0.0
21023,0.0
21024,0.0
21025,0.0
21026,0.0
21027,0.0
21028,0.0
21029,0.0
21030,0.0
21031,0.0
21032,0.0
21033,0.0
21034,0.0
21035,0.0
21036,0.0
21037,0.0
21038,0.0
21039,0.0
21040,0.0
21041,0.0
21042,0.0
21043,0.0
21044,0.0
21045,0.0
21046,0.0
21047,0.0
21048,0.0
21049,0.0
21050,0.0
21051,0.0
21052,0.0
21053,0.0
21054,0.0
21055,0.0
21056,0.0
21057,0.0
21058,0.0
21059,0.0
21060,0.0
21061,0.0
21062,0.0
21063,0.0
21064,0.0
21065,0.0
21066,0.0
21067,0.0
21068,0.0
21069,0.0
21070,0.0
21071,0.0
21072,0.0
21073,0.0
21074,0.0
21075,0.0
21076,0.0
21077,0.0
21078,0.0
21079,0.0
21080,0.0
21081,0.0
21082,0.0
21083,0.0
21084,0.0
21085,0.0
21086,0.0
21087,0.0
21088,0.0
21089,0.0
21090,0.0
21091,0.0
21092,0.0
21093,0.0
21094,0.0
21095,0.0
21096,0.0
21097,0.0
21098,0.0
21099,0.0
21100,0.0
21101,0.0
21102,0.0
21103,0.0
21104,0.0
21105,0.0
21106,0.0
21107,0.0
21108,0.0
21109,0.0
21110,0.0
21111,0.0
21112,0.0
21113,0.0
21114,0.0
21115,0.0
21116,0.0
21117,0.0
21118,0.0
21119,0.0
21120,0.0
21121,0.0
21122,0.0
21123,0.0
21124,0.0
21125,0.0
21126,0.0
21127,0.0
21128,0.0
21129,0.0
21130,0.0
21131,0.0
21132,0.0
21133,0.0
21134,0.0
21135,0.0
21136,0.0
21137,0.0
21138,0.0
21139,0.0
21140,0.0
21141,0.0
21142,0.0
21143,0.0
21144,0.0
21145,0.0
21146,0.0
21147,0.0
21148,0.0
21149,0.0
21150,0.0
21151,0.0
21152,0.0
21153,0.0
21154,0.0
21155,0.0
21156,0.0
21157,0.0
21158,0.0
21159,0.0
21160,0.0
21161,0.0
21162,0.0
21163,0.0
21164,0.0
21165,0.0
21166,0.0
21167,0.0
21168,0.0
21169,0.0
21170,0.0
21171,0.0
21172,0.0
21173,0.0
21174,0.0
21175,0.0
21176,0.0
21177,0.0
21178,0.0
21179,0.0
21180,0.0
21181,0.0
21182,0.0
21183,0.0
21184,0.0
21185,0.0
21186,0.0
21187,0.0
21188,0.0
21189,0.0
21190,0.0
21191,0.0
21192,0.0
21193,0.0
21194,0.0
21195,0.0
21196,0.0
21197,0.0
21198,0.0
21199,0.0
21200,0.0
21201,0.0
21202,0.0
21203,0.0
21204,0.0
21205,0.0
21206,0.0
21207,0.0
21208,0.0
21209,0.0
21210,0.0
21211,0.0
21212,0.0
21213,0.0
21214,0.0
21215,0.0
21216,0.0
21217,0.0
21218,0.0
21219,0.0
21220,0.0
21221,0.0
21222,0.0
21223,0.0
21224,0.0
21225,0.0
21226,0.0
21227,0.0
21228,0.0
21229,0.0
21230,0.0
21231,0.0
21232,0.0
21233,0.0
21234,0.0
21235,0.0
21236,0.0
21237,0.0
21238,0.0
21239,0.0
21240,0.0
21241,0.0
21242,0.0
21243,0.0
21244,0.0
21245,0.0
21246,0.0
21247,0.0
21248,0.0
21249,0.0
21250,0.0
21251,0.0
21252,0.0
21253,0.0
21254,0.0
21255,0.0
21256,0.0
21257,0.0
21258,0.0
21259,0.0
21260,0.0
21261,0.0
21262,0.0
21263,0.0
21264,0.0
21265,0.0
21266,0.0
21267,0.0
21268,0.0
21269,0.0
21270,0.0
21271,0.0
21272,0.0
21273,0.0
21274,0.0
21275,0.0
21276,0.0
21277,0.0
21278,0.0
21279,0.0
21280,0.0
21281,0.0
21282,0.0
21283,0.0
21284,0.0
21285,0.0
21286,0.0
21287,0.0
21288,0.0
21289,0.0
21290,0.0
21291,0.0
21292,0.0
21293,0.0
21294,0.0
21295,0.0
21296,0.0
21297,0.0
21298,0.0
21299,0.0
21300,0.0
21301,0.0
21302,0.0
21303,0.0
21304,0.0
21305,0.0
21306,0.0
21307,0.0
21308,0.0
21309,0.0
21310,0.0
21311,0.0
21312,0.0
21313,0.0
21314,0.0
21315,0.0
21316,0.0
21317,0.0
21318,0.0
21319,0.0
21320,0.0
21321,0.0
21322,0.0
21323,0.0
21324,0.0
21325,0.0
21326,0.0
21327,0.0
21328,0.0
21329,0.0
21330,0.0
21331,0.0
21332,0.0
21333,0.0
21334,0.0
21335,0.0
21336,0.0
21337,0.0
21338,0.0
21339,0.0
21340,0.0
21341,0.0
21342,0.0
21343,0.0
21344,0.0
21345,0.0
21346,0.0
21347,0.0
21348,0.0
21349,0.0
21350,0.0
21351,0.0
21352,0.0
21353,0.0
21354,0.0
21355,0.0
21356,0.0
21357,0.0
21358,0.0
21359,0.0
21360,0.0
21361,0.0
21362,0.0
21363,0.0
21364,0.0
21365,0.0
21366,0.0
21367,0.0
21368,0.0
21369,0.0
21370,0.0
21371,0.0
21372,0.0
21373,0.0
21374,0.0
21375,0.0
21376,0.0
21377,0.0
21378,0.0
21379,0.0
21380,0.0
21381,0.0
21382,0.0
21383,0.0
21384,0.0
21385,0.0
21386,0.0
21387,0.0
21388,0.0
21389,0.0
21390,0.0
21391,0.0
21392,0.0
21393,0.0
21394,0.0
21395,0.0
21396,0.0
21397,0.0
21398,0.0
21399,0.0
21400,0.0
21401,0.0
21402,0.0
21403,0.0
21404,0.0
21405,0.0
21406,0.0
21407,0.0
21408,0.0
21409,0.0
21410,0.0
21411,0.0
21412,0.0
21413,0.0
21414,0.0
21415,0.0
21416,0.0
21417,0.0
21418,0.0
21419,0.0
21420,0.0
21421,0.0
21422,0.0
21423,0.0
21424,0.0
21425,0.0
21426,0.0
21427,0.0
21428,0.0
21429,0.0
21430,0.0
21431,0.0
21432,0.0
21433,0.0
21434,0.0
21435,0.0
21436,0.0
21437,0.0
21438,0.0
21439,0.0
21440,0.0
21441,0.0
21442,0.0
21443,0.0
21444,0.0
21445,0.0
21446,0.0
21447,0.0
21448,0.0
21449,0.0
21450,0.0
21451,0.0
21452,0.0
21453,0.0
21454,0.0
21455,0.0
21456,0.0
21457,0.0
21458,0.0
21459,0.0
21460,0.0
21461,0.0
21462,0.0
21463,0.0
21464,0.0
21465,0.0
21466,0.0
21467,1.6
21468,3.6
21469,6.01
21470,7.28
21471,9.66
21472,11.67
21473,14.5
21474,15.65
21475,17.35
21476,20.08
21477,21.81
21478,23.7
21479,25.79
21480,26.39
21481,26.46
21482,26.55
21483,26.58
21484,26.43
21485,25.57
21486,25.17
21487,24.15
21488,22.62
21489,23.07
21490,21.18
21491,20.36
21492,20.14
21493,16.74
21494,13.67
21495,11.38
21496,11.54
21497,11.31
21498,10.91
21499,11.2
21500,10.28
21501,11.28
21502,11.21
21503,11.31
21504,11.13
21505,10.4
21506,10.77
21507,10.87
21508,11.69
21509,10.62
21510,10.56
21511,11.52
21512,11.07
21513,11.04
21514,10.89
21515,11.76
21516,11.87
21517,11.53
21518,11.92
21519,11.09
21520,11.05
21521,11.17
21522,10.91
21523,10.96
21524,10.94
21525,10.6
21526,11.07
21527,10.89
21528,10.55
21529,13.13
21530,15.21
21531,17.54
21532,18.4
21533,20.7
21534,22.32
21535,24.86
21536,27.76
21537,28.63
21538,30.12
21539,29.46
21540,29.45
21541,29.56
21542,29.52
21543,28.84
21544,27.32
21545,27.07
21546,25.61
21547,25.59
21548,24.19
21549,22.74
21550,22.72
21551,19.58
21552,15.72
21553,12.94
21554,11.78
21555,11.74
21556,12.99
21557,12.99
21558,11.29
21559,12.14
21560,11.63
21561,12.81
21562,11.67
21563,11.93
21564,12.35
21565,12.11
21566,12.19
21567,11.58
21568,12.99
21569,12.81
21570,11.82
21571,12.47
21572,12.77
21573,12.11
21574,12.52
21575,12.88
21576,11.52
21577,12.52
21578,12.22
21579,12.58
21580,12.46
21581,12.14
21582,12.01
21583,12.04
21584,11.56
21585,12.79
21586,12.53
21587,11.69
21588,11.9
21589,12.99
21590,11.82
21591,12.04
21592,12.1
21593,12.49
21594,11.71
21595,13.67
21596,16.04
21597,18.33
21598,20.27
21599,21.91
21600,23.45
21601,25.71
21602,27.14
21603,30.32
21604,31.74
21605,31.73
21606,32.44
21607,32.58
21608,32.54
21609,32.44
21610,32.53
21611,32.52
21612,32.56
21613,32.45
21614,32.43
21615,32.47
21616,32.55
21617,32.43
21618,32.49
21619,32.48
21620,32.49
21621,32.45
21622,32.4
21623,32.46
21624,32.5
21625,30.98
21626,31.03
21627,30.35
21628,28.72
21629,28.66
21630,26.57
21631,25.84
21632,25.18
21633,25.03
21634,20.86
21635,17.54
21636,15.08
21637,12.36
21638,13.63
21639,13.49
21640,13.31
21641,13.9
21642,13.36
21643,12.36
21644,13.02
21645,12.37
21646,12.57
21647,13.25
21648,13.1
21649,13.31
21650,13.8
21651,12.98
21652,12.73
21653,13.72
21654,13.21
21655,13.99
21656,12.75
21657,13.6
21658,13.75
21659,15.69
21660,16.82
21661,18.42
21662,21.14
21663,23.35
21664,22.56
21665,22.49
21666,22.51
21667,22.51
21668,22.42
21669,22.53
21670,22.53
21671,21.16
21672,20.46
21673,20.2
21674,19.6
21675,19.4
21676,17.87
21677,16.77
21678,14.54
21679,14.21
21680,13.96
21681,14.35
21682,14.28
21683,13.82
21684,15.01
21685,14.74
21686,14.95
21687,14.13
21688,14.58
21689,14.23
21690,13.92
21691,14.92
21692,13.77
21693,13.5
21694,13.63
21695,13.65
21696,14.14
21697,13.61
21698,14.0
21699,13.47
21700,14.13
21701,13.88
21702,14.5
21703,15.14
21704,13.44
21705,13.75
21706,13.94
21707,13.46
21708,14.17
21709,13.85
21710,13.82
21711,14.41
21712,14.06
21713,13.74
21714,13.94
21715,14.91
21716,13.63
21717,14.5
21718,14.97
21719,14.32
21720,15.01
21721,14.63
21722,14.1
21723,14.4
21724,14.23
21725,13.75
21726,14.72
21727,15.42
21728,18.33
21729,20.25
21730,21.91
21731,23.17
21732,22.5
21733,22.49
21734,22.52
21735,22.5
21736,22.5
21737,22.49
21738,22.58
21739,21.02
21740,20.05
21741,19.72
21742,18.88
21743,17.77
21744,17.66
21745,16.78
21746,13.12
21747,9.92
21748,7.69
21749,4.3
21750,1.17
21751,0.0
21752,0.0
21753,0.0
21754,0.0
21755,0.0
21756,0.0
21757,0.0
21758,0.0
21759,0.0
21760,0.0
21761,0.0
21762,0.0
21763,0.0
21764,0.0
21765,0.0
21766,0.0
21767,0.0
21768,0.0
21769,0.0
21770,0.0
21771,0.0
21772,1.75
21773,3.57
21774,5.5
21775,8.32
21776,10.33
21777,12.13
21778,13.43
21779,15.52
21780,18.0
21781,19.86
21782,21.42
21783,23.74
21784,23.59
21785,23.41
21786,23.46
21787,23.42
21788,23.45
21789,23.49
21790,23.47
21791,23.5
21792,23.51
21793,22.96
21794,22.09
21795,20.61
21796,20.42
21797,20.33
21798,18.99
21799,17.52
21800,16.61
21801,15.65
21802,16.76
21803,17.26
21804,19.04
21805,19.98
21806,22.41
21807,22.51
21808,22.6
21809,22.49
21810,22.47
21811,22.46
21812,22.47
21813,22.52
21814,22.47
21815,21.75
21816,20.93
21817,20.91
21818,19.92
21819,18.0
21820,18.18
21821,17.03
21822,17.38
21823,17.42
21824,17.33
21825,17.67
21826,18.31
21827,17.6
21828,16.65
21829,16.82
21830,18.33
21831,17.77
21832,17.14
21833,16.73
21834,17.68
21835,18.18
21836,17.3
21837,17.0
21838,17.04
21839,17.51
21840,16.91
21841,17.6
21842,17.65
21843,17.85
21844,17.48
21845,16.81
21846,17.39
21847,17.63
21848,17.72
21849,17.78
21850,17.35
21851,17.2
21852,17.19
21853,18.05
21854,17.1
21855,17.71
21856,17.99
21857,17.69
21858,16.69
21859,17.3
21860,18.07
21861,17.91
21862,16.73
21863,17.4
21864,17.88
21865,16.83
21866,17.98
21867,16.65
21868,17.69
21869,17.02
21870,17.9
21871,17.76
21872,17.01
21873,17.33
21874,18.8
21875,21.28
21876,22.5
21877,22.54
21878,22.6
21879,22.45
21880,22.41
21881,22.5
21882,22.6
21883,22.47
21884,21.99
21885,20.75
21886,20.96
21887,18.84
21888,18.03
21889,17.9
21890,16.77
21891,14.37
21892,10.17
21893,8.05
21894,4.91
21895,0.59
21896,0.0
21897,0.0
21898,0.0
21899,0.0
21900,0.0
21901,0.0
21902,0.0
21903,0.0
21904,0.0
21905,0.0
21906,0.0
21907,0.0
21908,0.0
21909,0.0
21910,0.0
21911,0.0
21912,0.0
21913,0.0
21914,0.0
21915,0.0
21916,0.0
21917,0.0
21918,0.0
21919,0.0
21920,0.0
21921,0.0
21922,0.0
21923,0.0
21924,0.0
21925,0.0
21926,0.0
21927,0.0
21928,0.0
21929,0.0
21930,0.0
21931,0.0
21932,0.0
21933,0.0
21934,0.0
21935,0.0
21936,0.0
21937,0.0
21938,0.0
21939,0.0
21940,0.0
21941,0.0
21942,0.0
21943,0.0
21944,0.0
21945,0.0
21946,0.0
21947,0.0
21948,0.0
21949,0.0
21950,0.0
21951,0.0
21952,0.0
21953,0.0
21954,0.0
21955,0.0
21956,0.0
21957,0.0
21958,0.0
21959,0.0
21960,0.0
21961,0.0
21962,2.48
21963,4.32
21964,5.09
21965,7.38
21966,9.59
21967,12.34
21968,14.7
21969,16.51
21970,18.1
21971,20.41
21972,21.46
21973,22.91
21974,25.64
21975,25.41
21976,25.47
21977,25.51
21978,25.55
21979,25.42
21980,25.46
21981,25.02
21982,19.36
21983,14.87
21984,10.72
21985,11.54
21986,10.65
21987,11.29
21988,11.65
21989,11.27
21990,11.68
21991,11.0
21992,10.76
21993,11.28
21994,11.43
21995,11.92
21996,11.07
21997,10.77
21998,11.21
21999,11.0
22000,11.1
22001,11.38
22002,11.92
22003,11.41
22004,11.88
22005,11.28
22006,10.52
22007,11.13
22008,11.01
22009,11.21
22010,11.71
22011,10.77
22012,10.29
22013,11.36
22014,11.19
22015,11.78
22016,10.73
22017,11.71
22018,11.18
22019,10.5
22020,11.08
22021,11.82
22022,10.8
22023,11.09
22024,10.97
22025,11.36
22026,11.41
22027,11.27
22028,11.29
22029,10.22
22030,11.18
22031,10.84
22032,10.22
22033,11.92
22034,11.76
22035,10.9
22036,11.26
22037,11.81
22038,13.45
22039,15.5
22040,17.26
22041,19.38
22042,20.4
22043,22.56
22044,24.65
22045,27.76
22046,28.32
22047,28.52
22048,28.56
22049,28.46
22050,28.5
22051,28.56
22052,28.47
22053,27.56
22054,26.75
22055,26.36
22056,24.33
22057,23.47
22058,24.2
22059,23.33
22060,22.24
22061,18.21
22062,15.51
22063,12.13
22064,12.36
22065,12.23
22066,12.2
22067,12.0
22068,12.89
22069,11.56
22070,12.84
22071,11.91
22072,11.71
22073,11.67
22074,12.06
22075,11.29
22076,12.34
22077,12.04
22078,11.4
22079,12.95
22080,12.43
22081,12.4
22082,12.08
22083,12.59
22084,11.29
22085,11.63
22086,12.4
22087,12.43
22088,12.11
22089,12.48
22090,12.27
22091,12.77
22092,11.51
22093,11.98
22094,12.86
22095,11.9
22096,11.97
22097,11.77
22098,11.52
22099,12.46
22100,12.28
22101,12.48
22102,12.17
22103,12.45
22104,12.17
22105,11.29
22106,11.78
22107,14.53
22108,16.24
22109,17.67
22110,19.21
22111,22.89
22112,23.87
22113,25.99
22114,27.13
22115,29.17
22116,29.56
22117,29.6
22118,29.45
22119,29.55
22120,29.42
22121,28.1
22122,26.96
22123,26.55
22124,25.15
22125,24.59
22126,24.01
22127,22.74
22128,20.33
22129,16.02
22130,13.45
22131,13.26
22132,13.53
22133,13.2
22134,13.51
22135,12.36
22136,13.58
22137,13.37
22138,13.53
22139,14.86
22140,17.46
22141,18.93
22142,21.73
22143,23.37
22144,24.24
22145,27.86
22146,28.44
22147,28.65
22148,29.58
22149,29.47
22150,29.52
22151,29.47
22152,28.99
22153,27.98
22154,26.77
22155,25.74
22156,25.85
22157,24.04
22158,23.86
22159,22.44
22160,20.17
22161,16.32
22162,13.97
22163,14.3
22164,15.42
22165,18.24
22166,20.11
22167,21.36
22168,23.08
22169,22.45
22170,22.5
22171,22.44
22172,22.52
22173,22.42
22174,22.4
22175,22.52
22176,21.23
22177,20.54
22178,20.0
22179,20.18
22180,18.13
22181,16.93
22182,16.74
22183,15.17
22184,15.08
22185,15.79
22186,14.89
22187,14.94
22188,14.86
22189,15.89
22190,16.21
22191,15.92
22192,14.51
22193,15.38
22194,15.06
22195,15.01
22196,15.1
22197,14.51
22198,15.54
22199,15.44
22200,15.41
22201,14.51
22202,15.92
22203,15.63
22204,15.26
22205,15.87
22206,15.54
22207,14.92
22208,15.99
22209,16.21
22210,14.7
22211,15.07
22212,16.17
22213,14.94
22214,15.26
22215,16.21
22216,15.26
22217,15.14
22218,15.35
22219,15.25
22220,15.66
22221,17.82
22222,19.49
22223,21.44
22224,23.89
22225,25.59
22226,26.86
22227,29.13
22228,30.17
22229,30.59
22230,30.43
22231,30.57
22232,30.47
22233,30.52
22234,30.53
22235,29.33
22236,28.61
22237,28.11
22238,26.5
22239,26.77
22240,24.62
22241,24.34
22242,24.1
22243,20.93
22244,16.37
22245,16.53
22246,16.15
22247,16.26
22248,15.86
22249,16.06
22250,16.19
22251,15.97
22252,16.35
22253,15.99
22254,16.94
22255,15.58
22256,16.66
22257,16.49
22258,15.58
22259,16.88
22260,17.2
22261,16.39
22262,16.08
22263,15.95
22264,16.52
22265,16.57
22266,17.14
22267,16.27
22268,16.7
22269,15.96
22270,16.33
22271,15.85
22272,16.9
22273,17.12
22274,16.87
22275,15.98
22276,16.9
22277,15.87
22278,15.68
22279,16.73
22280,17.23
22281,16.2
22282,17.03
22283,16.55
22284,16.7
22285,16.45
22286,16.69
22287,16.92
22288,16.26
22289,17.01
22290,18.42
22291,19.54
22292,23.22
22293,24.46
22294,26.33
22295,27.09
22296,27.53
22297,27.6
22298,27.6
22299,27.55
22300,27.58
22301,27.41
22302,25.8
22303,25.84
22304,24.86
22305,23.3
22306,23.04
22307,22.92
22308,21.68
22309,20.65
22310,18.24
22311,17.79
22312,17.62
22313,17.67
22314,18.35
22315,17.49
22316,16.66
22317,17.9
22318,17.93
22319,17.4
22320,16.98
22321,17.03
22322,17.55
22323,16.65
22324,17.52
22325,16.94
22326,18.26
22327,17.4
22328,17.74
22329,17.26
22330,17.29
22331,16.65
22332,17.78
22333,17.92
22334,17.67
22335,17.27
22336,17.69
22337,17.33
22338,17.48
22339,18.06
22340,18.1
22341,18.17
22342,17.59
22343,18.14
22344,17.84
22345,16.96
22346,18.35
22347,16.95
22348,17.2
22349,16.65
22350,17.37
22351,17.75
22352,16.74
22353,18.14
22354,18.35
22355,17.32
22356,17.09
22357,16.89
22358,18.83
22359,21.04
22360,23.19
22361,25.97
22362,25.28
22363,25.55
22364,25.47
22365,25.42
22366,25.51
22367,25.52
22368,25.58
22369,24.66
22370,23.31
22371,22.33
22372,21.62
22373,21.61
22374,21.0
22375,19.04
22376,16.23
22377,12.87
22378,10.98
22379,9.49
22380,9.86
22381,10.19
22382,9.88
22383,10.01
22384,9.8
22385,10.23
22386,9.82
22387,10.27
22388,10.22
22389,10.78
22390,9.68
22391,9.15
22392,10.24
22393,10.78
22394,9.48
22395,9.59
22396,10.35
22397,10.07
22398,9.15
22399,9.63
22400,10.03
22401,10.57
22402,9.73
22403,10.44
22404,10.46
22405,10.85
22406,10.4
22407,10.1
22408,10.09
22409,9.73
22410,9.95
22411,9.35
22412,10.12
22413,10.56
22414,9.31
22415,9.57
22416,9.97
22417,10.41
22418,9.43
22419,10.41
22420,10.33
22421,9.15
22422,10.38
22423,10.2
22424,9.3
22425,10.26
22426,10.21
22427,10.32
22428,9.48
22429,9.8
22430,10.28
22431,10.46
22432,9.99
22433,9.56
22434,9.33
22435,9.33
22436,9.77
22437,9.55
22438,10.59
22439,10.53
22440,10.56
22441,9.91
22442,10.03
22443,12.39
22444,13.71
22445,16.14
22446,18.13
22447,20.18
22448,22.11
22449,24.11
22450,25.36
22451,25.45
22452,25.4
22453,25.57
22454,25.48
22455,25.53
22456,25.45
22457,24.07
22458,23.58
22459,22.55
22460,21.8
22461,21.23
22462,20.53
22463,20.57
22464,16.41
22465,13.34
22466,11.16
22467,11.73
22468,10.74
22469,10.22
22470,11.41
22471,10.98
22472,11.01
22473,11.25
22474,11.51
22475,11.67
22476,11.52
22477,11.61
22478,10.6
22479,11.92
22480,10.26
22481,10.38
22482,11.49
22483,10.47
22484,11.13
22485,10.98
22486,10.34
22487,10.36
22488,11.67
22489,10.89
22490,11.92
22491,11.07
22492,10.52
22493,11.41
22494,11.84
22495,11.66
22496,11.86
22497,11.87
22498,10.83
22499,11.51
22500,10.86
22501,10.33
22502,11.5
22503,10.96
22504,11.64
22505,11.26
22506,10.99
22507,11.08
22508,11.44
22509,11.6
22510,11.19
22511,11.61
22512,10.57
22513,10.5
22514,10.97
22515,11.15
22516,11.0
22517,11.53
22518,10.93
22519,10.6
22520,10.58
22521,10.62
22522,10.72
22523,11.17
22524,11.92
22525,11.28
22526,10.94
22527,11.11
22528,11.38
22529,10.69
22530,10.55
22531,11.6
22532,11.36
22533,13.9
22534,14.76
22535,16.77
22536,18.28
22537,20.31
22538,23.31
22539,24.08
22540,26.58
22541,28.67
22542,30.76
22543,32.75
22544,34.25
22545,35.63
22546,37.02
22547,36.48
22548,36.56
22549,36.44
22550,36.5
22551,36.48
22552,36.56
22553,36.45
22554,36.53
22555,36.57
22556,36.56
22557,36.48
22558,36.46
22559,36.54
22560,36.44
22561,36.45
22562,36.48
22563,36.51
22564,36.6
22565,36.49
22566,36.51
22567,36.51
22568,36.5
22569,36.53
22570,36.43
22571,36.45
22572,36.44
22573,36.45
22574,36.54
22575,36.48
22576,36.49
22577,36.53
22578,36.5
22579,36.5
22580,36.48
22581,36.47
22582,36.51
22583,36.55
22584,36.5
22585,36.56
22586,36.56
22587,36.58
22588,36.4
22589,36.47
22590,36.5
22591,36.48
22592,35.76
22593,35.18
22594,33.62
22595,32.3
22596,31.71
22597,30.95
22598,29.34
22599,28.63
22600,27.87
22601,24.93
22602,21.76
22603,18.32
22604,15.16
22605,12.87
22606,12.01
22607,11.29
22608,11.79
22609,12.99
22610,12.49
22611,12.32
22612,11.71
22613,12.45
22614,12.19
22615,11.78
22616,11.5
22617,11.61
22618,12.9
22619,12.14
22620,12.63
22621,12.31
22622,11.42
22623,11.78
22624,12.07
22625,12.52
22626,12.14
22627,12.4
22628,12.62
22629,11.29
22630,11.91
22631,11.87
22632,12.35
22633,11.93
22634,11.73
22635,12.33
22636,12.42
22637,12.52
22638,12.19
22639,12.37
22640,12.31
22641,12.12
22642,11.4
22643,11.65
22644,12.86
22645,13.97
22646,15.37
22647,18.05
22648,20.32
22649,22.09
22650,23.95
22651,24.97
22652,25.47
22653,25.45
22654,25.53
22655,25.4
22656,25.4
22657,25.45
22658,24.98
22659,23.36
22660,23.32
22661,21.4
22662,20.96
22663,21.26
22664,19.47
22665,16.12
22666,13.74
22667,13.6
22668,14.06
22669,13.7
22670,13.0
22671,13.1
22672,13.62
22673,13.87
22674,12.53
22675,13.09
22676,12.91
22677,12.36
22678,13.34
22679,14.05
22680,14.06
22681,12.93
22682,13.27
22683,13.41
22684,14.06
22685,13.36
22686,13.58
22687,13.29
22688,13.23
22689,13.94
22690,12.71
22691,13.05
22692,13.49
22693,12.36
22694,13.48
22695,13.0
22696,13.33
22697,13.67
22698,12.61
22699,13.01
22700,12.7
22701,12.36
22702,12.71
22703,13.31
22704,12.79
22705,13.31
22706,13.69
22707,13.05
22708,12.7
22709,12.85
22710,13.33
22711,12.73
22712,12.86
22713,13.59
22714,12.49
22715,13.4
22716,13.48
22717,12.99
22718,12.84
22719,13.18
22720,13.39
22721,13.68
22722,12.8
22723,12.49
22724,13.38
22725,13.43
22726,13.09
22727,12.36
22728,12.48
22729,12.74
22730,13.05
22731,13.08
22732,12.36
22733,12.78
22734,13.28
22735,12.5
22736,12.98
22737,13.19
22738,13.11
22739,15.05
22740,17.96
22741,20.0
22742,21.25
22743,23.27
22744,24.98
22745,25.89
22746,26.53
22747,26.55
22748,26.58
22749,26.5
22750,25.66
22751,25.14
22752,23.45
22753,22.54
22754,22.52
22755,21.66
22756,20.96
22757,19.48
22758,16.27
22759,14.59
22760,14.44
22761,13.44
22762,15.14
22763,13.44
22764,14.28
22765,14.41
22766,14.42
22767,14.14
22768,13.69
22769,15.14
22770,13.67
22771,13.44
22772,13.94
22773,14.52
22774,14.22
22775,14.4
22776,14.79
22777,14.64
22778,13.65
22779,14.27
22780,14.07
22781,14.27
22782,14.09
22783,13.6
22784,15.07
22785,14.15
22786,13.93
22787,14.44
22788,14.8
22789,14.43
22790,14.55
22791,14.41
22792,14.57
22793,14.18
22794,13.84
22795,14.12
22796,13.49
22797,13.47
22798,14.24
22799,13.92
22800,14.12
22801,14.43
22802,14.56
22803,14.22
22804,15.14
22805,17.06
22806,17.81
22807,20.67
22808,23.06
22809,23.69
22810,25.41
22811,25.41
22812,25.4
22813,25.58
22814,25.58
22815,25.46
22816,25.45
22817,24.85
22818,24.64
22819,23.71
22820,22.1
22821,20.95
22822,20.21
22823,19.77
22824,16.41
22825,15.5
22826,15.17
22827,15.37
22828,16.21
22829,15.88
22830,15.39
22831,16.21
22832,15.45
22833,14.99
22834,14.71
22835,15.66
22836,15.65
22837,15.04
22838,14.51
22839,16.21
22840,15.42
22841,16.21
22842,15.39
22843,15.87
22844,15.98
22845,15.86
22846,14.97
22847,15.69
22848,15.0
22849,14.96
22850,15.62
22851,16.21
22852,14.51
22853,14.88
22854,16.13
22855,15.84
22856,14.93
22857,16.49
22858,19.05
22859,21.62
22860,23.7
22861,25.8
22862,27.62
22863,28.24
22864,27.46
22865,27.6
22866,27.51
22867,27.55
22868,27.48
22869,27.48
22870,26.98
22871,26.21
22872,24.62
22873,23.73
22874,23.71
22875,22.78
22876,21.77
22877,20.81
22878,17.53
22879,17.28
22880,16.31
22881,16.96
22882,16.58
22883,16.28
22884,16.56
22885,16.79
22886,16.03
22887,15.58
22888,16.31
22889,16.27
22890,16.07
22891,16.37
22892,15.72
22893,16.15
22894,17.19
22895,15.84
22896,16.33
22897,16.1
22898,17.28
22899,16.38
22900,17.28
22901,16.7
22902,16.32
22903,15.89
22904,15.77
22905,16.13
22906,16.44
22907,15.58
22908,16.43
22909,16.24
22910,16.59
22911,15.78
22912,16.6
22913,17.18
22914,16.35
22915,15.58
22916,17.28
22917,15.87
22918,15.91
22919,16.18
22920,15.79
22921,16.56
22922,16.77
22923,16.01
22924,17.04
22925,16.06
22926,16.69
22927,16.48
22928,16.15
22929,17.01
22930,16.22
22931,15.58
22932,16.22
22933,18.71
22934,20.69
22935,21.7
22936,24.66
22937,26.95
22938,27.52
22939,29.95
22940,32.36
22941,34.61
22942,35.68
22943,37.52
22944,39.26
22945,38.46
22946,38.55
22947,37.4
22948,36.73
22949,35.86
22950,35.31
22951,33.5
22952,31.95
22953,31.63
22954,30.84
22955,29.91
22956,29.09
22957,25.61
22958,22.65
22959,19.4
22960,17.81
22961,17.37
22962,17.2
22963,17.29
22964,18.31
22965,17.92
22966,17.32
22967,17.31
22968,18.14
22969,16.75
22970,18.27
22971,17.74
22972,17.41
22973,18.04
22974,18.35
22975,16.89
22976,17.13
22977,18.35
22978,17.76
22979,17.04
22980,16.84
22981,17.2
22982,17.86
22983,17.34
22984,17.6
22985,17.56
22986,18.02
22987,17.36
22988,17.13
22989,17.32
22990,16.7
22991,17.5
22992,16.67
22993,17.69
22994,17.0
22995,17.35
22996,17.69
22997,16.88
22998,18.25
22999,17.7
23000,18.35
23001,17.87
23002,16.65
23003,18.93
23004,21.83
23005,23.99
23006,23.58
23007,23.53
23008,23.44
23009,23.55
23010,23.47
23011,23.56
23012,23.5
23013,23.6
23014,23.46
23015,23.48
23016,23.29
23017,21.73
23018,21.94
23019,20.33
23020,20.21
23021,18.32
23022,18.49
23023,15.24
23024,11.33
23025,9.91
23026,10.63
23027,9.64
23028,9.93
23029,9.48
23030,10.0
23031,9.95
23032,9.81
23033,9.39
23034,9.65
23035,10.8
23036,9.78
23037,9.21
23038,10.67
23039,9.7
23040,9.65
23041,9.89
23042,9.15
23043,10.13
23044,9.35
23045,9.74
23046,10.25
23047,10.51
23048,9.73
23049,9.72
23050,9.81
23051,9.64
23052,9.52
23053,9.9
23054,9.4
23055,10.32
23056,9.74
23057,10.29
23058,10.42
23059,9.54
23060,9.96
23061,9.52
23062,9.18
23063,9.67
23064,9.51
23065,9.89
23066,10.74
23067,9.76
23068,10.17
23069,10.76
23070,10.5
23071,10.2
23072,9.94
23073,10.3
23074,11.66
23075,14.43
23076,15.42
23077,17.99
23078,19.98
23079,21.41
23080,24.31
23081,25.17
23082,24.54
23083,24.46
23084,24.56
23085,24.43
23086,24.59
23087,24.46
23088,24.22
23089,22.59
23090,22.46
23091,20.99
23092,21.21
23093,19.84
23094,18.06
23095,15.35
23096,12.75
23097,9.61
23098,6.06
23099,2.64
23100,0.0
23101,0.0
23102,0.0
23103,0.0
23104,0.0
23105,0.0
23106,0.0
23107,0.0
23108,0.0
23109,0.0
23110,0.0
23111,0.0
23112,0.0
23113,0.0
23114,0.0
23115,0.0
23116,0.0
23117,0.0
23118,0.0
23119,0.0
23120,0.0
23121,0.0
23122,0.0
23123,0.0
23124,0.0
23125,0.0
23126,0.0
23127,0.0
23128,0.0
23129,0.0
23130,0.0
23131,0.0
23132,0.0
23133,0.0
23134,0.0
23135,0.0
23136,0.0
23137,0.0
23138,0.0
23139,0.0
23140,0.0
23141,0.0
23142,0.0
23143,0.0
23144,0.0
23145,0.0
23146,0.0
23147,0.0
23148,0.0
23149,0.0
23150,0.0
23151,0.0
23152,0.0
23153,0.0
23154,0.0
23155,0.0
23156,0.0
23157,0.0
23158,0.0
23159,0.0
23160,0.0
23161,0.0
23162,0.0
23163,0.0
23164,0.0
23165,0.0
23166,0.0
23167,0.0
23168,0.0
23169,0.0
23170,1.8
23171,3.77
23172,6.36
23173,8.31
23174,9.66
23175,12.28
23176,14.5
23177,16.69
23178,17.8
23179,19.41
23180,21.51
23181,22.91
23182,25.61
23183,27.34
23184,29.0
23185,30.34
23186,30.53
23187,30.55
23188,30.4
23189,30.49
23190,30.4
23191,30.48
23192,29.77
23193,28.93
23194,28.14
23195,27.27
23196,26.74
23197,25.3
23198,23.74
23199,22.85
23200,20.93
23201,17.09
23202,14.78
23203,9.89
23204,7.93
23205,4.15
23206,1.16
23207,0.0
23208,0.0
23209,0.0
23210,0.0
23211,0.0
23212,0.0
23213,0.0
23214,0.0
23215,0.0
23216,0.0
23217,0.0
23218,0.0
23219,0.0
23220,0.0
23221,0.0
23222,0.0
23223,0.0
23224,0.0
23225,0.0
23226,0.0
23227,0.0
23228,0.0
23229,0.0
23230,0.0
23231,0.0
23232,0.0
23233,0.0
23234,0.0
23235,0.0
23236,0.0
23237,0.0
23238,0.0
23239,0.0
23240,0.0
23241,0.0
23242,0.0
23243,0.0
23244,0.0
23245,0.0
23246,0.0
23247,0.0
23248,0.0
23249,0.0
23250,0.0
23251,0.0
23252,0.0
23253,0.0
23254,0.0
23255,0.0
23256,0.0
23257,0.0
23258,0.0
23259,0.0
23260,0.0
23261,0.0
23262,0.0
23263,0.0
23264,0.0
23265,0.0
23266,0.0
23267,0.0
23268,0.0
23269,0.0
23270,0.0
23271,0.0
23272,0.0
23273,0.0
23274,0.0
23275,0.0
23276,0.0
23277,0.0
23278,0.0
23279,0.0
23280,0.0
23281,0.0
23282,0.0
23283,0.0
23284,0.0
23285,0.0
23286,0.0
23287,0.0
23288,0.0
23289,0.0
23290,0.0
23291,0.0
23292,0.0
23293,0.0
23294,0.0
23295,0.0
23296,0.0
23297,0.0
23298,0.0
23299,0.0
23300,0.0
23301,0.0
23302,0.0
23303,0.0
23304,0.0
23305,0.0
23306,0.0
23307,0.0
23308,0.0
23309,0.0
23310,0.0
23311,0.0
23312,0.0
23313,0.0
23314,0.0
23315,0.0
23316,0.0
23317,0.0
23318,0.0
23319,0.0
23320,0.0
23321,0.0
23322,0.0
23323,0.0
23324,0.0
23325,0.0
23326,0.0
23327,0.0
23328,0.0
23329,0.0
23330,0.0
23331,0.0
23332,0.0
23333,0.0
23334,0.0
23335,0.0
23336,0.0
23337,0.0
23338,0.0
23339,0.0
23340,0.0
23341,0.0
23342,0.0
23343,0.0
23344,0.0
23345,0.0
23346,0.0
23347,0.0
23348,0.0
23349,0.0
23350,0.0
23351,0.0
23352,0.0
23353,0.0
23354,0.0
23355,0.0
23356,0.0
23357,0.0
23358,0.0
23359,0.0
23360,0.0
23361,0.0
23362,0.0
23363,0.0
23364,0.0
23365,0.0
23366,0.0
23367,0.0
23368,0.0
23369,0.0
23370,0.0
23371,0.0
23372,0.0
23373,0.0
23374,0.0
23375,0.0
23376,0.0
23377,0.0
23378,0.0
23379,0.0
23380,0.0
23381,0.0
23382,0.0
23383,0.0
23384,0.0
23385,0.0
23386,0.0
23387,0.0
23388,0.0
23389,0.0
23390,0.0
23391,0.0
23392,0.0
23393,0.0
23394,0.0
23395,0.0
23396,0.0
23397,0.0
23398,0.0
23399,0.0
23400,0.0
23401,0.0
23402,2.69
23403,4.38
23404,5.82
23405,8.08
23406,10.43
23407,12.57
23408,13.33
23409,15.51
23410,17.77
23411,20.27
23412,21.92
23413,23.14
23414,25.58
23415,27.9
23416,29.13
23417,29.54
23418,29.55
23419,29.53
23420,29.5
23421,29.48
23422,27.47
23423,26.82
23424,26.92
23425,25.24
23426,24.7
23427,23.24
23428,23.51
23429,20.06
23430,15.73
23431,12.64
23432,13.08
23433,12.62
23434,13.45
23435,13.88
23436,13.06
23437,12.36
23438,12.78
23439,13.45
23440,12.9
23441,12.37
23442,13.39
23443,13.96
23444,14.06
23445,13.26
23446,13.41
23447,13.19
23448,12.61
23449,13.64
23450,12.55
23451,14.0
23452,13.23
23453,12.8
23454,13.23
23455,14.01
23456,13.64
23457,13.16
23458,13.51
23459,15.72
23460,17.52
23461,18.75
23462,21.98
23463,23.17
23464,25.51
23465,25.25
23466,25.44
23467,25.6
23468,25.6
23469,25.59
23470,25.51
23471,25.46
23472,25.35
23473,24.29
23474,22.55
23475,22.4
23476,21.4
23477,20.72
23478,19.4
23479,15.82
23480,15.14
23481,14.09
23482,14.92
23483,14.22
23484,13.76
23485,14.37
23486,14.18
23487,14.23
23488,14.36
23489,14.82
23490,13.59
23491,14.16
23492,13.88
23493,14.36
23494,14.39
23495,13.88
23496,14.99
23497,14.18
23498,14.12
23499,15.14
23500,14.17
23501,14.95
23502,14.68
23503,14.26
23504,13.83
23505,14.63
23506,13.7
23507,13.97
23508,15.04
23509,15.14
23510,14.57
23511,13.95
23512,14.6
23513,13.44
23514,14.54
23515,14.54
23516,13.66
23517,13.48
23518,13.96
23519,14.34
23520,16.12
23521,17.99
23522,20.79
23523,22.51
23524,22.6
23525,22.42
23526,22.6
23527,22.6
23528,22.48
23529,22.53
23530,22.56
23531,22.44
23532,22.22
23533,17.46
23534,11.13
23535,6.97
23536,2.03
23537,0.0
23538,0.0
23539,0.0
23540,0.0
23541,0.0
23542,0.0
23543,0.0
23544,0.0
23545,0.0
23546,0.0
23547,0.0
23548,0.0
23549,0.0
23550,0.0
23551,0.0
23552,0.0
23553,0.0
23554,0.0
23555,0.0
23556,0.0
23557,0.0
23558,0.0
23559,0.0
23560,0.0
23561,0.0
23562,0.0
23563,0.0
23564,0.0
23565,0.0
23566,0.0
23567,0.0
23568,0.0
23569,0.0
23570,0.0
23571,0.0
23572,0.0
23573,0.0
23574,0.0
23575,0.0
23576,0.0
23577,0.0
23578,0.0
23579,0.0
23580,0.0
23581,0.0
23582,0.0
23583,0.0
23584,0.0
23585,0.0
23586,0.0
23587,0.0
23588,0.0
23589,0.0
23590,0.0
23591,0.0
23592,0.0
23593,0.0
23594,0.0
23595,0.0
23596,0.0
23597,0.0
23598,0.0
23599,0.0
23600,0.0
23601,0.0
23602,0.0
23603,0.0
23604,0.0
23605,0.0
23606,0.0
23607,0.0
23608,0.0
23609,0.0
23610,0.0
23611,0.0
23612,0.0
23613,0.0
23614,0.0
23615,0.0
23616,0.0
23617,0.0
23618,0.0
23619,0.0
23620,0.0
23621,0.0
23622,0.0
23623,0.0
23624,0.0
23625,0.0
23626,0.0
23627,0.0
23628,0.0
23629,0.0
23630,0.0
23631,0.0
23632,0.0
23633,0.0
23634,0.0
23635,0.0
23636,0.0
23637,0.0
23638,0.0
23639,0.0
23640,0.0
23641,0.0
23642,0.0
23643,0.0
23644,2.49
23645,3.91
23646,6.62
23647,8.36
23648,9.56
23649,11.41
23650,14.52
23651,16.67
23652,17.95
23653,19.58
23654,21.55
23655,24.16
23656,25.64
23657,28.35
23658,27.4
23659,27.46
23660,27.42
23661,27.46
23662,27.47
23663,27.49
23664,26.49
23665,26.09
23666,25.15
23667,25.0
23668,23.4
23669,21.86
23670,21.78
23671,21.27
23672,16.94
23673,15.87
23674,16.67
23675,16.71
23676,15.58
23677,16.26
23678,15.66
23679,16.63
23680,16.14
23681,15.58
23682,17.28
23683,17.2
23684,16.93
23685,16.37
23686,16.18
23687,16.35
23688,18.61
23689,20.62
23690,22.43
23691,24.68
23692,26.69
23693,27.66
23694,30.76
23695,32.45
23696,32.83
23697,32.42
23698,32.6
23699,32.59
23700,32.6
23701,32.55
23702,32.53
23703,32.48
23704,32.57
23705,32.5
23706,32.44
23707,32.47
23708,32.54
23709,32.49
23710,32.48
23711,32.6
23712,32.45
23713,32.47
23714,32.47
23715,32.57
23716,31.64
23717,30.2
23718,30.1
23719,29.79
23720,28.51
23721,27.18
23722,25.53
23723,25.62
23724,25.28
23725,21.62
23726,18.4
23727,18.06
23728,16.76
23729,17.66
23730,16.65
23731,17.4
23732,18.15
23733,19.69
23734,22.31
23735,23.91
23736,25.41
23737,27.63
23738,28.2
23739,27.56
23740,27.48
23741,27.45
23742,27.53
23743,27.53
23744,27.5
23745,27.31
23746,25.79
23747,24.74
23748,24.54
23749,23.58
23750,22.54
23751,22.35
23752,21.01
23753,17.59
23754,15.3
23755,10.6
23756,9.95
23757,9.24
23758,9.9
23759,9.44
23760,10.31
23761,9.75
23762,9.33
23763,10.25
23764,10.85
23765,10.4
23766,10.21
23767,10.09
23768,10.25
23769,10.06
23770,10.0
23771,9.82
23772,10.27
23773,10.66
23774,10.2
23775,9.15
23776,10.36
23777,9.38
23778,9.35
23779,9.44
23780,9.4
23781,10.71
23782,12.11
23783,13.54
23784,15.75
23785,18.16
23786,19.2
23787,22.33
23788,23.16
23789,26.28
23790,27.77
23791,30.06
23792,31.98
23793,33.44
23794,35.85
23795,37.09
23796,37.97
23797,39.05
23798,38.53
23799,38.51
23800,37.34
23801,36.68
23802,36.36
23803,34.53
23804,34.04
23805,32.24
23806,32.61
23807,31.83
23808,30.31
23809,28.73
23810,25.12
23811,22.64
23812,19.27
23813,16.91
23814,12.28
23815,10.97
23816,11.47
23817,10.67
23818,10.23
23819,11.21
23820,11.51
23821,10.86
23822,11.11
23823,10.96
23824,10.65
23825,10.78
23826,10.59
23827,11.73
23828,10.34
23829,11.19
23830,11.48
23831,10.87
23832,11.16
23833,10.73
23834,10.56
23835,10.98
23836,11.18
23837,11.35
23838,11.92
23839,10.38
23840,11.5
23841,10.86
23842,11.63
23843,10.63
23844,10.6
23845,11.49
23846,11.58
23847,11.2
23848,11.13
23849,11.4
23850,11.35
23851,10.6
23852,11.92
23853,11.89
23854,10.28
23855,11.38
23856,11.62
23857,10.81
23858,11.62
23859,10.94
23860,10.44
23861,11.68
23862,11.3
23863,11.8
23864,11.53
23865,10.71
23866,11.33
23867,11.92
23868,10.94
23869,13.62
23870,14.66
23871,16.83
23872,19.5
23873,20.55
23874,23.47
23875,25.25
23876,25.92
23877,26.42
23878,26.45
23879,26.57
23880,26.49
23881,25.74
23882,25.21
23883,24.13
23884,23.85
23885,22.37
23886,21.43
23887,20.8
23888,19.69
23889,17.45
23890,14.07
23891,12.38
23892,11.92
23893,12.08
23894,11.64
23895,12.09
23896,11.84
23897,11.7
23898,11.95
23899,12.07
23900,11.85
23901,12.36
23902,11.91
23903,11.6
23904,12.2
23905,11.54
23906,12.01
23907,11.29
23908,12.26
23909,12.79
23910,12.9
23911,11.32
23912,12.24
23913,12.13
23914,11.39
23915,12.21
23916,11.95
23917,11.56
23918,11.73
23919,12.61
23920,12.88
23921,12.39
23922,12.99
23923,12.79
23924,12.4
23925,11.94
23926,12.2
23927,11.29
23928,12.04
23929,12.47
23930,11.59
23931,12.88
23932,12.29
23933,12.26
23934,11.4
23935,11.34
23936,12.44
23937,12.81
23938,11.8
23939,11.9
23940,12.77
23941,12.84
23942,11.3
23943,11.41
23944,14.56
23945,16.48
23946,18.22
23947,20.61
23948,21.88
23949,24.3
23950,26.29
23951,27.83
23952,28.05
23953,28.53
23954,28.46
23955,28.6
23956,28.4
23957,28.4
23958,28.4
23959,28.32
23960,26.77
23961,26.64
23962,25.67
23963,23.47
23964,23.44
23965,23.23
23966,21.75
23967,18.24
23968,15.81
23969,13.48
23970,12.99
23971,13.7
23972,14.06
23973,12.95
23974,13.28
23975,13.83
23976,13.13
23977,13.56
23978,13.64
23979,12.69
23980,13.94
23981,13.69
23982,13.44
23983,13.01
23984,13.4
23985,12.66
23986,12.62
23987,13.29
23988,12.36
23989,13.51
23990,14.06
23991,12.76
23992,14.06
23993,12.63
23994,13.41
23995,12.83
23996,12.52
23997,12.8
23998,12.58
23999,12.36
24000,13.22
24001,13.03
24002,13.27
24003,13.68
24004,13.36
24005,12.85
24006,12.36
24007,13.93
24008,13.62
24009,13.41
24010,12.54
24011,12.67
24012,15.19
24013,17.78
24014,18.39
24015,20.6
24016,23.96
24017,25.29
24018,26.52
24019,27.84
24020,27.55
24021,27.4
24022,27.42
24023,27.49
24024,27.56
24025,27.54
24026,27.37
24027,25.19
24028,24.3
24029,24.08
24030,23.5
24031,22.66
24032,21.79
24033,21.01
24034,17.69
24035,13.6
24036,14.02
24037,14.75
24038,14.45
24039,14.34
24040,13.67
24041,14.46
24042,13.44
24043,14.76
24044,14.99
24045,13.96
24046,14.81
24047,14.14
24048,14.16
24049,14.2
24050,14.61
24051,14.46
24052,14.18
24053,13.48
24054,14.51
24055,13.64
24056,15.04
24057,14.28
24058,14.17
24059,14.3
24060,14.62
24061,14.14
24062,14.14
24063,14.14
24064,14.1
24065,14.0
24066,14.54
24067,13.64
24068,14.5
24069,14.31
24070,15.1
24071,13.46
24072,13.79
24073,13.77
24074,14.36
24075,14.67
24076,14.57
24077,14.37
24078,13.81
24079,14.69
24080,14.38
24081,14.19
24082,13.98
24083,14.33
24084,14.1
24085,13.88
24086,14.1
24087,15.09
24088,13.83
24089,14.49
24090,13.67
24091,14.17
24092,13.94
24093,14.15
24094,14.37
24095,14.65
24096,14.63
24097,14.75
24098,14.39
24099,16.6
24100,18.47
24101,21.08
24102,21.87
24103,23.51
24104,26.45
24105,28.35
24106,30.55
24107,31.59
24108,32.05
24109,32.52
24110,32.54
24111,32.4
24112,32.44
24113,32.53
24114,32.52
24115,32.48
24116,32.46
24117,32.53
24118,32.55
24119,32.59
24120,32.57
24121,32.47
24122,32.48
24123,32.42
24124,32.48
24125,32.56
24126,32.49
24127,32.46
24128,31.52
24129,26.69
24130,21.37
24131,16.97
24132,12.92
24133,6.67
24134,2.07
24135,0.0
24136,0.0
24137,0.0
24138,0.0
24139,0.0
24140,0.0
24141,0.0
24142,0.0
24143,0.0
24144,0.0
24145,0.0
24146,0.0
24147,0.0
24148,0.0
24149,0.0
24150,0.0
24151,0.0
24152,0.0
24153,0.0
24154,0.0
24155,0.0
24156,0.0
24157,0.0
24158,0.0
24159,0.0
24160,0.0
24161,0.0
24162,0.0
24163,0.0
24164,0.0
24165,0.0
24166,0.0
24167,0.0
24168,0.0
24169,0.0
24170,0.0
24171,0.0
24172,0.0
24173,0.0
24174,0.0
24175,0.0
24176,0.0
24177,0.0
24178,0.0
24179,0.0
24180,0.0
24181,0.0
24182,0.0
24183,0.0
24184,0.0
24185,0.0
24186,0.0
24187,0.0
24188,0.0
24189,0.0
24190,0.0
24191,0.0
24192,0.0
24193,0.0
24194,0.0
24195,0.0
24196,0.0
24197,0.0
24198,0.0
24199,0.0
24200,0.0
24201,0.0
24202,0.0
24203,0.0
24204,0.0
24205,0.0
24206,0.0
24207,0.0
24208,0.0
24209,2.55
24210,4.81
24211,6.79
24212,8.07
24213,10.41
24214,11.5
24215,14.71
24216,15.96
24217,18.26
24218,19.56
24219,21.55
24220,22.78
24221,23.4
24222,23.51
24223,23.44
24224,23.59
24225,23.49
24226,23.53
24227,23.48
24228,23.54
24229,23.56
24230,21.84
24231,21.55
24232,20.89
24233,19.57
24234,19.08
24235,18.61
24236,18.46
24237,16.16
24238,16.42
24239,15.85
24240,15.58
24241,16.71
24242,16.07
24243,16.24
24244,15.83
24245,16.43
24246,16.19
24247,16.48
24248,16.97
24249,17.02
24250,17.28
24251,16.52
24252,16.47
24253,16.8
24254,15.87
24255,16.02
24256,16.26
24257,15.78
24258,17.03
24259,16.4
24260,16.08
24261,17.03
24262,17.04
24263,17.19
24264,16.62
24265,16.34
24266,16.92
24267,16.2
24268,15.79
24269,16.73
24270,16.1
24271,16.09
24272,16.85
24273,16.56
24274,16.75
24275,16.53
24276,16.29
24277,15.61
24278,15.85
24279,16.92
24280,16.13
24281,16.74
24282,17.28
24283,16.67
24284,15.84
24285,16.38
24286,16.64
24287,16.29
24288,16.18
24289,15.86
24290,15.67
24291,16.54
24292,17.28
24293,16.35
24294,17.1
24295,17.28
24296,16.23
24297,16.61
24298,16.39
24299,16.24
24300,16.35
24301,17.94
24302,20.29
24303,22.19
24304,23.88
24305,25.96
24306,28.23
24307,30.76
24308,31.84
24309,34.25
24310,35.73
24311,36.85
24312,37.47
24313,37.5
24314,37.47
24315,37.5
24316,37.49
24317,37.4
24318,37.44
24319,37.54
24320,37.53
24321,37.5
24322,37.49
24323,37.48
24324,37.51
24325,37.44
24326,37.51
24327,37.6
24328,37.57
24329,37.44
24330,36.37
24331,36.04
24332,34.65
24333,33.01
24334,32.52
24335,31.88
24336,30.75
24337,30.11
24338,29.88
24339,25.41
24340,23.19
24341,19.24
24342,17.13
24343,17.59
24344,17.01
24345,17.21
24346,17.77
24347,17.79
24348,18.35
24349,16.97
24350,17.73
24351,17.68
24352,17.96
24353,17.34
24354,17.47
24355,17.84
24356,18.35
24357,18.09
24358,17.45
24359,17.36
24360,18.35
24361,17.66
24362,18.21
24363,17.69
24364,17.48
24365,16.65
24366,17.75
24367,17.77
24368,17.07
24369,17.84
24370,17.04
24371,17.37
24372,17.9
24373,17.15
24374,17.68
24375,16.72
24376,17.77
24377,17.43
24378,18.26
24379,16.77
24380,16.72
24381,17.57
24382,17.38
24383,18.24
24384,18.3
24385,18.03
24386,17.96
24387,17.41
24388,18.35
24389,17.11
24390,17.01
24391,16.99
24392,17.34
24393,17.27
24394,17.17
24395,17.23
24396,18.01
24397,17.35
24398,16.84
24399,18.35
24400,17.43
24401,17.77
24402,16.98
24403,17.33
24404,17.79
24405,18.06
24406,17.35
24407,19.98
24408,21.96
24409,23.91
24410,23.58
24411,23.48
24412,23.42
24413,23.41
24414,23.53
24415,23.53
24416,23.54
24417,23.53
24418,23.44
24419,23.55
24420,22.73
24421,17.28
24422,13.82
24423,9.91
24424,9.52
24425,10.15
24426,9.3
24427,9.73
24428,10.06
24429,9.36
24430,9.48
24431,10.06
24432,10.32
24433,10.23
24434,10.62
24435,9.26
24436,10.18
24437,9.63
24438,10.09
24439,10.21
24440,9.88
24441,10.3
24442,9.99
24443,9.19
24444,10.23
24445,9.53
24446,10.85
24447,9.4
24448,9.68
24449,9.66
24450,10.39
24451,9.44
24452,10.85
24453,9.96
24454,10.15
24455,10.85
24456,9.15
24457,9.15
24458,9.44
24459,10.61
24460,9.38
24461,9.69
24462,10.21
24463,9.62
24464,10.13
24465,10.47
24466,11.51
24467,14.07
24468,15.57
24469,17.33
24470,20.05
24471,21.89
24472,23.82
24473,25.27
24474,28.11
24475,28.97
24476,32.63
24477,33.4
24478,34.24
24479,34.5
24480,34.4
24481,34.51
24482,34.52
24483,34.47
24484,34.54
24485,34.45
24486,34.48
24487,34.51
24488,34.41
24489,34.4
24490,34.45
24491,34.5
24492,34.47
24493,34.53
24494,34.49
24495,34.55
24496,34.52
24497,34.57
24498,34.56
24499,34.45
24500,34.49
24501,34.55
24502,34.57
24503,34.5
24504,34.48
24505,34.57
24506,34.49
24507,34.42
24508,34.51
24509,34.56
24510,34.48
24511,34.46
24512,34.51
24513,33.91
24514,32.72
24515,31.73
24516,31.64
24517,30.03
24518,29.03
24519,27.83
24520,27.36
24521,27.07
24522,22.82
24523,20.55
24524,16.6
24525,13.15
24526,10.81
24527,11.42
24528,11.45
24529,10.31
24530,11.21
24531,10.22
24532,10.53
24533,10.68
24534,11.15
24535,11.21
24536,10.92
24537,10.22
24538,10.97
24539,10.71
24540,11.53
24541,10.22
24542,12.7
24543,15.8
24544,16.86
24545,18.56
24546,21.3
24547,23.28
24548,25.61
24549,27.29
24550,28.56
24551,30.76
24552,32.44
24553,33.79
24554,36.55
24555,37.35
24556,37.47
24557,37.53
24558,37.48
24559,37.48
24560,37.48
24561,37.46
24562,37.56
24563,37.46
24564,37.56
24565,37.46
24566,37.51
24567,37.51
24568,37.48
24569,37.47
24570,37.4
24571,37.44
24572,37.52
24573,35.98
24574,36.24
24575,35.08
24576,34.01
24577,33.62
24578,31.71
24579,31.81
24580,29.72
24581,30.05
24582,25.91
24583,22.52
24584,19.66
24585,16.08
24586,12.65
24587,11.78
24588,12.29
24589,12.14
24590,12.65
24591,12.48
24592,11.58
24593,11.36
24594,11.29
24595,12.99
24596,12.82
24597,12.57
24598,12.47
24599,12.38
24600,12.65
24601,12.93
24602,12.24
24603,12.22
24604,11.44
24605,12.23
24606,12.05
24607,12.79
24608,12.06
24609,12.71
24610,11.29
24611,11.95
24612,12.66
24613,11.68
24614,12.71
24615,11.59
24616,11.92
24617,11.66
24618,12.32
24619,11.29
24620,12.51
24621,12.86
24622,12.33
24623,12.99
24624,11.8
24625,12.11
24626,12.19
24627,11.96
24628,12.09
24629,11.38
24630,14.47
24631,15.25
24632,18.91
24633,20.52
24634,21.94
24635,24.62
24636,24.92
24637,24.48
24638,24.4
24639,24.6
24640,24.44
24641,24.41
24642,24.44
24643,23.84
24644,23.3
24645,22.03
24646,21.38
24647,20.8
24648,19.56
24649,18.73
24650,15.96
24651,12.99
24652,13.57
24653,12.95
24654,12.66
24655,12.91
24656,13.15
24657,13.73
24658,13.91
24659,13.19
24660,13.26
24661,12.6
24662,13.63
24663,13.05
24664,13.68
24665,12.57
24666,13.08
24667,12.87
24668,13.74
24669,14.06
24670,13.94
24671,13.17
24672,12.82
24673,13.24
24674,13.88
24675,12.97
24676,12.75
24677,13.32
24678,14.06
24679,12.78
24680,13.24
24681,12.43
24682,12.73
24683,12.88
24684,12.9
24685,13.31
24686,13.24
24687,13.3
24688,13.49
24689,13.11
24690,12.36
24691,13.03
24692,12.88
24693,13.63
24694,13.13
24695,12.43
24696,12.8
24697,15.06
24698,17.04
24699,19.25
24700,21.82
24701,22.58
24702,22.4
24703,22.51
24704,22.59
24705,22.45
24706,22.5
24707,22.46
24708,22.58
24709,22.04
24710,20.94
24711,20.1
24712,19.1
24713,19.4
24714,17.7
24715,16.76
24716,15.13
24717,14.16
24718,14.6
24719,14.06
24720,14.33
24721,15.14
24722,14.22
24723,15.14
24724,13.5
24725,14.6
24726,14.43
24727,14.75
24728,14.34
24729,14.44
24730,13.95
24731,13.5
24732,13.44
24733,13.96
24734,13.46
24735,13.81
24736,14.55
24737,14.4
24738,14.34
24739,14.44
24740,14.38
24741,14.78
24742,14.62
24743,13.8
24744,13.44
24745,14.55
24746,14.73
24747,13.83
24748,14.68
24749,13.69
24750,13.95
24751,14.19
24752,14.96
24753,14.38
24754,14.71
24755,14.0
24756,13.59
24757,13.97
24758,15.14
24759,13.57
24760,14.32
24761,14.61
24762,13.94
24763,15.14
24764,14.15
24765,14.28
24766,13.97
24767,14.44
24768,16.38
24769,18.78
24770,20.87
24771,22.49
24772,24.43
24773,25.32
24774,26.45
24775,26.51
24776,26.54
24777,26.47
24778,26.45
24779,25.3
24780,24.92
24781,24.6
24782,22.94
24783,22.3
24784,22.07
24785,20.62
24786,19.15
24787,16.89
24788,15.74
24789,15.42
24790,15.31
24791,14.66
24792,15.5
24793,15.57
24794,15.45
24795,15.53
24796,14.52
24797,15.38
24798,16.09
24799,15.13
24800,15.45
24801,15.74
24802,15.67
24803,15.75
24804,15.03
24805,15.48
24806,15.25
24807,14.76
24808,15.33
24809,15.2
24810,15.44
24811,15.36
24812,15.41
24813,15.48
24814,15.99
24815,15.42
24816,14.82
24817,15.5
24818,16.02
24819,15.18
24820,14.93
24821,15.82
24822,14.93
24823,14.7
24824,14.51
24825,15.05
24826,15.64
24827,14.51
24828,15.31
24829,15.82
24830,14.78
24831,15.14
24832,14.98
24833,15.87
24834,16.21
24835,15.63
24836,14.98
24837,15.36
24838,15.12
24839,15.12
24840,15.37
24841,15.63
24842,16.06
24843,16.21
24844,15.23
24845,15.35
24846,15.54
24847,15.0
24848,15.49
24849,14.89
24850,15.04
24851,15.04
24852,16.49
24853,18.49
24854,20.86
24855,23.28
24856,24.95
24857,26.39
24858,27.66
24859,27.52
24860,27.5
24861,27.48
24862,27.48
24863,27.47
24864,27.49
24865,26.92
24866,25.95
24867,24.88
24868,24.64
24869,23.23
24870,22.04
24871,22.3
24872,21.1
24873,17.55
24874,17.13
24875,17.0
24876,16.12
24877,16.52
24878,16.12
24879,16.96
24880,16.79
24881,16.33
24882,17.24
24883,16.08
24884,16.62
24885,16.84
24886,16.68
24887,15.99
24888,16.05
24889,17.23
24890,16.33
24891,16.96
24892,16.91
24893,17.24
24894,17.14
24895,16.11
24896,15.88
24897,16.44
24898,16.65
24899,15.81
24900,16.15
24901,16.51
24902,16.85
24903,17.1
24904,15.87
24905,16.26
24906,16.13
24907,16.37
24908,16.32
24909,15.79
24910,17.25
24911,17.28
24912,15.58
24913,16.94
24914,18.89
24915,20.82
24916,22.59
24917,24.74
24918,26.32
24919,28.45
24920,30.28
24921,32.56
24922,34.56
24923,35.54
24924,38.16
24925,37.5
24926,37.53
24927,37.48
24928,37.45
24929,37.45
24930,37.45
24931,37.56
24932,37.44
24933,37.52
24934,37.44
24935,37.43
24936,37.42
24937,37.46
24938,37.51
24939,37.52
24940,37.5
24941,37.4
24942,37.44
24943,36.54
24944,36.25
24945,34.44
24946,33.88
24947,33.14
24948,31.61
24949,31.81
24950,30.51
24951,28.52
24952,26.44
24953,22.56
24954,19.79
24955,17.05
24956,16.97
24957,17.14
24958,16.98
24959,16.91
24960,16.65
24961,16.98
24962,17.6
24963,17.95
24964,18.11
24965,16.87
24966,17.48
24967,17.26
24968,17.72
24969,17.69
24970,16.65
24971,17.5
24972,17.79
24973,17.41
24974,17.99
24975,18.35
24976,16.69
24977,16.65
24978,17.26
24979,16.89
24980,18.11
24981,18.35
24982,17.13
24983,17.34
24984,18.35
24985,17.19
24986,17.36
24987,17.09
24988,18.22
24989,16.65
24990,17.52
24991,17.72
24992,18.22
24993,16.71
24994,17.49
24995,17.74
24996,18.06
24997,17.41
24998,17.86
24999,17.21
25000,17.54
25001,17.46
25002,18.35
25003,18.11
25004,18.11
25005,17.67
25006,18.63
25007,20.97
25008,23.78
25009,24.97
25010,24.4
25011,24.4
25012,24.44
25013,24.4
25014,24.49
25015,24.46
25016,23.88
25017,23.6
25018,22.71
25019,20.7
25020,20.11
25021,19.53
25022,18.95
25023,16.04
25024,12.53
25025,10.05
25026,9.41
25027,12.0
25028,14.34
25029,15.8
25030,18.35
25031,19.79
25032,22.61
25033,23.53
25034,25.79
25035,27.07
25036,29.93
25037,31.54
25038,34.11
25039,35.49
25040,35.92
25041,36.52
25042,36.51
25043,36.45
25044,36.45
25045,36.55
25046,36.43
25047,36.46
25048,36.49
25049,36.55
25050,36.5
25051,36.52
25052,36.55
25053,36.52
25054,36.4
25055,36.56
25056,36.47
25057,36.52
25058,36.55
25059,36.42
25060,36.47
25061,36.48
25062,36.43
25063,36.48
25064,36.46
25065,36.51
25066,36.55
25067,36.52
25068,36.44
25069,36.44
25070,36.44
25071,36.53
25072,36.6
25073,36.52
25074,36.41
25075,36.57
25076,36.46
25077,36.52
25078,36.45
25079,36.5
25080,36.5
25081,36.6
25082,36.45
25083,36.56
25084,36.54
25085,36.52
25086,36.28
25087,35.22
25088,33.55
25089,32.89
25090,31.76
25091,30.09
25092,30.62
25093,29.46
25094,28.42
25095,25.02
25096,21.27
25097,18.43
25098,15.29
25099,11.56
25100,10.74
25101,10.82
25102,10.54
25103,10.51
25104,11.59
25105,11.51
25106,10.51
25107,11.34
25108,10.89
25109,10.43
25110,10.63
25111,13.66
25112,14.85
25113,17.28
25114,19.5
25115,21.35
25116,22.23
25117,25.31
25118,25.37
25119,25.42
25120,25.4
25121,25.43
25122,25.52
25123,25.54
25124,25.48
25125,25.13
25126,23.39
25127,23.4
25128,21.7
25129,22.28
25130,20.51
25131,20.21
25132,16.57
25133,12.8
25134,12.36
25135,11.29
25136,12.71
25137,12.2
25138,11.84
25139,12.06
25140,11.9
25141,12.59
25142,12.05
25143,12.9
25144,12.99
25145,12.26
25146,12.32
25147,12.1
25148,12.54
25149,11.99
25150,11.63
25151,12.43
25152,11.32
25153,11.55
25154,12.6
25155,12.99
25156,12.75
25157,12.01
25158,11.47
25159,11.29
25160,12.22
25161,11.96
25162,12.88
25163,12.17
25164,11.4
25165,11.92
25166,12.9
25167,12.52
25168,11.89
25169,12.5
25170,12.03
25171,12.6
25172,12.81
25173,11.73
25174,12.23
25175,11.57
25176,12.37
25177,12.06
25178,12.53
25179,12.89
25180,11.68
25181,11.29
25182,11.79
25183,12.99
25184,11.64
25185,11.82
25186,12.81
25187,12.71
25188,12.17
25189,12.99
25190,12.25
25191,12.43
25192,11.29
25193,11.66
25194,12.01
25195,12.83
25196,11.85
25197,12.19
25198,12.96
25199,12.05
25200,13.27
25201,16.01
25202,17.71
25203,20.91
25204,22.37
25205,24.3
25206,24.93
25207,24.53
25208,24.55
25209,24.48
25210,24.52
25211,24.47
25212,24.56
25213,23.73
25214,18.79
25215,14.47
25216,13.71
25217,13.57
25218,12.89
25219,13.12
25220,12.6
25221,13.69
25222,13.96
25223,12.66
25224,13.33
25225,13.17
25226,13.29
25227,12.52
25228,13.94
25229,13.6
25230,12.36
25231,13.28
25232,13.48
25233,14.06
25234,13.66
25235,13.34
25236,13.99
25237,12.5
25238,13.79
25239,13.66
25240,13.44
25241,13.36
25242,12.54
25243,13.27
25244,13.3
25245,13.64
25246,13.63
25247,13.5
25248,13.13
25249,12.4
25250,13.26
25251,13.59
25252,12.57
25253,13.25
25254,13.23
25255,13.81
25256,13.15
25257,14.02
25258,13.42
25259,13.34
25260,13.68
25261,12.73
25262,13.67
25263,13.88
25264,12.57
25265,13.74
25266,12.51
25267,13.16
25268,13.62
25269,15.3
25270,17.77
25271,18.82
25272,20.6
25273,22.77
25274,22.59
25275,22.6
25276,22.48
25277,22.46
25278,22.4
25279,22.48
25280,22.57
25281,22.23
25282,21.44
25283,20.62
25284,19.81
25285,19.36
25286,18.19
25287,16.92
25288,13.89
25289,14.18
25290,14.2
25291,14.03
25292,14.06
25293,14.6
25294,13.67
25295,14.18
25296,13.94
25297,14.72
25298,15.07
25299,14.51
25300,14.14
25301,14.41
25302,14.77
25303,14.81
25304,14.55
25305,14.76
25306,14.54
25307,14.61
25308,13.44
25309,14.76
25310,13.61
25311,14.08
25312,14.58
25313,15.05
25314,13.83
25315,13.44
25316,13.94
25317,14.88
25318,14.47
25319,14.39
25320,15.14
25321,13.63
25322,14.46
25323,14.88
25324,14.26
25325,14.28
25326,14.13
25327,14.47
25328,14.35
25329,14.54
25330,14.44
25331,14.56
25332,14.33
25333,14.11
25334,14.86
25335,14.83
25336,14.73
25337,14.11
25338,14.04
25339,14.21
25340,13.71
25341,14.29
25342,14.07
25343,14.52
25344,15.09
25345,13.44
25346,14.41
25347,14.62
25348,15.79
25349,17.89
25350,19.66
25351,22.47
25352,22.25
25353,22.6
25354,22.51
25355,22.48
25356,22.59
25357,22.6
25358,22.4
25359,22.51
25360,21.56
25361,21.02
25362,19.81
25363,20.18
25364,18.2
25365,17.87
25366,16.96
25367,15.22
25368,15.26
25369,15.63
25370,14.71
25371,14.85
25372,14.57
25373,15.26
25374,15.08
25375,16.07
25376,15.71
25377,15.25
25378,14.6
25379,15.16
25380,15.91
25381,15.15
25382,15.04
25383,15.24
25384,15.56
25385,15.98
25386,15.18
25387,15.01
25388,15.04
25389,15.33
25390,15.17
25391,15.71
25392,14.51
25393,15.25
25394,14.97
25395,15.33
25396,15.44
25397,15.67
25398,16.21
25399,16.11
25400,15.69
25401,15.26
25402,14.51
25403,14.51
25404,15.45
25405,15.37
25406,15.56
25407,16.21
25408,15.01
25409,15.18
25410,14.64
25411,15.67
25412,14.76
25413,15.47
25414,15.35
25415,15.37
25416,15.08
25417,17.48
25418,18.81
25419,21.8
25420,24.13
25421,25.12
25422,24.5
25423,24.54
25424,24.44
25425,24.55
25426,24.46
25427,24.4
25428,24.27
25429,23.22
25430,21.38
25431,21.44
25432,20.04
25433,19.46
25434,19.76
25435,15.62
25436,16.34
25437,15.7
25438,16.37
25439,16.27
25440,16.79
25441,16.07
25442,16.56
25443,16.94
25444,16.1
25445,16.24
25446,15.86
25447,16.28
25448,17.28
25449,16.37
25450,16.25
25451,16.62
25452,16.14
25453,16.45
25454,16.09
25455,16.1
25456,16.26
25457,16.21
25458,16.08
25459,16.01
25460,17.11
25461,16.78
25462,15.95
25463,16.07
25464,17.05
25465,16.48
25466,16.1
25467,15.92
25468,15.86
25469,16.32
25470,16.6
25471,15.95
25472,16.15
25473,16.39
25474,15.88
25475,16.44
25476,16.31
25477,15.7
25478,15.66
25479,16.14
25480,17.04
25481,16.68
25482,16.38
25483,16.73
25484,16.98
25485,16.24
25486,16.34
25487,15.96
25488,16.48
25489,16.75
25490,15.82
25491,16.72
25492,17.28
25493,16.26
25494,16.36
25495,17.16
25496,15.96
25497,16.47
25498,16.42
25499,16.44
25500,16.06
25501,15.58
25502,15.8
25503,16.68
25504,16.0
25505,16.78
25506,19.26
25507,20.59
25508,22.38
25509,24.79
25510,26.17
25511,28.81
25512,30.42
25513,31.18
25514,30.53
25515,30.6
25516,30.46
25517,30.44
25518,30.56
25519,30.49
25520,29.73
25521,28.62
25522,27.71
25523,26.99
25524,26.42
25525,25.36
25526,24.71
25527,23.9
25528,20.67
25529,18.24
25530,17.61
25531,17.71
25532,16.65
25533,16.96
25534,17.55
25535,17.91
25536,16.98
25537,17.67
25538,17.15
25539,16.65
25540,17.73
25541,18.23
25542,19.56
25543,21.47
25544,22.97
25545,25.21
25546,25.57
25547,25.54
25548,25.51
25549,25.4
25550,25.58
25551,25.58
25552,25.5
25553,24.34
25554,23.95
25555,23.31
25556,22.27
25557,22.01
25558,20.01
25559,20.23
25560,16.92
25561,13.3
25562,10.35
25563,9.64
25564,10.85
25565,9.34
25566,9.68
25567,10.02
25568,10.85
25569,10.43
25570,9.35
25571,9.92
25572,10.22
25573,9.22
25574,10.35
25575,10.19
25576,9.64
25577,9.93
25578,9.45
25579,10.41
25580,10.16
25581,10.65
25582,9.5
25583,10.03
25584,9.99
25585,11.69
25586,14.76
25587,15.66
25588,17.8
25589,19.05
25590,21.61
25591,22.45
25592,22.56
25593,22.51
25594,22.45
25595,22.49
25596,22.51
25597,22.52
25598,22.46
25599,21.44
25600,21.58
25601,20.35
25602,19.28
25603,17.95
25604,16.93
25605,16.22
25606,13.76
25607,10.22
25608,12.43
25609,15.88
25610,16.36
25611,19.04
25612,21.0
25613,22.73
25614,24.35
25615,26.64
25616,28.48
25617,30.73
25618,30.54
25619,30.49
25620,30.52
25621,30.59
25622,30.55
25623,30.49
25624,30.4
25625,29.42
25626,27.76
25627,26.18
25628,26.24
25629,25.65
25630,24.2
25631,24.44
25632,20.66
25633,17.5
25634,14.1
25635,12.98
25636,12.5
25637,12.48
25638,11.29
25639,11.29
25640,12.53
25641,12.45
25642,11.97
25643,12.66
25644,11.72
25645,12.02
25646,11.61
25647,12.62
25648,11.98
25649,12.38
25650,12.19
25651,11.88
25652,11.5
25653,12.41
25654,13.72
25655,16.95
25656,18.88
25657,19.21
25658,22.52
25659,23.67
25660,26.08
25661,27.13
25662,29.64
25663,29.59
25664,29.56
25665,29.58
25666,29.4
25667,28.58
25668,27.81
25669,26.64
25670,26.54
25671,24.9
25672,24.06
25673,24.05
25674,23.12
25675,19.84
25676,16.96
25677,13.23
25678,15.25
25679,16.7
25680,19.22
25681,21.13
25682,22.23
25683,22.53
25684,22.53
25685,22.46
25686,22.57
25687,22.45
25688,22.56
25689,22.53
25690,21.78
25691,21.12
25692,20.26
25693,18.85
25694,18.65
25695,17.78
25696,16.89
25697,13.87
25698,13.8
25699,14.31
25700,13.53
25701,13.57
25702,14.75
25703,14.46
25704,14.16
25705,13.8
25706,14.13
25707,14.87
25708,14.58
25709,14.63
25710,14.03
25711,13.67
25712,13.86
25713,14.6
25714,14.07
25715,14.62
25716,14.4
25717,13.44
25718,14.17
25719,15.1
25720,14.12
25721,14.53
25722,13.63
25723,13.82
25724,15.1
25725,13.69
25726,14.53
25727,14.36
25728,14.15
25729,14.25
25730,14.04
25731,14.1
25732,13.8
25733,14.31
25734,15.14
25735,13.51
25736,14.67
25737,14.08
25738,15.09
25739,14.12
25740,14.03
25741,14.46
25742,13.68
25743,15.14
25744,14.7
25745,14.12
25746,14.08
25747,14.11
25748,14.02
25749,13.99
25750,13.57
25751,15.14
25752,14.69
25753,14.84
25754,14.67
25755,14.78
25756,13.82
25757,13.44
25758,13.75
25759,15.06
25760,14.47
25761,15.0
25762,14.51
25763,14.24
25764,15.14
25765,14.38
25766,15.76
25767,18.83
25768,20.26
25769,22.68
25770,23.34
25771,26.63
25772,27.77
25773,27.54
25774,27.6
25775,27.47
25776,27.4
25777,27.5
25778,27.6
25779,26.56
25780,26.36
25781,25.83
25782,23.89
25783,23.28
25784,23.24
25785,21.32
25786,21.27
25787,17.67
25788,14.41
25789,10.53
25790,7.12
25791,5.26
25792,1.76
25793,0.0
25794,0.0
25795,0.0
25796,0.0
25797,0.0
25798,0.0
25799,0.0
25800,0.0
25801,0.0
25802,0.0
25803,0.0
25804,0.0
25805,0.0
25806,0.0
25807,0.0
25808,0.0
25809,0.0
25810,0.0
25811,0.0
25812,0.0
25813,0.0
25814,0.0
25815,0.0
25816,0.0
25817,0.0
25818,0.0
25819,0.0
25820,0.0
25821,0.0
25822,0.0
25823,0.0
25824,0.0
25825,0.0
25826,0.0
25827,0.0
25828,0.0
25829,0.0
25830,0.0
25831,0.0
25832,0.0
25833,0.0
25834,0.0
25835,0.0
25836,0.0
25837,0.0
25838,0.0
25839,0.0
25840,0.0
25841,0.0
25842,0.0
25843,0.0
25844,0.0
25845,0.0
25846,0.0
25847,0.0
25848,0.0
25849,0.0
25850,0.0
25851,0.0
25852,0.0
25853,0.0
25854,0.0
25855,0.0
25856,0.0
25857,0.0
25858,0.0
25859,0.0
25860,0.0
25861,0.0
25862,0.0
25863,0.0
25864,0.0
25865,0.0
25866,0.0
25867,0.0
25868,0.0
25869,0.0
25870,0.0
25871,0.0
25872,0.0
25873,0.0
25874,0.0
25875,0.0
25876,0.0
25877,0.0
25878,0.0
25879,0.0
25880,0.0
25881,0.0
25882,0.0
25883,0.0
25884,0.0
25885,0.0
25886,0.0
25887,0.0
25888,0.0
25889,0.0
25890,0.0
25891,0.0
25892,0.0
25893,0.0
25894,0.0
25895,0.0
25896,0.0
25897,0.0
25898,0.0
25899,0.0
25900,0.0
25901,0.0
25902,0.0
25903,0.0
25904,0.0
25905,0.0
25906,0.0
25907,0.0
25908,0.0
25909,0.0
25910,0.0
25911,0.0
25912,0.0
25913,0.0
25914,0.0
25915,0.0
25916,0.0
25917,0.0
25918,0.0
25919,0.0
25920,0.0
25921,0.0
25922,0.0
25923,0.0
25924,0.0
25925,0.0
25926,0.0
25927,0.0
25928,0.0
25929,0.0
25930,0.0
25931,0.0
25932,0.0
25933,0.0
25934,0.0
25935,0.0
25936,0.0
25937,0.0
25938,0.0
25939,0.0
25940,0.0
25941,0.0
25942,0.0
25943,0.0
25944,0.0
25945,0.0
25946,1.13
25947,4.5
25948,5.84
25949,8.38
25950,9.86
25951,12.51
25952,14.29
25953,16.69
25954,17.82
25955,19.61
25956,21.84
25957,24.42
25958,25.35
25959,24.51
25960,24.52
25961,24.48
25962,24.4
25963,24.5
25964,24.54
25965,24.53
25966,22.99
25967,22.74
25968,21.01
25969,21.0
25970,19.57
25971,19.27
25972,15.23
25973,13.06
25974,8.5
25975,5.13
25976,3.56
25977,0.0
25978,0.0
25979,0.0
25980,0.0
25981,0.0
25982,0.0
25983,0.0
25984,0.0
25985,0.0
25986,0.0
25987,0.0
25988,0.0
25989,0.0
25990,0.0
25991,0.0
25992,0.0
25993,0.0
25994,0.0
25995,0.0
25996,0.0
25997,0.0
25998,0.0
25999,0.0
26000,0.0
26001,0.0
26002,0.0
26003,0.0
26004,0.0
26005,0.0
26006,0.0
26007,0.0
26008,0.0
26009,0.0
26010,0.0
26011,0.0
26012,0.0
26013,0.0
26014,0.0
26015,0.0
26016,0.0
26017,0.0
26018,0.0
26019,0.0
26020,0.0
26021,0.0
26022,0.0
26023,0.0
26024,0.0
26025,0.0
26026,0.0
26027,0.0
26028,0.0
26029,0.0
26030,0.0
26031,0.0
26032,0.0
26033,0.0
26034,0.0
26035,0.0
26036,0.0
26037,0.0
26038,0.0
26039,0.0
26040,0.0
26041,0.0
26042,1.24
26043,4.48
26044,6.79
26045,8.32
26046,9.16
26047,12.46
26048,14.6
26049,15.55
26050,17.74
26051,18.95
26052,22.34
26053,23.81
26054,25.84
26055,25.46
26056,25.45
26057,25.58
26058,25.4
26059,25.56
26060,25.59
26061,24.6
26062,23.49
26063,22.56
26064,22.46
26065,22.03
26066,21.28
26067,19.06
26068,17.53
26069,17.95
26070,17.34
26071,16.86
26072,17.48
26073,17.24
26074,17.62
26075,17.91
26076,17.83
26077,18.35
26078,17.06
26079,18.35
26080,17.62
26081,17.53
26082,17.0
26083,16.86
26084,16.99
26085,17.45
26086,17.43
26087,17.51
26088,18.16
26089,17.33
26090,17.19
26091,17.11
26092,17.74
26093,16.65
26094,17.22
26095,18.22
26096,17.35
26097,17.48
26098,17.58
26099,18.01
26100,17.71
26101,16.65
26102,18.35
26103,17.14
26104,17.31
26105,17.37
26106,17.76
26107,16.93
26108,18.09
26109,17.43
26110,17.1
26111,20.33
26112,21.31
26113,22.67
26114,25.46
26115,25.01
26116,25.4
26117,25.42
26118,25.57
26119,25.51
26120,25.56
26121,25.47
26122,24.25
26123,24.05
26124,23.44
26125,23.08
26126,21.77
26127,20.18
26128,19.48
26129,16.08
26130,13.29
26131,10.03
26132,9.71
26133,10.36
26134,10.63
26135,9.68
26136,9.64
26137,10.72
26138,9.48
26139,10.12
26140,9.96
26141,9.82
26142,9.7
26143,10.3
26144,10.22
26145,10.38
26146,10.59
26147,9.54
26148,9.51
26149,9.82
26150,10.54
26151,10.16
26152,10.32
26153,10.55
26154,10.02
26155,9.94
26156,9.64
26157,9.92
26158,10.08
26159,9.65
26160,9.66
26161,10.41
26162,9.84
26163,9.52
26164,10.27
26165,9.95
26166,9.69
26167,10.46
26168,9.25
26169,10.02
26170,10.34
26171,9.58
26172,10.45
26173,10.37
26174,9.72
26175,9.85
26176,11.84
26177,13.99
26178,15.83
26179,18.13
26180,19.59
26181,21.41
26182,22.32
26183,22.5
26184,22.6
26185,22.4
26186,22.4
26187,22.41
26188,22.41
26189,22.57
26190,20.94
26191,20.35
26192,19.79
26193,19.82
26194,18.53
26195,17.91
26196,17.18
26197,13.68
26198,11.11
26199,10.67
26200,10.42
26201,10.82
26202,11.36
26203,11.51
26204,11.27
26205,10.9
26206,11.2
26207,11.06
26208,11.26
26209,10.93
26210,11.92
26211,11.92
26212,11.27
26213,10.98
26214,11.57
26215,11.31
26216,10.67
26217,10.65
26218,11.78
26219,11.02
26220,11.01
26221,11.56
26222,10.89
26223,10.77
26224,11.86
26225,10.76
26226,11.27
26227,10.48
26228,11.92
26229,10.57
26230,11.92
26231,11.15
26232,11.92
26233,11.78
26234,10.79
26235,10.57
26236,10.22
26237,11.0
26238,10.44
26239,10.87
26240,11.81
26241,11.23
26242,10.8
26243,11.91
26244,10.86
26245,11.3
26246,10.95
26247,10.69
26248,10.77
26249,10.61
26250,10.99
26251,10.76
26252,10.84
26253,11.79
26254,10.94
26255,10.63
26256,11.39
26257,11.25
26258,10.96
26259,10.3
26260,10.47
26261,10.33
26262,10.97
26263,11.1
26264,11.15
26265,10.73
26266,13.56
26267,15.05
26268,17.28
26269,19.31
26270,21.03
26271,22.86
26272,25.73
26273,27.32
26274,29.6
26275,29.35
26276,29.54
26277,29.45
26278,29.52
26279,29.49
26280,27.91
26281,23.66
26282,18.39
26283,14.23
26284,12.1
26285,11.99
26286,12.99
26287,12.48
26288,11.83
26289,12.82
26290,12.99
26291,12.65
26292,12.1
26293,12.44
26294,12.05
26295,12.31
26296,12.11
26297,12.09
26298,11.7
26299,11.73
26300,12.03
26301,12.05
26302,11.94
26303,12.66
26304,11.72
26305,11.82
26306,12.58
26307,12.18
26308,11.65
26309,11.64
26310,12.2
26311,12.56
26312,12.05
26313,11.9
26314,11.67
26315,11.87
26316,12.44
26317,12.16
26318,14.29
26319,15.7
26320,17.83
26321,20.16
26322,22.7
26323,24.58
26324,26.85
26325,27.89
26326,28.46
26327,28.53
26328,28.48
26329,28.51
26330,28.5
26331,28.49
26332,28.6
26333,27.86
26334,27.17
26335,25.23
26336,24.44
26337,23.57
26338,24.32
26339,22.84
26340,21.82
26341,18.36
26342,15.5
26343,13.4
26344,13.66
26345,13.62
26346,14.06
26347,13.83
26348,13.84
26349,13.61
26350,13.29
26351,13.28
26352,13.75
26353,13.68
26354,13.08
26355,12.37
26356,13.01
26357,13.71
26358,13.31
26359,13.39
26360,13.37
26361,12.78
26362,12.82
26363,13.12
26364,13.17
26365,13.59
26366,13.13
26367,12.7
26368,13.66
26369,13.0
26370,12.36
26371,14.06
26372,12.49
26373,12.98
26374,13.59
26375,12.95
26376,14.06
26377,13.12
26378,13.26
26379,13.6
26380,13.4
26381,12.99
26382,12.86
26383,13.06
26384,13.4
26385,13.74
26386,12.79
26387,12.36
26388,13.05
26389,13.76
26390,13.81
26391,12.87
26392,13.66
26393,12.64
26394,13.24
26395,12.8
26396,14.04
26397,13.89
26398,12.57
26399,12.79
26400,12.93
26401,15.23
26402,16.71
26403,18.73
26404,21.54
26405,23.21
26406,25.7
26407,27.46
26408,27.22
26409,27.41
26410,27.47
26411,27.46
26412,27.49
26413,27.55
26414,27.4
26415,26.14
26416,25.87
26417,24.13
26418,24.17
26419,22.81
26420,22.57
26421,21.63
26422,21.78
26423,17.56
26424,14.07
26425,14.09
26426,14.51
26427,14.96
26428,13.81
26429,14.25
26430,14.81
26431,14.7
26432,14.51
26433,14.48
26434,15.14
26435,14.71
26436,14.64
26437,13.87
26438,13.96
26439,14.39
26440,13.72
26441,13.99
26442,14.62
26443,14.04
26444,13.44
26445,14.23
26446,14.43
26447,14.59
26448,14.9
26449,14.25
26450,13.97
26451,14.83
26452,13.47
26453,13.95
26454,14.03
26455,14.64
26456,13.48
26457,14.77
26458,14.32
26459,14.2
26460,14.93
26461,14.45
26462,14.73
26463,14.08
26464,14.38
26465,14.43
26466,16.6
26467,18.37
26468,19.79
26469,22.55
26470,23.58
26471,26.43
26472,28.55
26473,30.13
26474,32.26
26475,33.8
26476,35.05
26477,36.82
26478,37.21
26479,37.56
26480,37.53
26481,37.44
26482,37.4
26483,37.5
26484,37.48
26485,37.45
26486,37.5
26487,37.43
26488,37.48
26489,37.55
26490,37.44
26491,37.47
26492,37.56
26493,37.54
26494,37.53
26495,37.44
26496,36.25
26497,35.33
26498,34.59
26499,33.85
26500,31.92
26501,32.35
26502,30.32
26503,30.19
26504,29.76
26505,25.89
26506,23.11
26507,19.97
26508,16.2
26509,15.73
26510,14.51
26511,14.89
26512,15.97
26513,15.29
26514,16.49
26515,20.17
26516,22.15
26517,23.29
26518,22.4
26519,22.48
26520,22.6
26521,22.43
26522,22.51
26523,22.46
26524,22.46
26525,21.93
26526,20.5
26527,20.54
26528,19.71
26529,18.88
26530,18.16
26531,17.87
26532,15.94
26533,16.53
26534,15.92
26535,16.64
26536,16.9
26537,17.03
26538,16.76
26539,16.92
26540,17.17
26541,16.74
26542,15.73
26543,16.25
26544,15.88
26545,16.78
26546,16.15
26547,17.02
26548,16.19
26549,16.91
26550,16.24
26551,16.49
26552,15.97
26553,17.08
26554,16.67
26555,16.99
26556,16.22
26557,16.53
26558,16.04
26559,16.0
26560,16.47
26561,15.83
26562,16.46
26563,16.53
26564,16.35
26565,16.9
26566,16.49
26567,17.28
26568,15.87
26569,16.07
26570,16.4
26571,16.28
26572,15.88
26573,16.04
26574,16.9
26575,17.01
26576,18.86
26577,21.24
26578,21.52
26579,22.15
26580,22.58
26581,22.56
26582,22.59
26583,22.6
26584,22.4
26585,22.54
26586,22.4
26587,22.17
26588,21.2
26589,20.47
26590,19.03
26591,18.87
26592,17.72
26593,18.02
26594,17.86
26595,16.9
26596,17.39
26597,17.32
26598,17.46
26599,16.65
26600,17.75
26601,16.65
26602,18.01
26603,17.86
26604,17.05
26605,16.95
26606,16.94
26607,18.34
26608,17.26
26609,16.98
26610,17.92
26611,18.35
26612,17.51
26613,17.44
26614,17.76
26615,18.35
26616,17.28
26617,17.42
26618,17.7
26619,17.95
26620,17.38
26621,17.98
26622,17.21
26623,17.9
26624,17.47
26625,17.64
26626,17.46
26627,17.6
26628,17.65
26629,17.91
26630,17.48
26631,17.55
26632,18.04
26633,17.83
26634,17.03
26635,18.35
26636,17.7
26637,17.28
26638,17.2
26639,17.87
26640,17.66
26641,17.74
26642,17.77
26643,16.65
26644,17.47
26645,17.4
26646,17.89
26647,17.75
26648,16.9
26649,17.95
26650,19.65
26651,20.61
26652,23.78
26653,25.23
26654,25.09
26655,25.43
26656,25.4
26657,25.54
26658,25.49
26659,25.42
26660,25.49
26661,25.28
26662,23.82
26663,22.58
26664,22.37
26665,22.09
26666,20.57
26667,19.33
26668,16.57
26669,13.04
26670,10.72
26671,10.32
26672,9.66
26673,9.15
26674,9.89
26675,10.59
26676,9.37
26677,9.65
26678,10.44
26679,9.77
26680,10.17
26681,10.66
26682,9.66
26683,9.58
26684,9.8
26685,10.39
26686,9.55
26687,9.47
26688,10.85
26689,9.15
26690,9.76
26691,10.3
26692,9.71
26693,10.3
26694,10.19
26695,10.25
26696,10.85
26697,10.19
26698,9.55
26699,10.41
26700,9.44
26701,9.25
26702,9.21
26703,9.67
26704,10.52
26705,10.24
26706,9.61
26707,10.0
26708,10.27
26709,10.24
26710,9.26
26711,9.9
26712,9.36
26713,10.58
26714,12.43
26715,14.26
26716,15.6
26717,18.62
26718,19.33
26719,22.6
26720,24.0
26721,24.29
26722,24.5
26723,24.53
26724,24.46
26725,24.49
26726,24.51
26727,24.47
26728,23.33
26729,23.49
26730,21.84
26731,20.41
26732,21.25
26733,20.19
26734,19.23
26735,15.47
26736,12.57
26737,10.96
26738,10.52
26739,10.71
26740,10.61
26741,11.42
26742,11.27
26743,10.78
26744,11.17
26745,10.32
26746,11.72
26747,10.76
26748,11.14
26749,10.72
26750,10.84
26751,11.05
26752,10.98
26753,10.73
26754,11.57
26755,10.6
26756,10.22
26757,10.22
26758,11.27
26759,11.37
26760,10.95
26761,11.3
26762,10.73
26763,10.96
26764,11.1
26765,10.22
26766,10.46
26767,12.54
26768,15.53
26769,16.65
26770,18.69
26771,20.84
26772,23.06
26773,24.23
26774,25.16
26775,25.57
26776,25.46
26777,25.49
26778,25.45
26779,25.49
26780,25.53
26781,24.37
26782,23.37
26783,23.14
26784,21.4
26785,21.92
26786,20.6
26787,20.01
26788,16.9
26789,13.46
26790,11.98
26791,12.27
26792,12.11
26793,11.9
26794,11.29
26795,12.63
26796,12.36
26797,11.75
26798,11.44
26799,11.76
26800,12.63
26801,11.29
26802,11.92
26803,11.29
26804,12.35
26805,11.9
26806,12.82
26807,11.74
26808,11.79
26809,11.91
26810,11.69
26811,12.15
26812,12.0
26813,12.2
26814,12.14
26815,12.22
26816,12.07
26817,11.75
26818,12.47
26819,12.28
26820,11.94
26821,11.88
26822,11.8
26823,11.96
26824,12.82
26825,12.48
26826,12.16
26827,12.28
26828,11.95
26829,12.18
26830,12.05
26831,12.48
26832,12.58
26833,12.54
26834,12.26
26835,11.29
26836,11.82
26837,11.96
26838,12.15
26839,12.21
26840,12.52
26841,12.44
26842,12.57
26843,12.69
26844,11.45
26845,12.99
26846,12.35
26847,12.48
26848,12.99
26849,12.48
26850,11.88
26851,12.37
26852,12.48
26853,11.67
26854,12.38
26855,12.52
26856,12.22
26857,13.85
26858,16.26
26859,18.36
26860,20.47
26861,22.53
26862,24.18
26863,23.58
26864,23.45
26865,23.49
26866,23.58
26867,23.58
26868,23.47
26869,23.49
26870,23.57
26871,23.49
26872,22.57
26873,21.87
26874,21.39
26875,19.45
26876,19.59
26877,18.84
26878,17.85
26879,14.54
26880,13.34
26881,13.21
26882,12.85
26883,13.15
26884,13.4
26885,13.29
26886,13.09
26887,13.29
26888,13.19
26889,13.53
26890,13.27
26891,12.36
26892,12.63
26893,14.06
26894,12.66
26895,12.76
26896,13.27
26897,13.13
26898,13.23
26899,13.25
26900,13.2
26901,13.0
26902,13.27
26903,13.01
26904,13.57
26905,13.37
26906,14.06
26907,12.86
26908,12.62
26909,13.69
26910,12.82
26911,13.21
26912,12.98
26913,12.99
26914,13.05
26915,13.57
26916,12.59
26917,12.99
26918,13.55
26919,12.45
26920,12.36
26921,12.36
26922,13.89
26923,13.0
26924,13.04
26925,13.06
26926,12.62
26927,13.8
26928,12.87
26929,13.69
26930,14.06
26931,12.83
26932,14.9
26933,17.33
26934,19.12
26935,21.55
26936,23.31
26937,24.45
26938,27.27
26939,28.2
26940,30.81
26941,33.0
26942,34.95
26943,36.39
26944,37.1
26945,37.94
26946,38.6
26947,38.58
26948,37.98
26949,36.11
26950,34.9
26951,35.05
26952,34.17
26953,33.29
26954,31.79
26955,31.4
26956,30.94
26957,29.1
26958,25.83
26959,22.93
26960,19.2
26961,15.91
26962,13.49
26963,13.44
26964,14.88
26965,14.54
26966,14.97
26967,14.39
26968,13.7
26969,13.82
26970,14.08
26971,15.01
26972,14.65
26973,14.38
26974,14.79
26975,14.15
26976,14.1
26977,14.19
26978,14.45
26979,14.83
26980,14.59
26981,14.61
26982,13.91
26983,14.47
26984,13.95
26985,14.27
26986,14.27
26987,14.37
26988,14.69
26989,13.67
26990,14.51
26991,16.43
26992,18.35
26993,19.9
26994,21.96
26995,24.12
26996,26.25
26997,27.49
26998,29.93
26999,32.14
27000,34.14
27001,35.76
27002,37.59
27003,38.46
27004,38.56
27005,38.46
27006,37.4
27007,35.86
27008,36.12
27009,35.23
27010,33.24
27011,33.06
27012,31.94
27013,30.63
27014,30.13
27015,28.59
27016,25.61
27017,23.24
27018,18.99
27019,16.09
27020,14.79
27021,15.3
27022,16.17
27023,16.06
27024,15.69
27025,15.33
27026,14.75
27027,16.21
27028,15.04
27029,15.96
27030,15.84
27031,15.04
27032,15.17
27033,15.67
27034,16.21
27035,15.58
27036,14.9
27037,15.55
27038,15.84
27039,15.24
27040,15.0
27041,16.21
27042,15.71
27043,15.73
27044,16.21
27045,14.85
27046,15.34
27047,15.64
27048,16.21
27049,15.88
27050,15.43
27051,15.19
27052,14.87
27053,15.66
27054,14.51
27055,17.31
27056,18.69
27057,21.88
27058,21.65
27059,22.46
27060,22.58
27061,22.52
27062,22.53
27063,22.51
27064,22.48
27065,22.6
27066,22.12
27067,21.29
27068,20.32
27069,19.79
27070,18.81
27071,18.31
27072,16.86
27073,13.51
27074,10.84
27075,7.05
27076,4.24
27077,0.56
27078,0.0
27079,0.0
27080,0.0
27081,0.0
27082,0.0
27083,0.0
27084,0.0
27085,0.0
27086,0.0
27087,0.0
27088,0.0
27089,0.0
27090,0.0
27091,0.0
27092,0.0
27093,0.0
27094,0.0
27095,0.0
27096,0.0
27097,0.0
27098,2.07
27099,3.11
27100,6.65
27101,8.12
27102,9.05
27103,11.98
27104,13.62
27105,16.45
27106,17.02
27107,19.04
27108,21.36
27109,24.61
27110,25.28
27111,27.42
27112,29.85
27113,31.79
27114,31.47
27115,31.46
27116,31.55
27117,31.6
27118,31.4
27119,31.45
27120,31.55
27121,31.47
27122,31.54
27123,31.55
27124,31.43
27125,30.98
27126,29.28
27127,28.72
27128,28.68
27129,26.68
27130,26.82
27131,24.71
27132,24.95
27133,23.47
27134,20.67
27135,17.76
27136,17.79
27137,17.11
27138,17.42
27139,18.16
27140,17.26
27141,17.81
27142,16.94
27143,17.89
27144,17.3
27145,17.05
27146,17.98
27147,18.35
27148,17.3
27149,17.38
27150,18.05
27151,17.99
27152,18.24
27153,18.35
27154,17.71
27155,16.65
27156,17.9
27157,17.94
27158,18.35
27159,17.91
27160,17.22
27161,17.13
27162,17.47
27163,18.01
27164,17.66
27165,17.24
27166,17.55
27167,17.77
27168,17.84
27169,17.62
27170,17.86
27171,18.26
27172,17.04
27173,18.91
27174,21.3
27175,23.78
27176,25.02
27177,26.51
27178,26.52
27179,26.6
27180,26.49
27181,26.53
27182,26.44
27183,23.98
27184,23.99
27185,23.55
27186,22.3
27187,21.98
27188,21.0
27189,19.15
27190,17.15
27191,13.54
27192,10.78
27193,9.49
27194,9.53
27195,9.73
27196,9.62
27197,9.89
27198,10.32
27199,9.5
27200,10.75
27201,10.17
27202,10.69
27203,10.29
27204,9.57
27205,9.4
27206,9.84
27207,9.78
27208,9.92
27209,10.41
27210,9.86
27211,10.81
27212,9.88
27213,10.24
27214,9.75
27215,9.31
27216,9.79
27217,9.22
27218,9.92
27219,10.39
27220,9.68
27221,9.98
27222,9.93
27223,10.72
27224,9.72
27225,10.03
27226,10.57
27227,9.51
27228,9.82
27229,9.71
27230,10.85
27231,10.42
27232,10.19
27233,11.65
27234,13.91
27235,15.44
27236,17.43
27237,20.3
27238,21.52
27239,23.69
27240,23.96
27241,24.49
27242,24.44
27243,24.52
27244,24.57
27245,24.4
27246,24.57
27247,24.46
27248,23.14
27249,21.59
27250,20.42
27251,19.77
27252,20.4
27253,19.21
27254,15.16
27255,11.58
27256,11.27
27257,10.89
27258,10.67
27259,11.17
27260,10.72
27261,11.74
27262,11.28
27263,10.89
27264,11.62
27265,10.93
27266,11.41
27267,11.15
27268,10.71
27269,11.1
27270,11.15
27271,11.92
27272,10.85
27273,10.22
27274,10.35
27275,10.46
27276,10.9
27277,11.46
27278,11.11
27279,11.12
27280,11.01
27281,10.4
27282,11.09
27283,10.74
27284,10.28
27285,11.32
27286,11.87
27287,10.73
27288,10.22
27289,11.56
27290,11.5
27291,11.73
27292,10.67
27293,10.68
27294,11.05
27295,10.34
27296,10.22
27297,11.34
27298,11.28
27299,11.31
27300,11.38
27301,11.29
27302,10.89
27303,13.34
27304,15.18
27305,16.91
27306,19.44
27307,20.4
27308,23.53
27309,24.25
27310,24.4
27311,24.43
27312,24.49
27313,24.54
27314,24.58
27315,24.51
27316,23.58
27317,22.73
27318,22.28
27319,21.92
27320,20.21
27321,19.5
27322,18.89
27323,16.42
27324,12.72
27325,11.58
27326,11.98
27327,11.88
27328,12.31
27329,12.57
27330,11.29
27331,12.38
27332,11.79
27333,12.39
27334,11.78
27335,12.4
27336,11.44
27337,12.01
27338,11.96
27339,11.31
27340,12.02
27341,12.25
27342,12.38
27343,12.28
27344,12.03
27345,12.06
27346,12.07
27347,12.84
27348,12.12
27349,11.9
27350,12.27
27351,12.99
27352,11.6
27353,12.17
27354,12.27
27355,12.43
27356,12.45
27357,11.41
27358,12.37
27359,12.22
27360,12.35
27361,12.05
27362,11.29
27363,12.39
27364,11.93
27365,12.37
27366,11.37
27367,11.83
27368,11.7
27369,12.1
27370,11.77
27371,12.19
27372,11.9
27373,11.29
27374,11.69
27375,12.94
27376,11.8
27377,12.99
27378,12.99
27379,12.28
27380,12.21
27381,12.53
27382,12.64
27383,11.82
27384,11.84
27385,11.9
27386,12.58
27387,11.78
27388,14.26
27389,16.89
27390,17.86
27391,19.27
27392,21.82
27393,23.98
27394,26.09
27395,27.71
27396,29.39
27397,29.65
27398,30.56
27399,30.56
27400,30.54
27401,30.57
27402,30.49
27403,30.55
27404,29.25
27405,28.51
27406,27.73
27407,26.57
27408,25.8
27409,25.49
27410,24.43
27411,23.32
27412,20.77
27413,18.01
27414,13.79
27415,13.27
27416,13.1
27417,13.69
27418,14.06
27419,13.36
27420,13.36
27421,12.54
27422,13.52
27423,13.39
27424,13.11
27425,13.41
27426,13.23
27427,13.14
27428,13.95
27429,12.86
27430,14.06
27431,14.06
27432,13.41
27433,13.2
27434,13.17
27435,12.91
27436,13.15
27437,12.47
27438,12.92
27439,13.24
27440,14.05
27441,14.06
27442,13.43
27443,12.61
27444,13.02
27445,13.82
27446,12.36
27447,12.36
27448,12.47
27449,13.52
27450,13.88
27451,13.54
27452,12.54
27453,13.62
27454,13.16
27455,13.45
27456,12.88
27457,13.49
27458,13.23
27459,12.8
27460,12.72
27461,12.83
27462,12.87
27463,13.69
27464,14.06
27465,12.45
27466,13.7
27467,12.95
27468,13.22
27469,13.51
27470,13.54
27471,13.13
27472,15.61
27473,17.31
27474,19.03
27475,21.46
27476,22.26
27477,24.98
27478,26.61
27479,29.64
27480,30.28
27481,32.59
27482,34.74
27483,34.46
27484,34.41
27485,34.47
27486,34.4
27487,34.6
27488,34.46
27489,34.57
27490,34.42
27491,34.44
27492,34.5
27493,34.4
27494,34.49
27495,34.4
27496,34.41
27497,34.57
27498,34.5
27499,34.52
27500,34.53
27501,34.6
27502,34.48
27503,34.53
27504,34.47
27505,34.45
27506,34.46
27507,34.47
27508,34.5
27509,34.48
27510,34.47
27511,34.48
27512,34.43
27513,34.47
27514,34.48
27515,34.51
27516,34.4
27517,34.31
27518,32.44
27519,31.38
27520,30.75
27521,30.13
27522,28.72
27523,28.18
27524,26.95
27525,27.25
27526,22.9
27527,19.83
27528,16.37
27529,14.69
27530,14.21
27531,13.79
27532,14.2
27533,14.36
27534,13.44
27535,14.53
27536,14.82
27537,14.13
27538,14.59
27539,14.63
27540,14.92
27541,14.05
27542,14.65
27543,14.69
27544,14.94
27545,13.8
27546,13.57
27547,15.11
27548,14.78
27549,14.08
27550,14.08
27551,14.39
27552,13.79
27553,14.55
27554,13.81
27555,14.02
27556,13.89
27557,14.49
27558,14.25
27559,14.71
27560,14.25
27561,14.77
27562,14.4
27563,16.51
27564,18.08
27565,20.25
27566,22.03
27567,24.58
27568,25.01
27569,24.59
27570,24.5
27571,24.56
27572,24.48
27573,24.54
27574,24.4
27575,22.92
27576,22.74
27577,22.11
27578,21.02
27579,19.95
27580,19.67
27581,18.79
27582,14.82
27583,15.87
27584,15.4
27585,15.4
27586,14.51
27587,15.45
27588,15.51
27589,14.8
27590,14.92
27591,15.7
27592,16.72
27593,20.17
27594,21.14
27595,23.26
27596,24.42
27597,25.7
27598,25.47
27599,25.45
27600,25.4
27601,25.52
27602,25.51
27603,25.48
27604,24.54
27605,23.94
27606,23.22
27607,22.09
27608,21.77
27609,20.96
27610,20.04
27611,16.62
27612,15.58
27613,16.08
27614,16.13
27615,15.58
27616,17.06
27617,16.33
27618,16.87
27619,16.19
27620,17.28
27621,16.14
27622,15.84
27623,16.73
27624,17.28
27625,16.18
27626,16.9
27627,16.37
27628,16.42
27629,16.05
27630,16.58
27631,16.45
27632,17.75
27633,20.72
27634,22.74
27635,24.11
27636,27.01
27637,29.16
27638,30.21
27639,31.44
27640,31.49
27641,31.55
27642,31.46
27643,31.47
27644,31.54
27645,31.44
27646,31.55
27647,31.53
27648,31.56
27649,31.55
27650,31.5
27651,30.5
27652,29.31
27653,29.7
27654,28.03
27655,27.64
27656,25.82
27657,25.47
27658,24.5
27659,24.23
27660,20.95
27661,17.6
27662,17.38
27663,17.45
27664,17.71
27665,17.46
27666,18.11
27667,17.18
27668,17.39
27669,17.63
27670,17.72
27671,17.01
27672,17.16
27673,17.55
27674,17.54
27675,17.52
27676,17.11
27677,17.05
27678,16.66
27679,17.0
27680,17.73
27681,17.19
27682,18.1
27683,16.87
27684,16.99
27685,17.6
27686,16.65
27687,17.2
27688,17.06
27689,17.32
27690,17.9
27691,17.44
27692,16.65
27693,17.63
27694,18.96
27695,21.94
27696,23.07
27697,24.64
27698,24.59
27699,24.47
27700,24.52
27701,24.58
27702,24.43
27703,24.55
27704,23.97
27705,18.88
27706,14.28
27707,10.05
27708,10.83
27709,10.25
27710,9.36
27711,10.53
27712,9.74
27713,10.2
27714,10.29
27715,10.37
27716,9.15
27717,10.12
27718,10.34
27719,9.61
27720,10.1
27721,10.19
27722,9.76
27723,10.49
27724,10.04
27725,10.08
27726,10.5
27727,10.27
27728,9.15
27729,9.67
27730,9.91
27731,10.18
27732,12.06
27733,14.08
27734,15.25
27735,18.16
27736,20.14
27737,21.87
27738,22.86
27739,22.45
27740,22.49
27741,22.5
27742,22.47
27743,22.59
27744,22.52
27745,22.43
27746,22.03
27747,20.58
27748,19.94
27749,19.59
27750,18.41
27751,18.18
27752,17.05
27753,13.23
27754,11.65
27755,10.88
27756,11.71
27757,12.39
27758,14.84
27759,16.37
27760,18.82
27761,20.74
27762,23.6
27763,25.37
27764,26.66
27765,28.7
27766,28.52
27767,28.48
27768,28.51
27769,28.44
27770,28.48
27771,28.46
27772,27.55
27773,26.42
27774,25.1
27775,24.73
27776,25.01
27777,23.86
27778,22.71
27779,22.71
27780,17.77
27781,14.53
27782,12.16
27783,12.99
27784,11.29
27785,12.58
27786,12.02
27787,11.94
27788,12.24
27789,12.27
27790,12.6
27791,11.81
27792,11.34
27793,12.73
27794,11.89
27795,12.95
27796,11.89
27797,11.93
27798,12.27
27799,12.99
27800,12.22
27801,12.99
27802,12.99
27803,11.71
27804,12.99
27805,11.69
27806,11.29
27807,11.48
27808,12.43
27809,11.38
27810,12.04
27811,12.99
27812,12.09
27813,12.46
27814,12.16
27815,11.99
27816,12.69
27817,12.42
27818,12.3
27819,12.52
27820,12.36
27821,11.7
27822,11.94
27823,12.63
27824,12.41
27825,14.59
27826,15.86
27827,17.81
27828,20.03
27829,22.46
27830,23.48
27831,23.47
27832,23.57
27833,23.57
27834,23.4
27835,23.55
27836,23.49
27837,23.53
27838,23.57
27839,23.55
27840,22.43
27841,21.65
27842,21.22
27843,20.46
27844,19.35
27845,18.17
27846,18.45
27847,14.88
27848,13.38
27849,12.7
27850,14.0
27851,12.76
27852,13.35
27853,13.3
27854,13.21
27855,13.79
27856,13.71
27857,13.13
27858,12.37
27859,13.05
27860,12.66
27861,13.09
27862,13.56
27863,12.99
27864,13.71
27865,13.32
27866,12.5
27867,13.63
27868,14.06
27869,13.39
27870,13.38
27871,13.13
27872,12.55
27873,13.58
27874,13.6
27875,13.13
27876,13.76
27877,13.36
27878,13.46
27879,12.97
27880,13.15
27881,13.5
27882,13.53
27883,13.87
27884,13.48
27885,12.36
27886,14.34
27887,17.08
27888,19.37
27889,20.78
27890,22.86
27891,25.34
27892,27.45
27893,28.4
27894,28.59
27895,28.58
27896,28.46
27897,28.53
27898,28.52
27899,28.52
27900,27.19
27901,26.15
27902,25.96
27903,24.97
27904,24.54
27905,23.24
27906,21.87
27907,22.26
27908,18.74
27909,14.93
27910,13.97
27911,14.25
27912,14.84
27913,15.14
27914,13.44
27915,14.73
27916,15.14
27917,14.39
27918,14.86
27919,14.64
27920,14.18
27921,13.95
27922,14.68
27923,14.55
27924,14.32
27925,14.18
27926,14.58
27927,13.98
27928,14.34
27929,13.7
27930,14.08
27931,13.95
27932,13.74
27933,15.08
27934,13.81
27935,14.63
27936,14.57
27937,14.77
27938,14.05
27939,14.17
27940,14.9
27941,14.07
27942,14.95
27943,14.46
27944,14.4
27945,14.43
27946,14.44
27947,14.06
27948,14.34
27949,14.09
27950,14.22
27951,14.19
27952,14.09
27953,14.71
27954,14.57
27955,13.84
27956,14.08
27957,13.56
27958,14.45
27959,13.69
27960,13.58
27961,15.14
27962,13.96
27963,13.81
27964,14.34
27965,14.98
27966,15.95
27967,18.57
27968,20.3
27969,22.48
27970,24.2
27971,26.88
27972,27.46
27973,28.73
27974,29.5
27975,29.57
27976,29.47
27977,29.43
27978,28.86
27979,28.33
27980,27.21
27981,25.92
27982,25.78
27983,23.82
27984,23.87
27985,21.93
27986,19.44
27987,16.15
27988,15.39
27989,15.55
27990,14.69
27991,14.91
27992,15.63
27993,15.42
27994,15.38
27995,15.29
27996,15.17
27997,15.59
27998,14.68
27999,15.18
28000,15.33
28001,15.42
28002,14.94
28003,15.27
28004,15.11
28005,15.07
28006,15.19
28007,15.79
28008,14.87
28009,16.07
28010,15.25
28011,14.91
28012,16.11
28013,14.55
28014,15.28
28015,15.11
28016,14.84
28017,14.51
28018,14.94
28019,15.81
28020,16.13
28021,15.86
28022,14.93
28023,14.7
28024,15.04
28025,15.1
28026,15.73
28027,15.39
28028,14.85
28029,15.09
28030,15.59
28031,14.51
28032,15.19
28033,14.84
28034,14.86
28035,15.19
28036,15.48
28037,15.92
28038,15.57
28039,15.49
28040,15.73
28041,14.91
28042,17.51
28043,19.64
28044,21.86
28045,22.25
28046,22.58
28047,22.52
28048,22.57
28049,22.5
28050,22.48
28051,22.53
28052,22.5
28053,21.31
28054,21.61
28055,20.18
28056,19.67
28057,18.11
28058,17.98
28059,17.33
28060,16.58
28061,16.23
28062,16.16
28063,15.83
28064,15.62
28065,16.96
28066,16.8
28067,16.47
28068,16.54
28069,17.28
28070,15.68
28071,16.18
28072,15.63
28073,15.98
28074,15.86
28075,16.98
28076,18.71
28077,19.98
28078,23.21
28079,23.16
28080,22.51
28081,22.49
28082,22.48
28083,22.49
28084,22.46
28085,22.46
28086,22.48
28087,21.79
28088,20.93
28089,20.77
28090,19.88
28091,17.71
28092,17.97
28093,18.35
28094,17.48
28095,16.91
28096,18.33
28097,16.65
28098,17.7
28099,17.98
28100,17.81
28101,18.16
28102,17.63
28103,17.54
28104,17.87
28105,17.83
28106,16.75
28107,16.96
28108,17.37
28109,18.2
28110,17.44
28111,17.57
28112,17.72
28113,17.71
28114,17.62
28115,18.03
28116,17.0
28117,17.65
28118,17.15
28119,16.68
28120,17.12
28121,17.26
28122,17.09
28123,16.73
28124,18.21
28125,18.08
28126,17.18
28127,16.94
28128,17.53
28129,16.93
28130,17.55
28131,17.92
28132,17.33
28133,17.48
28134,18.06
28135,18.11
28136,17.67
28137,17.28
28138,18.06
28139,17.08
28140,17.56
28141,18.08
28142,17.64
28143,18.16
28144,16.65
28145,17.46
28146,18.06
28147,17.67
28148,18.12
28149,17.98
28150,18.35
28151,17.13
28152,18.05
28153,17.3
28154,17.76
28155,16.97
28156,17.51
28157,19.68
28158,21.79
28159,23.63
28160,24.57
28161,26.86
28162,26.49
28163,26.56
28164,26.52
28165,26.5
28166,25.89
28167,24.75
28168,24.49
28169,22.34
28170,21.53
28171,21.18
28172,20.63
28173,20.23
28174,17.61
28175,13.78
28176,10.13
28177,9.84
28178,10.28
28179,9.15
28180,9.94
28181,10.47
28182,10.25
28183,9.32
28184,10.74
28185,9.45
28186,9.42
28187,9.99
28188,10.85
28189,9.59
28190,9.56
28191,10.5
28192,10.32
28193,10.02
28194,9.2
28195,9.87
28196,9.21
28197,10.1
28198,10.53
28199,9.39
28200,10.43
28201,10.05
28202,9.15
28203,10.53
28204,9.79
28205,9.5
28206,9.78
28207,10.24
28208,9.57
28209,10.04
28210,9.67
28211,9.81
28212,10.39
28213,10.08
28214,9.76
28215,10.32
28216,10.41
28217,10.54
28218,9.47
28219,9.74
28220,10.39
28221,9.44
28222,10.28
28223,9.86
28224,10.58
28225,10.27
28226,12.45
28227,13.93
28228,16.21
28229,17.25
28230,19.72
28231,21.83
28232,23.65
28233,24.65
28234,25.55
28235,25.47
28236,25.57
28237,25.54
28238,25.43
28239,25.43
28240,24.47
28241,23.71
28242,22.53
28243,21.87
28244,21.45
28245,20.84
28246,19.7
28247,16.54
28248,13.36
28249,10.92
28250,10.85
28251,10.99
28252,10.64
28253,11.56
28254,10.89
28255,11.02
28256,11.07
28257,11.1
28258,11.09
28259,11.3
28260,11.84
28261,10.83
28262,11.51
28263,11.54
28264,10.69
28265,11.42
28266,11.18
28267,10.53
28268,10.93
28269,10.22
28270,11.11
28271,11.07
28272,10.91
28273,10.39
28274,10.74
28275,11.08
28276,10.95
28277,11.24
28278,10.22
28279,11.53
28280,10.84
28281,12.56
28282,15.88
28283,16.31
28284,19.55
28285,21.32
28286,23.19
28287,24.08
28288,26.94
28289,28.57
28290,30.02
28291,33.07
28292,34.89
28293,34.65
28294,35.54
28295,35.55
28296,35.4
28297,35.56
28298,35.56
28299,35.53
28300,35.45
28301,35.57
28302,35.4
28303,35.5
28304,35.57
28305,35.5
28306,35.41
28307,35.48
28308,35.53
28309,35.51
28310,35.53
28311,35.44
28312,35.55
28313,35.4
28314,35.46
28315,35.45
28316,35.46
28317,35.45
28318,35.53
28319,35.43
28320,35.49
28321,35.49
28322,35.55
28323,35.47
28324,35.49
28325,35.41
28326,35.42
28327,35.57
28328,35.55
28329,35.57
28330,35.4
28331,35.5
28332,35.6
28333,35.47
28334,35.5
28335,35.53
28336,35.51
28337,35.5
28338,35.48
28339,35.41
28340,35.51
28341,35.56
28342,35.51
28343,35.45
28344,35.4
28345,34.99
28346,33.51
28347,31.85
28348,31.02
28349,30.72
28350,30.44
28351,29.99
28352,28.13
28353,27.35
28354,24.51
28355,20.85
28356,16.84
28357,13.97
28358,11.57
28359,11.47
28360,12.52
28361,12.61
28362,11.29
28363,12.01
28364,0.0
28365,0.0
28366,0.0
28367,0.0
